2026-03-30 13:44:23 | INFO     | __main__ | Starting pipeline
2026-03-30 13:44:23 | INFO     | src.dataloader | Loading data from ../Sepsis-data/data/raw_data_phase2_v2
2026-03-30 13:44:23 | INFO     | src.dataloader | Data loaded. Shapes: lab_res=(1348752, 8), flowsheets=(6643434, 8), med_admin=(269121, 8), procedures=(125403, 8), baseline=(3979, 31), diagnosis=(441520, 8)
2026-03-30 13:44:23 | INFO     | src.dataloader | --------------------------------------------------------------------------------
2026-03-30 13:44:24 | INFO     | src.dataloader | Data type casting completed.
2026-03-30 13:44:25 | INFO     | src.dataloader | Concatenated all data into a single DataFrame with shape (8828230, 39) and columns ['EncounterEpicCsn', 'Event_DateTime', 'Type', 'Event_Grouper', 'Event_Name', 'NumericValue', 'Value', 'Flag', 'PrimaryMrn', 'EncounterEpicCsn_right', 'AdmissionDateValue', 'DischargeDateValue', 'Arrival_Instant', 'InpatientAdmissionInstant', 'Admitted_from_ED', 'PatientClass', 'InpatientAdmissionPatientClass', 'HospitalService', 'AdmittingDepartment', 'DischargeDepartment', 'AdmissionType', 'AdmissionSource', 'AdmissionOrigin', 'PrincipalProblem', 'PrimaryCodedDiagnosis', 'PrimaryCodedProcedureKey', 'Death_Flag', 'Original_POA_Condition', 'Sepsis_Category', 'Baseline_SBP', 'Baseline_RespiratoryRate', 'Baseline_PulseRate', 'Baseline_Creatinine', 'Baseline_Platelets', 'Baseline_Bilirubin', 'Baseline_eGFR', 'Baseline_WBC', 'Suspected_Infection_Time', 'Suspected_Infection_Criteria_Met']
2026-03-30 13:44:27 | INFO     | src.dataloader | Dropped duplicate rows. Before: 8828230, After: 8806877, Dropped: 21353
2026-03-30 13:44:27 | INFO     | src.dataloader | Filtering out rows with null EncounterEpicCsn or Event_DateTime
2026-03-30 13:44:27 | INFO     | src.dataloader | After filtering, df_all has shape (8806877, 39)
2026-03-30 13:44:27 | INFO     | __main__ | Initial data loaded. Saving dataframe to ../Sepsis-data/data/output/raw_data_phase2_v2/df_all.parquet
2026-03-30 13:44:28 | INFO     | __main__ | =================================================================================
2026-03-30 13:44:28 | INFO     | src.events.infectiondetection | Detecting infection with antibiotic and culture criteria
2026-03-30 13:44:28 | INFO     | src.events.infectiondetection | Detected 3929 infections with antibiotic and culture criteria
2026-03-30 13:44:28 | INFO     | src.events.infectiondetection | Detecting infection with lactate and culture criteria
2026-03-30 13:44:29 | INFO     | src.events.infectiondetection | Detected 3309 infections with lactate and culture criteria
2026-03-30 13:44:29 | INFO     | src.events.infectiondetection | Detecting infection with code sepsis order criteria
2026-03-30 13:44:29 | INFO     | src.events.infectiondetection | Detected 1677 infections with code sepsis order criteria
2026-03-30 13:44:29 | INFO     | src.events.infectiondetection | Detecting infection with suspected infection criteria
2026-03-30 13:44:29 | INFO     | src.events.infectiondetection | Detected 901 infections with suspected infection criteria
2026-03-30 13:44:29 | INFO     | src.events.infectiondetection | --------------------------------------------------------------------------------
2026-03-30 13:44:29 | INFO     | src.events.infectiondetection | Combining infection detection results from all criteria
2026-03-30 13:44:29 | INFO     | src.events.infectiondetection | Combined infection detection results has 4032 rows and columns: ['EncounterEpicCsn', 'iv_dt', 'culture_dt', 'first_ev_time_iv_culture', 'ev_type_iv_culture', 'EncounterEpicCsn_lactcult', 'cul_dt', 'lac_dt', 'first_ev_time_lactcult', 'ev_type_lactcult', 'EncounterEpicCsn_codesepsis', 'first_ev_time_codesepsis', 'ev_type_codesepsis', 'EncounterEpicCsn_suspectedinfection', 'first_ev_time_flowsheet', 'ev_type_flowsheet', 'infection_time', 'infection_ev_type', 'first_ev_type']
2026-03-30 13:44:29 | INFO     | __main__ | Infection data detected. Saving dataframe to ../Sepsis-data/data/output/raw_data_phase2_v2/df_infect.parquet
2026-03-30 13:44:29 | INFO     | __main__ | =================================================================================
2026-03-30 13:44:32 | INFO     | src.events.aggregator | Created reference table with 2532253 rows based on unique combinations of EncounterEpicCsn and Event_DateTime
2026-03-30 13:44:32 | INFO     | src.events.aggregator | Aggregating feature max_temp_24h using max over last 1440.0 minutes for events in Temperature
2026-03-30 13:44:34 | INFO     | src.events.aggregator | Joining aggregated feature max_temp_24h back to reference table
2026-03-30 13:44:34 | INFO     | src.events.aggregator | Feature max_temp_24h aggregated and joined. Current reference table now has 2532253 rows and 3 columns.
2026-03-30 13:44:34 | INFO     | src.events.aggregator | --------------------------------------------------------------------------------
2026-03-30 13:44:34 | INFO     | src.events.aggregator | Aggregating feature min_temp_24h using min over last 1440.0 minutes for events in Temperature
2026-03-30 13:44:35 | INFO     | src.events.aggregator | Joining aggregated feature min_temp_24h back to reference table
2026-03-30 13:44:36 | INFO     | src.events.aggregator | Feature min_temp_24h aggregated and joined. Current reference table now has 2532253 rows and 4 columns.
2026-03-30 13:44:36 | INFO     | src.events.aggregator | --------------------------------------------------------------------------------
2026-03-30 13:44:36 | INFO     | src.events.aggregator | Aggregating feature max_pulse_24h using max over last 1440.0 minutes for events in Pulse
2026-03-30 13:44:44 | INFO     | src.events.aggregator | Joining aggregated feature max_pulse_24h back to reference table
2026-03-30 13:44:44 | INFO     | src.events.aggregator | Feature max_pulse_24h aggregated and joined. Current reference table now has 2532253 rows and 5 columns.
2026-03-30 13:44:44 | INFO     | src.events.aggregator | --------------------------------------------------------------------------------
2026-03-30 13:44:44 | INFO     | src.events.aggregator | Aggregating feature max_resp_24h using max over last 1440.0 minutes for events in Respirations
2026-03-30 13:44:51 | INFO     | src.events.aggregator | Joining aggregated feature max_resp_24h back to reference table
2026-03-30 13:44:51 | INFO     | src.events.aggregator | Feature max_resp_24h aggregated and joined. Current reference table now has 2532253 rows and 6 columns.
2026-03-30 13:44:51 | INFO     | src.events.aggregator | --------------------------------------------------------------------------------
2026-03-30 13:44:51 | INFO     | src.events.aggregator | Aggregating feature max_sbp_15m using max over last 15.0 minutes for events in Systolic Blood Pressure
2026-03-30 13:47:00 | INFO     | __main__ | Starting pipeline
2026-03-30 13:47:00 | INFO     | src.dataloader | Loading data from ../Sepsis-data/data/raw_data_phase2_v2
2026-03-30 13:47:01 | INFO     | src.dataloader | Data loaded. Shapes: lab_res=(1348752, 8), flowsheets=(6643434, 8), med_admin=(269121, 8), procedures=(125403, 8), baseline=(3979, 31), diagnosis=(441520, 8)
2026-03-30 13:47:01 | INFO     | src.dataloader | --------------------------------------------------------------------------------
2026-03-30 13:47:01 | INFO     | src.dataloader | Data type casting completed.
2026-03-30 13:47:02 | INFO     | src.dataloader | Concatenated all data into a single DataFrame with shape (8828230, 39) and columns ['EncounterEpicCsn', 'Event_DateTime', 'Type', 'Event_Grouper', 'Event_Name', 'NumericValue', 'Value', 'Flag', 'PrimaryMrn', 'EncounterEpicCsn_right', 'AdmissionDateValue', 'DischargeDateValue', 'Arrival_Instant', 'InpatientAdmissionInstant', 'Admitted_from_ED', 'PatientClass', 'InpatientAdmissionPatientClass', 'HospitalService', 'AdmittingDepartment', 'DischargeDepartment', 'AdmissionType', 'AdmissionSource', 'AdmissionOrigin', 'PrincipalProblem', 'PrimaryCodedDiagnosis', 'PrimaryCodedProcedureKey', 'Death_Flag', 'Original_POA_Condition', 'Sepsis_Category', 'Baseline_SBP', 'Baseline_RespiratoryRate', 'Baseline_PulseRate', 'Baseline_Creatinine', 'Baseline_Platelets', 'Baseline_Bilirubin', 'Baseline_eGFR', 'Baseline_WBC', 'Suspected_Infection_Time', 'Suspected_Infection_Criteria_Met']
2026-03-30 13:47:04 | INFO     | src.dataloader | Dropped duplicate rows. Before: 8828230, After: 8806877, Dropped: 21353
2026-03-30 13:47:04 | INFO     | src.dataloader | Filtering out rows with null EncounterEpicCsn or Event_DateTime
2026-03-30 13:47:04 | INFO     | src.dataloader | After filtering, df_all has shape (8806877, 39)
2026-03-30 13:47:04 | INFO     | __main__ | Initial data loaded. Saving dataframe to ../Sepsis-data/data/output/raw_data_phase2_v2/df_all.parquet
2026-03-30 13:47:06 | INFO     | __main__ | =================================================================================
2026-03-30 13:47:06 | INFO     | src.events.infectiondetection | Detecting infection with antibiotic and culture criteria
2026-03-30 13:47:06 | INFO     | src.events.infectiondetection | Detected 3929 infections with antibiotic and culture criteria
2026-03-30 13:47:06 | INFO     | src.events.infectiondetection | Detecting infection with lactate and culture criteria
2026-03-30 13:47:06 | INFO     | src.events.infectiondetection | Detected 3309 infections with lactate and culture criteria
2026-03-30 13:47:06 | INFO     | src.events.infectiondetection | Detecting infection with code sepsis order criteria
2026-03-30 13:47:06 | INFO     | src.events.infectiondetection | Detected 1677 infections with code sepsis order criteria
2026-03-30 13:47:06 | INFO     | src.events.infectiondetection | Detecting infection with suspected infection criteria
2026-03-30 13:47:06 | INFO     | src.events.infectiondetection | Detected 901 infections with suspected infection criteria
2026-03-30 13:47:06 | INFO     | src.events.infectiondetection | --------------------------------------------------------------------------------
2026-03-30 13:47:06 | INFO     | src.events.infectiondetection | Combining infection detection results from all criteria
2026-03-30 13:47:06 | INFO     | src.events.infectiondetection | Combined infection detection results has 4032 rows and columns: ['EncounterEpicCsn', 'iv_dt', 'culture_dt', 'first_ev_time_iv_culture', 'ev_type_iv_culture', 'EncounterEpicCsn_lactcult', 'cul_dt', 'lac_dt', 'first_ev_time_lactcult', 'ev_type_lactcult', 'EncounterEpicCsn_codesepsis', 'first_ev_time_codesepsis', 'ev_type_codesepsis', 'EncounterEpicCsn_suspectedinfection', 'first_ev_time_flowsheet', 'ev_type_flowsheet', 'infection_time', 'infection_ev_type', 'first_ev_type']
2026-03-30 13:47:06 | INFO     | __main__ | Infection data detected. Saving dataframe to ../Sepsis-data/data/output/raw_data_phase2_v2/df_infect.parquet
2026-03-30 13:47:06 | INFO     | __main__ | =================================================================================
2026-03-30 13:47:09 | INFO     | src.events.aggregator | Created reference table with 2532253 rows based on unique combinations of EncounterEpicCsn and Event_DateTime
2026-03-30 13:47:09 | INFO     | src.events.aggregator | Aggregating feature max_temp_24h using max over last 1440.0 minutes for events in Temperature
2026-03-30 13:47:11 | INFO     | src.events.aggregator | Joining aggregated feature max_temp_24h back to reference table
2026-03-30 13:47:12 | INFO     | src.events.aggregator | Feature max_temp_24h aggregated and joined. Current reference table now has 2532253 rows and 3 columns.
2026-03-30 13:47:12 | INFO     | src.events.aggregator | --------------------------------------------------------------------------------
2026-03-30 13:47:12 | INFO     | src.events.aggregator | Aggregating feature min_temp_24h using min over last 1440.0 minutes for events in Temperature
2026-03-30 13:47:13 | INFO     | src.events.aggregator | Joining aggregated feature min_temp_24h back to reference table
2026-03-30 13:47:13 | INFO     | src.events.aggregator | Feature min_temp_24h aggregated and joined. Current reference table now has 2532253 rows and 4 columns.
2026-03-30 13:47:13 | INFO     | src.events.aggregator | --------------------------------------------------------------------------------
2026-03-30 13:47:13 | INFO     | src.events.aggregator | Aggregating feature max_pulse_24h using max over last 1440.0 minutes for events in Pulse
2026-03-30 13:47:22 | INFO     | src.events.aggregator | Joining aggregated feature max_pulse_24h back to reference table
2026-03-30 13:47:22 | INFO     | src.events.aggregator | Feature max_pulse_24h aggregated and joined. Current reference table now has 2532253 rows and 5 columns.
2026-03-30 13:47:22 | INFO     | src.events.aggregator | --------------------------------------------------------------------------------
2026-03-30 13:47:22 | INFO     | src.events.aggregator | Aggregating feature max_resp_24h using max over last 1440.0 minutes for events in Respirations
2026-03-30 13:47:29 | INFO     | src.events.aggregator | Joining aggregated feature max_resp_24h back to reference table
2026-03-30 13:47:29 | INFO     | src.events.aggregator | Feature max_resp_24h aggregated and joined. Current reference table now has 2532253 rows and 6 columns.
2026-03-30 13:47:29 | INFO     | src.events.aggregator | --------------------------------------------------------------------------------
2026-03-30 13:47:29 | INFO     | src.events.aggregator | Aggregating feature max_sbp_15m using max over last 15.0 minutes for events in Systolic Blood Pressure
2026-03-30 13:55:54 | INFO     | __main__ | Starting pipeline
2026-03-30 13:55:54 | INFO     | src.dataloader | Loading data from ../Sepsis-data/data/raw_data_phase2_v2
2026-03-30 13:55:55 | INFO     | src.dataloader | Data loaded. Shapes: lab_res=(1348752, 8), flowsheets=(6643434, 8), med_admin=(269121, 8), procedures=(125403, 8), baseline=(3979, 31), diagnosis=(441520, 8)
2026-03-30 13:55:55 | INFO     | src.dataloader | --------------------------------------------------------------------------------
2026-03-30 13:55:55 | INFO     | src.dataloader | Data type casting completed.
2026-03-30 13:55:56 | INFO     | src.dataloader | Concatenated all data into a single DataFrame with shape (8828230, 39) and columns ['EncounterEpicCsn', 'Event_DateTime', 'Type', 'Event_Grouper', 'Event_Name', 'NumericValue', 'Value', 'Flag', 'PrimaryMrn', 'EncounterEpicCsn_right', 'AdmissionDateValue', 'DischargeDateValue', 'Arrival_Instant', 'InpatientAdmissionInstant', 'Admitted_from_ED', 'PatientClass', 'InpatientAdmissionPatientClass', 'HospitalService', 'AdmittingDepartment', 'DischargeDepartment', 'AdmissionType', 'AdmissionSource', 'AdmissionOrigin', 'PrincipalProblem', 'PrimaryCodedDiagnosis', 'PrimaryCodedProcedureKey', 'Death_Flag', 'Original_POA_Condition', 'Sepsis_Category', 'Baseline_SBP', 'Baseline_RespiratoryRate', 'Baseline_PulseRate', 'Baseline_Creatinine', 'Baseline_Platelets', 'Baseline_Bilirubin', 'Baseline_eGFR', 'Baseline_WBC', 'Suspected_Infection_Time', 'Suspected_Infection_Criteria_Met']
2026-03-30 13:55:58 | INFO     | src.dataloader | Dropped duplicate rows. Before: 8828230, After: 8806877, Dropped: 21353
2026-03-30 13:55:58 | INFO     | src.dataloader | Filtering out rows with null EncounterEpicCsn or Event_DateTime
2026-03-30 13:55:58 | INFO     | src.dataloader | After filtering, df_all has shape (8806877, 39)
2026-03-30 13:55:58 | INFO     | __main__ | Initial data loaded. Saving dataframe to ../Sepsis-data/data/output/raw_data_phase2_v2/df_all.parquet
2026-03-30 13:55:59 | INFO     | __main__ | =================================================================================
2026-03-30 13:55:59 | INFO     | src.events.infectiondetection | Detecting infection with antibiotic and culture criteria
2026-03-30 13:56:00 | INFO     | src.events.infectiondetection | Detected 3929 infections with antibiotic and culture criteria
2026-03-30 13:56:00 | INFO     | src.events.infectiondetection | Detecting infection with lactate and culture criteria
2026-03-30 13:56:00 | INFO     | src.events.infectiondetection | Detected 3309 infections with lactate and culture criteria
2026-03-30 13:56:00 | INFO     | src.events.infectiondetection | Detecting infection with code sepsis order criteria
2026-03-30 13:56:00 | INFO     | src.events.infectiondetection | Detected 1677 infections with code sepsis order criteria
2026-03-30 13:56:00 | INFO     | src.events.infectiondetection | Detecting infection with suspected infection criteria
2026-03-30 13:56:00 | INFO     | src.events.infectiondetection | Detected 901 infections with suspected infection criteria
2026-03-30 13:56:00 | INFO     | src.events.infectiondetection | --------------------------------------------------------------------------------
2026-03-30 13:56:00 | INFO     | src.events.infectiondetection | Combining infection detection results from all criteria
2026-03-30 13:56:00 | INFO     | src.events.infectiondetection | Combined infection detection results has 4032 rows and columns: ['EncounterEpicCsn', 'iv_dt', 'culture_dt', 'first_ev_time_iv_culture', 'ev_type_iv_culture', 'EncounterEpicCsn_lactcult', 'cul_dt', 'lac_dt', 'first_ev_time_lactcult', 'ev_type_lactcult', 'EncounterEpicCsn_codesepsis', 'first_ev_time_codesepsis', 'ev_type_codesepsis', 'EncounterEpicCsn_suspectedinfection', 'first_ev_time_flowsheet', 'ev_type_flowsheet', 'infection_time', 'infection_ev_type', 'first_ev_type']
2026-03-30 13:56:00 | INFO     | __main__ | Infection data detected. Saving dataframe to ../Sepsis-data/data/output/raw_data_phase2_v2/df_infect.parquet
2026-03-30 13:56:00 | INFO     | __main__ | =================================================================================
2026-03-30 13:56:03 | INFO     | src.events.aggregator | Created reference table with 2532253 rows based on unique combinations of EncounterEpicCsn and Event_DateTime
2026-03-30 13:56:03 | INFO     | src.events.aggregator | Aggregating feature max_temp_24h using max over last 1440.0 minutes for events in Temperature
2026-03-30 13:56:05 | INFO     | src.events.aggregator | Joining aggregated feature max_temp_24h back to reference table
2026-03-30 13:56:05 | INFO     | src.events.aggregator | Feature max_temp_24h aggregated and joined. Current reference table now has 2532253 rows and 3 columns.
2026-03-30 13:56:05 | INFO     | src.events.aggregator | --------------------------------------------------------------------------------
2026-03-30 13:56:05 | INFO     | src.events.aggregator | Aggregating feature min_temp_24h using min over last 1440.0 minutes for events in Temperature
2026-03-30 13:56:07 | INFO     | src.events.aggregator | Joining aggregated feature min_temp_24h back to reference table
2026-03-30 13:56:07 | INFO     | src.events.aggregator | Feature min_temp_24h aggregated and joined. Current reference table now has 2532253 rows and 4 columns.
2026-03-30 13:56:07 | INFO     | src.events.aggregator | --------------------------------------------------------------------------------
2026-03-30 13:56:07 | INFO     | src.events.aggregator | Aggregating feature max_pulse_24h using max over last 1440.0 minutes for events in Pulse
2026-03-30 13:56:16 | INFO     | src.events.aggregator | Joining aggregated feature max_pulse_24h back to reference table
2026-03-30 13:56:16 | INFO     | src.events.aggregator | Feature max_pulse_24h aggregated and joined. Current reference table now has 2532253 rows and 5 columns.
2026-03-30 13:56:16 | INFO     | src.events.aggregator | --------------------------------------------------------------------------------
2026-03-30 13:56:16 | INFO     | src.events.aggregator | Aggregating feature max_resp_24h using max over last 1440.0 minutes for events in Respirations
2026-03-30 13:56:23 | INFO     | src.events.aggregator | Joining aggregated feature max_resp_24h back to reference table
2026-03-30 13:56:23 | INFO     | src.events.aggregator | Feature max_resp_24h aggregated and joined. Current reference table now has 2532253 rows and 6 columns.
2026-03-30 13:56:23 | INFO     | src.events.aggregator | --------------------------------------------------------------------------------
2026-03-30 13:56:23 | INFO     | src.events.aggregator | Aggregating feature max_sbp_15m using max over last 15.0 minutes for events in Systolic Blood Pressure
2026-03-30 13:56:45 | INFO     | __main__ | Starting pipeline
2026-03-30 13:56:45 | INFO     | src.dataloader | Loading data from ../Sepsis-data/data/raw_data_phase2_v2
2026-03-30 13:56:45 | INFO     | src.dataloader | Data loaded. Shapes: lab_res=(1348752, 8), flowsheets=(6643434, 8), med_admin=(269121, 8), procedures=(125403, 8), baseline=(3979, 31), diagnosis=(441520, 8)
2026-03-30 13:56:45 | INFO     | src.dataloader | --------------------------------------------------------------------------------
2026-03-30 13:56:45 | INFO     | src.dataloader | Data type casting completed.
2026-03-30 13:56:46 | INFO     | src.dataloader | Concatenated all data into a single DataFrame with shape (8828230, 39) and columns ['EncounterEpicCsn', 'Event_DateTime', 'Type', 'Event_Grouper', 'Event_Name', 'NumericValue', 'Value', 'Flag', 'PrimaryMrn', 'EncounterEpicCsn_right', 'AdmissionDateValue', 'DischargeDateValue', 'Arrival_Instant', 'InpatientAdmissionInstant', 'Admitted_from_ED', 'PatientClass', 'InpatientAdmissionPatientClass', 'HospitalService', 'AdmittingDepartment', 'DischargeDepartment', 'AdmissionType', 'AdmissionSource', 'AdmissionOrigin', 'PrincipalProblem', 'PrimaryCodedDiagnosis', 'PrimaryCodedProcedureKey', 'Death_Flag', 'Original_POA_Condition', 'Sepsis_Category', 'Baseline_SBP', 'Baseline_RespiratoryRate', 'Baseline_PulseRate', 'Baseline_Creatinine', 'Baseline_Platelets', 'Baseline_Bilirubin', 'Baseline_eGFR', 'Baseline_WBC', 'Suspected_Infection_Time', 'Suspected_Infection_Criteria_Met']
2026-03-30 13:56:48 | INFO     | src.dataloader | Dropped duplicate rows. Before: 8828230, After: 8806877, Dropped: 21353
2026-03-30 13:56:48 | INFO     | src.dataloader | Filtering out rows with null EncounterEpicCsn or Event_DateTime
2026-03-30 13:56:48 | INFO     | src.dataloader | After filtering, df_all has shape (8806877, 39)
2026-03-30 13:56:48 | INFO     | __main__ | Initial data loaded. Saving dataframe to ../Sepsis-data/data/output/raw_data_phase2_v2/df_all.parquet
2026-03-30 13:56:50 | INFO     | __main__ | =================================================================================
2026-03-30 13:56:50 | INFO     | src.events.infectiondetection | Detecting infection with antibiotic and culture criteria
2026-03-30 13:56:50 | INFO     | src.events.infectiondetection | Detected 3929 infections with antibiotic and culture criteria
2026-03-30 13:56:50 | INFO     | src.events.infectiondetection | Detecting infection with lactate and culture criteria
2026-03-30 13:56:51 | INFO     | src.events.infectiondetection | Detected 3309 infections with lactate and culture criteria
2026-03-30 13:56:51 | INFO     | src.events.infectiondetection | Detecting infection with code sepsis order criteria
2026-03-30 13:56:51 | INFO     | src.events.infectiondetection | Detected 1677 infections with code sepsis order criteria
2026-03-30 13:56:51 | INFO     | src.events.infectiondetection | Detecting infection with suspected infection criteria
2026-03-30 13:56:51 | INFO     | src.events.infectiondetection | Detected 901 infections with suspected infection criteria
2026-03-30 13:56:51 | INFO     | src.events.infectiondetection | --------------------------------------------------------------------------------
2026-03-30 13:56:51 | INFO     | src.events.infectiondetection | Combining infection detection results from all criteria
2026-03-30 13:56:51 | INFO     | src.events.infectiondetection | Combined infection detection results has 4032 rows and columns: ['EncounterEpicCsn', 'iv_dt', 'culture_dt', 'first_ev_time_iv_culture', 'ev_type_iv_culture', 'EncounterEpicCsn_lactcult', 'cul_dt', 'lac_dt', 'first_ev_time_lactcult', 'ev_type_lactcult', 'EncounterEpicCsn_codesepsis', 'first_ev_time_codesepsis', 'ev_type_codesepsis', 'EncounterEpicCsn_suspectedinfection', 'first_ev_time_flowsheet', 'ev_type_flowsheet', 'infection_time', 'infection_ev_type', 'first_ev_type']
2026-03-30 13:56:51 | INFO     | __main__ | Infection data detected. Saving dataframe to ../Sepsis-data/data/output/raw_data_phase2_v2/df_infect.parquet
2026-03-30 13:56:51 | INFO     | __main__ | =================================================================================
2026-03-30 13:56:53 | INFO     | src.events.aggregator | Created reference table with 2532253 rows based on unique combinations of EncounterEpicCsn and Event_DateTime
2026-03-30 13:56:53 | INFO     | src.events.aggregator | Aggregating feature max_temp_24h using max over last 1440.0 minutes for events in Temperature
2026-03-30 13:56:55 | INFO     | src.events.aggregator | Joining aggregated feature max_temp_24h back to reference table
2026-03-30 13:56:56 | INFO     | src.events.aggregator | Feature max_temp_24h aggregated and joined. Current reference table now has 2532253 rows and 3 columns.
2026-03-30 13:56:56 | INFO     | src.events.aggregator | --------------------------------------------------------------------------------
2026-03-30 13:56:56 | INFO     | src.events.aggregator | Aggregating feature min_temp_24h using min over last 1440.0 minutes for events in Temperature
2026-03-30 13:56:57 | INFO     | src.events.aggregator | Joining aggregated feature min_temp_24h back to reference table
2026-03-30 13:56:57 | INFO     | src.events.aggregator | Feature min_temp_24h aggregated and joined. Current reference table now has 2532253 rows and 4 columns.
2026-03-30 13:56:57 | INFO     | src.events.aggregator | --------------------------------------------------------------------------------
2026-03-30 13:56:57 | INFO     | src.events.aggregator | Aggregating feature max_pulse_24h using max over last 1440.0 minutes for events in Pulse
2026-03-30 13:57:06 | INFO     | src.events.aggregator | Joining aggregated feature max_pulse_24h back to reference table
2026-03-30 13:57:06 | INFO     | src.events.aggregator | Feature max_pulse_24h aggregated and joined. Current reference table now has 2532253 rows and 5 columns.
2026-03-30 13:57:06 | INFO     | src.events.aggregator | --------------------------------------------------------------------------------
2026-03-30 13:57:06 | INFO     | src.events.aggregator | Aggregating feature max_resp_24h using max over last 1440.0 minutes for events in Respirations
2026-03-30 13:57:14 | INFO     | src.events.aggregator | Joining aggregated feature max_resp_24h back to reference table
2026-03-30 13:57:14 | INFO     | src.events.aggregator | Feature max_resp_24h aggregated and joined. Current reference table now has 2532253 rows and 6 columns.
2026-03-30 13:57:14 | INFO     | src.events.aggregator | --------------------------------------------------------------------------------
2026-03-30 13:57:14 | INFO     | src.events.aggregator | Aggregating feature max_sbp_15m using max over last 15.0 minutes for events in Systolic Blood Pressure
2026-03-30 13:57:47 | INFO     | __main__ | Starting pipeline
2026-03-30 13:57:47 | INFO     | src.dataloader | Loading data from ../Sepsis-data/data/raw_data_phase2_v2
2026-03-30 13:57:48 | INFO     | src.dataloader | Data loaded. Shapes: lab_res=(1348752, 8), flowsheets=(6643434, 8), med_admin=(269121, 8), procedures=(125403, 8), baseline=(3979, 31), diagnosis=(441520, 8)
2026-03-30 13:57:48 | INFO     | src.dataloader | --------------------------------------------------------------------------------
2026-03-30 13:57:48 | INFO     | src.dataloader | Data type casting completed.
2026-03-30 13:57:49 | INFO     | src.dataloader | Concatenated all data into a single DataFrame with shape (8828230, 39) and columns ['EncounterEpicCsn', 'Event_DateTime', 'Type', 'Event_Grouper', 'Event_Name', 'NumericValue', 'Value', 'Flag', 'PrimaryMrn', 'EncounterEpicCsn_right', 'AdmissionDateValue', 'DischargeDateValue', 'Arrival_Instant', 'InpatientAdmissionInstant', 'Admitted_from_ED', 'PatientClass', 'InpatientAdmissionPatientClass', 'HospitalService', 'AdmittingDepartment', 'DischargeDepartment', 'AdmissionType', 'AdmissionSource', 'AdmissionOrigin', 'PrincipalProblem', 'PrimaryCodedDiagnosis', 'PrimaryCodedProcedureKey', 'Death_Flag', 'Original_POA_Condition', 'Sepsis_Category', 'Baseline_SBP', 'Baseline_RespiratoryRate', 'Baseline_PulseRate', 'Baseline_Creatinine', 'Baseline_Platelets', 'Baseline_Bilirubin', 'Baseline_eGFR', 'Baseline_WBC', 'Suspected_Infection_Time', 'Suspected_Infection_Criteria_Met']
2026-03-30 13:57:51 | INFO     | src.dataloader | Dropped duplicate rows. Before: 8828230, After: 8806877, Dropped: 21353
2026-03-30 13:57:51 | INFO     | src.dataloader | Filtering out rows with null EncounterEpicCsn or Event_DateTime
2026-03-30 13:57:51 | INFO     | src.dataloader | After filtering, df_all has shape (8806877, 39)
2026-03-30 13:57:51 | INFO     | __main__ | Initial data loaded. Saving dataframe to ../Sepsis-data/data/output/raw_data_phase2_v2/df_all.parquet
2026-03-30 13:57:52 | INFO     | __main__ | =================================================================================
2026-03-30 13:57:52 | INFO     | src.events.infectiondetection | Detecting infection with antibiotic and culture criteria
2026-03-30 13:57:52 | INFO     | src.events.infectiondetection | Detected 3929 infections with antibiotic and culture criteria
2026-03-30 13:57:52 | INFO     | src.events.infectiondetection | Detecting infection with lactate and culture criteria
2026-03-30 13:57:53 | INFO     | src.events.infectiondetection | Detected 3309 infections with lactate and culture criteria
2026-03-30 13:57:53 | INFO     | src.events.infectiondetection | Detecting infection with code sepsis order criteria
2026-03-30 13:57:53 | INFO     | src.events.infectiondetection | Detected 1677 infections with code sepsis order criteria
2026-03-30 13:57:53 | INFO     | src.events.infectiondetection | Detecting infection with suspected infection criteria
2026-03-30 13:57:53 | INFO     | src.events.infectiondetection | Detected 901 infections with suspected infection criteria
2026-03-30 13:57:53 | INFO     | src.events.infectiondetection | --------------------------------------------------------------------------------
2026-03-30 13:57:53 | INFO     | src.events.infectiondetection | Combining infection detection results from all criteria
2026-03-30 13:57:53 | INFO     | src.events.infectiondetection | Combined infection detection results has 4032 rows and columns: ['EncounterEpicCsn', 'iv_dt', 'culture_dt', 'first_ev_time_iv_culture', 'ev_type_iv_culture', 'EncounterEpicCsn_lactcult', 'cul_dt', 'lac_dt', 'first_ev_time_lactcult', 'ev_type_lactcult', 'EncounterEpicCsn_codesepsis', 'first_ev_time_codesepsis', 'ev_type_codesepsis', 'EncounterEpicCsn_suspectedinfection', 'first_ev_time_flowsheet', 'ev_type_flowsheet', 'infection_time', 'infection_ev_type', 'first_ev_type']
2026-03-30 13:57:53 | INFO     | __main__ | Infection data detected. Saving dataframe to ../Sepsis-data/data/output/raw_data_phase2_v2/df_infect.parquet
2026-03-30 13:57:53 | INFO     | __main__ | =================================================================================
2026-03-30 13:57:56 | INFO     | src.events.aggregator | Created reference table with 2532253 rows based on unique combinations of EncounterEpicCsn and Event_DateTime
2026-03-30 13:57:56 | INFO     | src.events.aggregator | Aggregating feature max_temp_24h using max over last 1440.0 minutes for events in Temperature
2026-03-30 13:57:58 | INFO     | src.events.aggregator | Joining aggregated feature max_temp_24h back to reference table
2026-03-30 13:57:58 | INFO     | src.events.aggregator | Feature max_temp_24h aggregated and joined. Current reference table now has 2532253 rows and 3 columns.
2026-03-30 13:57:58 | INFO     | src.events.aggregator | --------------------------------------------------------------------------------
2026-03-30 13:57:58 | INFO     | src.events.aggregator | Aggregating feature min_temp_24h using min over last 1440.0 minutes for events in Temperature
2026-03-30 13:57:59 | INFO     | src.events.aggregator | Joining aggregated feature min_temp_24h back to reference table
2026-03-30 13:57:59 | INFO     | src.events.aggregator | Feature min_temp_24h aggregated and joined. Current reference table now has 2532253 rows and 4 columns.
2026-03-30 13:57:59 | INFO     | src.events.aggregator | --------------------------------------------------------------------------------
2026-03-30 13:57:59 | INFO     | src.events.aggregator | Aggregating feature max_pulse_24h using max over last 1440.0 minutes for events in Pulse
2026-03-30 13:58:08 | INFO     | src.events.aggregator | Joining aggregated feature max_pulse_24h back to reference table
2026-03-30 13:58:08 | INFO     | src.events.aggregator | Feature max_pulse_24h aggregated and joined. Current reference table now has 2532253 rows and 5 columns.
2026-03-30 13:58:08 | INFO     | src.events.aggregator | --------------------------------------------------------------------------------
2026-03-30 13:58:08 | INFO     | src.events.aggregator | Aggregating feature max_resp_24h using max over last 1440.0 minutes for events in Respirations
2026-03-30 13:58:15 | INFO     | src.events.aggregator | Joining aggregated feature max_resp_24h back to reference table
2026-03-30 13:58:15 | INFO     | src.events.aggregator | Feature max_resp_24h aggregated and joined. Current reference table now has 2532253 rows and 6 columns.
2026-03-30 13:58:15 | INFO     | src.events.aggregator | --------------------------------------------------------------------------------
2026-03-30 13:58:15 | INFO     | src.events.aggregator | Aggregating feature max_sbp_15m using max over last 15.0 minutes for events in Systolic Blood Pressure
2026-03-30 13:58:18 | INFO     | src.events.aggregator | Joining aggregated feature max_sbp_15m back to reference table
2026-03-30 13:58:18 | INFO     | src.events.aggregator | Feature max_sbp_15m aggregated and joined. Current reference table now has 2532253 rows and 7 columns.
2026-03-30 13:58:18 | INFO     | src.events.aggregator | --------------------------------------------------------------------------------
2026-03-30 13:58:18 | INFO     | src.events.aggregator | Aggregating feature max_map_15m using max over last 15.0 minutes for events in Arterial Blood Pressure Mean
2026-03-30 13:58:20 | INFO     | src.events.aggregator | Joining aggregated feature max_map_15m back to reference table
2026-03-30 13:58:20 | INFO     | src.events.aggregator | Feature max_map_15m aggregated and joined. Current reference table now has 2532253 rows and 8 columns.
2026-03-30 13:58:20 | INFO     | src.events.aggregator | --------------------------------------------------------------------------------
2026-03-30 13:58:20 | INFO     | src.events.aggregator | Aggregating feature max_wbc_24h using max over last 1440.0 minutes for events in WBC
2026-03-30 13:58:21 | INFO     | src.events.aggregator | Joining aggregated feature max_wbc_24h back to reference table
2026-03-30 13:58:21 | INFO     | src.events.aggregator | Feature max_wbc_24h aggregated and joined. Current reference table now has 2532253 rows and 9 columns.
2026-03-30 13:58:21 | INFO     | src.events.aggregator | --------------------------------------------------------------------------------
2026-03-30 13:58:21 | INFO     | src.events.aggregator | Aggregating feature min_wbc_24h using min over last 1440.0 minutes for events in WBC
2026-03-30 13:58:22 | INFO     | src.events.aggregator | Joining aggregated feature min_wbc_24h back to reference table
2026-03-30 13:58:22 | INFO     | src.events.aggregator | Feature min_wbc_24h aggregated and joined. Current reference table now has 2532253 rows and 10 columns.
2026-03-30 13:58:22 | INFO     | src.events.aggregator | --------------------------------------------------------------------------------
2026-03-30 13:58:22 | INFO     | src.events.aggregator | Aggregating feature max_creatinine_24h using max over last 1440.0 minutes for events in Creatinine
2026-03-30 13:58:23 | INFO     | src.events.aggregator | Joining aggregated feature max_creatinine_24h back to reference table
2026-03-30 13:58:23 | INFO     | src.events.aggregator | Feature max_creatinine_24h aggregated and joined. Current reference table now has 2532253 rows and 11 columns.
2026-03-30 13:58:23 | INFO     | src.events.aggregator | --------------------------------------------------------------------------------
2026-03-30 13:58:23 | INFO     | src.events.aggregator | Aggregating feature max_egfr_24h using max over last 1440.0 minutes for events in eGFR
2026-03-30 13:58:23 | INFO     | src.events.aggregator | Joining aggregated feature max_egfr_24h back to reference table
2026-03-30 13:58:23 | INFO     | src.events.aggregator | Feature max_egfr_24h aggregated and joined. Current reference table now has 2532253 rows and 12 columns.
2026-03-30 13:58:23 | INFO     | src.events.aggregator | --------------------------------------------------------------------------------
2026-03-30 13:58:23 | INFO     | src.events.aggregator | Aggregating feature max_bilirubin_24h using max over last 1440.0 minutes for events in Bilirubin
2026-03-30 13:58:24 | INFO     | src.events.aggregator | Joining aggregated feature max_bilirubin_24h back to reference table
2026-03-30 13:58:24 | INFO     | src.events.aggregator | Feature max_bilirubin_24h aggregated and joined. Current reference table now has 2532253 rows and 13 columns.
2026-03-30 13:58:24 | INFO     | src.events.aggregator | --------------------------------------------------------------------------------
2026-03-30 13:58:24 | INFO     | src.events.aggregator | Aggregating feature max_lactate_24h using max over last 1440.0 minutes for events in Lactate
2026-03-30 13:58:25 | INFO     | src.events.aggregator | Joining aggregated feature max_lactate_24h back to reference table
2026-03-30 13:58:25 | INFO     | src.events.aggregator | Feature max_lactate_24h aggregated and joined. Current reference table now has 2532253 rows and 14 columns.
2026-03-30 13:58:25 | INFO     | src.events.aggregator | --------------------------------------------------------------------------------
2026-03-30 13:58:25 | INFO     | src.events.aggregator | Aggregating feature min_platelets_24h using min over last 1440.0 minutes for events in Platelets
2026-03-30 13:58:25 | INFO     | src.events.aggregator | Joining aggregated feature min_platelets_24h back to reference table
2026-03-30 13:58:26 | INFO     | src.events.aggregator | Feature min_platelets_24h aggregated and joined. Current reference table now has 2532253 rows and 15 columns.
2026-03-30 13:58:26 | INFO     | src.events.aggregator | --------------------------------------------------------------------------------
2026-03-30 13:58:26 | INFO     | src.events.aggregator | Aggregating feature max_inr_24h using max over last 1440.0 minutes for events in INR
2026-03-30 13:58:26 | INFO     | src.events.aggregator | Joining aggregated feature max_inr_24h back to reference table
2026-03-30 13:58:26 | INFO     | src.events.aggregator | Feature max_inr_24h aggregated and joined. Current reference table now has 2532253 rows and 16 columns.
2026-03-30 13:58:26 | INFO     | src.events.aggregator | --------------------------------------------------------------------------------
2026-03-30 13:58:26 | INFO     | src.events.aggregator | Aggregating feature max_aptt_24h using max over last 1440.0 minutes for events in APTT
2026-03-30 13:58:27 | INFO     | src.events.aggregator | Joining aggregated feature max_aptt_24h back to reference table
2026-03-30 13:58:27 | INFO     | src.events.aggregator | Feature max_aptt_24h aggregated and joined. Current reference table now has 2532253 rows and 17 columns.
2026-03-30 13:58:27 | INFO     | src.events.aggregator | --------------------------------------------------------------------------------
2026-03-30 13:58:27 | INFO     | src.events.aggregator | Aggregating feature min_gcs_24h using min over last 1440.0 minutes for events in Glasgow Coma Score
2026-03-30 13:58:28 | INFO     | src.events.aggregator | Joining aggregated feature min_gcs_24h back to reference table
2026-03-30 13:58:28 | INFO     | src.events.aggregator | Feature min_gcs_24h aggregated and joined. Current reference table now has 2532253 rows and 18 columns.
2026-03-30 13:58:28 | INFO     | src.events.aggregator | --------------------------------------------------------------------------------
2026-03-30 13:58:28 | INFO     | src.events.aggregator | Aggregating feature max_vasopressin_24h using max over last 1440.0 minutes for events in Vasopressin
2026-03-30 13:58:29 | INFO     | src.events.aggregator | Joining aggregated feature max_vasopressin_24h back to reference table
2026-03-30 13:58:29 | INFO     | src.events.aggregator | Feature max_vasopressin_24h aggregated and joined. Current reference table now has 2532253 rows and 19 columns.
2026-03-30 13:58:29 | INFO     | src.events.aggregator | --------------------------------------------------------------------------------
2026-03-30 13:58:29 | INFO     | src.events.aggregator | Aggregating feature max_phenylephrine_24h using max over last 1440.0 minutes for events in Phenylephrine
2026-03-30 13:58:29 | INFO     | src.events.aggregator | Joining aggregated feature max_phenylephrine_24h back to reference table
2026-03-30 13:58:29 | INFO     | src.events.aggregator | Feature max_phenylephrine_24h aggregated and joined. Current reference table now has 2532253 rows and 20 columns.
2026-03-30 13:58:29 | INFO     | src.events.aggregator | --------------------------------------------------------------------------------
2026-03-30 13:58:29 | INFO     | src.events.aggregator | Aggregating feature max_norepinephrine_24h using max over last 1440.0 minutes for events in Norepinephrine
2026-03-30 13:58:30 | INFO     | src.events.aggregator | Joining aggregated feature max_norepinephrine_24h back to reference table
2026-03-30 13:58:30 | INFO     | src.events.aggregator | Feature max_norepinephrine_24h aggregated and joined. Current reference table now has 2532253 rows and 21 columns.
2026-03-30 13:58:30 | INFO     | src.events.aggregator | --------------------------------------------------------------------------------
2026-03-30 13:58:30 | INFO     | src.events.aggregator | Aggregating feature max_epinephrine_24h using max over last 1440.0 minutes for events in Epinephrine
2026-03-30 13:58:30 | INFO     | src.events.aggregator | Joining aggregated feature max_epinephrine_24h back to reference table
2026-03-30 13:58:31 | INFO     | src.events.aggregator | Feature max_epinephrine_24h aggregated and joined. Current reference table now has 2532253 rows and 22 columns.
2026-03-30 13:58:31 | INFO     | src.events.aggregator | --------------------------------------------------------------------------------
2026-03-30 13:58:31 | INFO     | src.events.aggregator | All features aggregated and joined back to reference table.
2026-03-30 13:58:31 | INFO     | __main__ | Aggregated features saved. Saving dataframe to ../Sepsis-data/data/output/raw_data_phase2_v2/df_agg.parquet
2026-03-30 13:58:31 | INFO     | __main__ | =================================================================================
2026-03-30 13:58:31 | INFO     | src.events.ventprocessor | Computing Vent Status
2026-03-30 13:58:31 | INFO     | src.events.ventprocessor | Joining vent events to the aggregated table from EventAggregator
2026-03-30 13:58:31 | INFO     | __main__ | Aggregated features with vent status saved. Saving dataframe to ../Sepsis-data/data/output/raw_data_phase2_v2/df_agg_vent.parquet
2026-03-30 13:58:31 | INFO     | __main__ | =================================================================================
2026-03-30 13:58:31 | INFO     | __main__ | Joining baseline values to aggregated dataframe. Baseline columns: ['Baseline_Creatinine', 'Baseline_eGFR', 'Baseline_Bilirubin', 'Baseline_Platelets', 'Baseline_SBP', 'Baseline_RespiratoryRate', 'Baseline_PulseRate', 'Baseline_WBC']
2026-03-30 13:58:33 | INFO     | src.events.organdysfunction.organdysfunction | (IF needed) Joining baseline values to aggregated dataframe for organ dysfunction calculation.
2026-03-30 13:58:33 | INFO     | src.events.organdysfunction.organdysfunction | Calculating pulmonary dysfunction flag.
2026-03-30 13:58:33 | INFO     | src.events.organdysfunction.organdysfunction | ----------------------------------------------------------------------------------
2026-03-30 13:58:33 | INFO     | src.events.organdysfunction.organdysfunction | Calculating coagulation dysfunction flag.
2026-03-30 13:58:33 | INFO     | src.events.organdysfunction.organdysfunction | ----------------------------------------------------------------------------------
2026-03-30 13:58:33 | INFO     | src.events.organdysfunction.organdysfunction | Calculating cardiovascular dysfunction flag.
2026-03-30 13:58:33 | INFO     | src.events.organdysfunction.organdysfunction | ----------------------------------------------------------------------------------
2026-03-30 13:58:33 | INFO     | src.events.organdysfunction.organdysfunction | Calculating renal dysfunction flag.
2026-03-30 13:58:33 | INFO     | src.events.organdysfunction.organdysfunction | ----------------------------------------------------------------------------------
2026-03-30 13:58:33 | INFO     | src.events.organdysfunction.organdysfunction | Calculating hepatic dysfunction flag.
2026-03-30 13:58:33 | INFO     | src.events.organdysfunction.organdysfunction | ----------------------------------------------------------------------------------
2026-03-30 13:58:33 | INFO     | src.events.organdysfunction.organdysfunction | Calculating neurological dysfunction flag.
2026-03-30 13:58:33 | INFO     | src.events.organdysfunction.organdysfunction | ----------------------------------------------------------------------------------
2026-03-30 13:58:33 | INFO     | src.events.organdysfunction.organdysfunction | Joining organ dysfunction flag dataframes to create final organ dysfunction dataframe.
2026-03-30 13:58:34 | INFO     | src.events.organdysfunction.organdysfunction | ----------------------------------------------------------------------------------
2026-03-30 13:58:34 | INFO     | src.events.organdysfunction.organdysfunction | Calculating total organ dysfunction flag by summing individual organ dysfunction flags.
2026-03-30 13:58:34 | INFO     | __main__ | Organ dysfunction labels saved. Saving dataframe to ../Sepsis-data/data/output/raw_data_phase2_v2/df_organdysfunction.parquet
2026-03-30 13:58:34 | INFO     | __main__ | =================================================================================
2026-03-30 13:58:34 | INFO     | src.events.septicshock | Calculating septic shock criteria.
2026-03-30 13:58:34 | INFO     | src.events.septicshock | Calculating SBP<90 flag for septic shock criteria.
2026-03-30 13:58:34 | INFO     | src.events.septicshock | Calculating SBP delta>40 flag for septic shock criteria.
2026-03-30 13:58:34 | INFO     | src.events.septicshock | -----------------------------------------------------------------------------------
2026-03-30 13:58:34 | INFO     | src.events.septicshock | Calculating MAP<65 flag for septic shock criteria.
2026-03-30 13:58:34 | INFO     | src.events.septicshock | -----------------------------------------------------------------------------------
2026-03-30 13:58:34 | INFO     | src.events.septicshock | Calculating lactate>4 flag for septic shock criteria.
2026-03-30 13:58:34 | INFO     | src.events.septicshock | -----------------------------------------------------------------------------------
2026-03-30 13:58:34 | INFO     | src.events.septicshock | Calculating vasopressor flag for septic shock criteria.
2026-03-30 13:58:34 | INFO     | src.events.septicshock | -----------------------------------------------------------------------------------
2026-03-30 13:58:34 | INFO     | __main__ | Septic shock labels saved. Saving dataframe to ../Sepsis-data/data/output/raw_data_phase2_v2/df_septicshock.parquet
2026-03-30 14:18:26 | INFO     | __main__ | Loading dataframes from ../Sepsis-data/data/output/raw_data_phase2_v2
2026-03-30 14:54:25 | INFO     | __main__ | Starting pipeline
2026-03-30 14:54:25 | INFO     | src.dataloader | Loading data from ../Sepsis-data/data/raw_data_phase2_v2
2026-03-30 14:54:27 | INFO     | src.dataloader | Data loaded. Shapes: lab_res=(1348752, 8), flowsheets=(6643434, 8), med_admin=(269121, 8), procedures=(125403, 8), baseline=(3979, 31), diagnosis=(441520, 8)
2026-03-30 14:54:27 | INFO     | src.dataloader | --------------------------------------------------------------------------------
2026-03-30 14:54:27 | INFO     | src.dataloader | Data type casting completed.
2026-03-30 14:54:28 | INFO     | src.dataloader | Concatenated all data into a single DataFrame with shape (8828230, 39) and columns ['EncounterEpicCsn', 'Event_DateTime', 'Type', 'Event_Grouper', 'Event_Name', 'NumericValue', 'Value', 'Flag', 'PrimaryMrn', 'EncounterEpicCsn_right', 'AdmissionDateValue', 'DischargeDateValue', 'Arrival_Instant', 'InpatientAdmissionInstant', 'Admitted_from_ED', 'PatientClass', 'InpatientAdmissionPatientClass', 'HospitalService', 'AdmittingDepartment', 'DischargeDepartment', 'AdmissionType', 'AdmissionSource', 'AdmissionOrigin', 'PrincipalProblem', 'PrimaryCodedDiagnosis', 'PrimaryCodedProcedureKey', 'Death_Flag', 'Original_POA_Condition', 'Sepsis_Category', 'Baseline_SBP', 'Baseline_RespiratoryRate', 'Baseline_PulseRate', 'Baseline_Creatinine', 'Baseline_Platelets', 'Baseline_Bilirubin', 'Baseline_eGFR', 'Baseline_WBC', 'Suspected_Infection_Time', 'Suspected_Infection_Criteria_Met']
2026-03-30 14:54:31 | INFO     | __main__ | Starting pipeline
2026-03-30 14:54:31 | INFO     | src.dataloader | Loading data from ../Sepsis-data/data/raw_data_phase2_v2
2026-03-30 14:54:32 | INFO     | src.dataloader | Data loaded. Shapes: lab_res=(1348752, 8), flowsheets=(6643434, 8), med_admin=(269121, 8), procedures=(125403, 8), baseline=(3979, 31), diagnosis=(441520, 8)
2026-03-30 14:54:32 | INFO     | src.dataloader | --------------------------------------------------------------------------------
2026-03-30 14:54:32 | INFO     | src.dataloader | Data type casting completed.
2026-03-30 14:54:33 | INFO     | src.dataloader | Concatenated all data into a single DataFrame with shape (8828230, 39) and columns ['EncounterEpicCsn', 'Event_DateTime', 'Type', 'Event_Grouper', 'Event_Name', 'NumericValue', 'Value', 'Flag', 'PrimaryMrn', 'EncounterEpicCsn_right', 'AdmissionDateValue', 'DischargeDateValue', 'Arrival_Instant', 'InpatientAdmissionInstant', 'Admitted_from_ED', 'PatientClass', 'InpatientAdmissionPatientClass', 'HospitalService', 'AdmittingDepartment', 'DischargeDepartment', 'AdmissionType', 'AdmissionSource', 'AdmissionOrigin', 'PrincipalProblem', 'PrimaryCodedDiagnosis', 'PrimaryCodedProcedureKey', 'Death_Flag', 'Original_POA_Condition', 'Sepsis_Category', 'Baseline_SBP', 'Baseline_RespiratoryRate', 'Baseline_PulseRate', 'Baseline_Creatinine', 'Baseline_Platelets', 'Baseline_Bilirubin', 'Baseline_eGFR', 'Baseline_WBC', 'Suspected_Infection_Time', 'Suspected_Infection_Criteria_Met']
2026-03-30 14:54:35 | INFO     | src.dataloader | Dropped duplicate rows. Before: 8828230, After: 8806877, Dropped: 21353
2026-03-30 14:54:35 | INFO     | src.dataloader | Filtering out rows with null EncounterEpicCsn or Event_DateTime
2026-03-30 14:54:35 | INFO     | src.dataloader | After filtering, df_all has shape (8806877, 39)
2026-03-30 14:54:35 | INFO     | __main__ | Initial data loaded. Saving dataframe to ../Sepsis-data/data/output/raw_data_phase2_v2/df_all.parquet
2026-03-30 14:54:36 | INFO     | __main__ | =================================================================================
2026-03-30 14:54:36 | INFO     | src.events.infectiondetection | Detecting infection with antibiotic and culture criteria
2026-03-30 14:54:36 | INFO     | src.events.infectiondetection | Detected 3929 infections with antibiotic and culture criteria
2026-03-30 14:54:36 | INFO     | src.events.infectiondetection | Detecting infection with lactate and culture criteria
2026-03-30 14:54:37 | INFO     | src.events.infectiondetection | Detected 3309 infections with lactate and culture criteria
2026-03-30 14:54:37 | INFO     | src.events.infectiondetection | Detecting infection with code sepsis order criteria
2026-03-30 14:54:37 | INFO     | src.events.infectiondetection | Detected 1677 infections with code sepsis order criteria
2026-03-30 14:54:37 | INFO     | src.events.infectiondetection | Detecting infection with suspected infection criteria
2026-03-30 14:54:37 | INFO     | src.events.infectiondetection | Detected 901 infections with suspected infection criteria
2026-03-30 14:54:37 | INFO     | src.events.infectiondetection | --------------------------------------------------------------------------------
2026-03-30 14:54:37 | INFO     | src.events.infectiondetection | Combining infection detection results from all criteria
2026-03-30 14:54:37 | INFO     | src.events.infectiondetection | Combined infection detection results has 4032 rows and columns: ['EncounterEpicCsn', 'iv_dt', 'culture_dt', 'first_ev_time_iv_culture', 'ev_type_iv_culture', 'EncounterEpicCsn_lactcult', 'cul_dt', 'lac_dt', 'first_ev_time_lactcult', 'ev_type_lactcult', 'EncounterEpicCsn_codesepsis', 'first_ev_time_codesepsis', 'ev_type_codesepsis', 'EncounterEpicCsn_suspectedinfection', 'first_ev_time_flowsheet', 'ev_type_flowsheet', 'infection_time', 'infection_ev_type', 'first_ev_type']
2026-03-30 14:54:37 | INFO     | __main__ | Infection data detected. Saving dataframe to ../Sepsis-data/data/output/raw_data_phase2_v2/df_infect.parquet
2026-03-30 14:54:37 | INFO     | __main__ | =================================================================================
2026-03-30 14:54:40 | INFO     | src.events.aggregator | Created reference table with 2532253 rows based on unique combinations of EncounterEpicCsn and Event_DateTime
2026-03-30 14:54:40 | INFO     | src.events.aggregator | Aggregating feature max_temp_24h using max over last 1440.0 minutes for events in Temperature
2026-03-30 14:54:42 | INFO     | src.events.aggregator | Joining aggregated feature max_temp_24h back to reference table
2026-03-30 14:54:43 | INFO     | src.events.aggregator | Feature max_temp_24h aggregated and joined. Current reference table now has 2532253 rows and 3 columns.
2026-03-30 14:54:43 | INFO     | src.events.aggregator | --------------------------------------------------------------------------------
2026-03-30 14:54:43 | INFO     | src.events.aggregator | Aggregating feature min_temp_24h using min over last 1440.0 minutes for events in Temperature
2026-03-30 14:54:44 | INFO     | src.events.aggregator | Joining aggregated feature min_temp_24h back to reference table
2026-03-30 14:54:44 | INFO     | src.events.aggregator | Feature min_temp_24h aggregated and joined. Current reference table now has 2532253 rows and 4 columns.
2026-03-30 14:54:44 | INFO     | src.events.aggregator | --------------------------------------------------------------------------------
2026-03-30 14:54:44 | INFO     | src.events.aggregator | Aggregating feature max_pulse_24h using max over last 1440.0 minutes for events in Pulse
2026-03-30 14:54:53 | INFO     | src.events.aggregator | Joining aggregated feature max_pulse_24h back to reference table
2026-03-30 14:54:53 | INFO     | src.events.aggregator | Feature max_pulse_24h aggregated and joined. Current reference table now has 2532253 rows and 5 columns.
2026-03-30 14:54:53 | INFO     | src.events.aggregator | --------------------------------------------------------------------------------
2026-03-30 14:54:53 | INFO     | src.events.aggregator | Aggregating feature max_resp_24h using max over last 1440.0 minutes for events in Respirations
2026-03-30 14:55:00 | INFO     | src.events.aggregator | Joining aggregated feature max_resp_24h back to reference table
2026-03-30 14:55:01 | INFO     | src.events.aggregator | Feature max_resp_24h aggregated and joined. Current reference table now has 2532253 rows and 6 columns.
2026-03-30 14:55:01 | INFO     | src.events.aggregator | --------------------------------------------------------------------------------
2026-03-30 14:55:01 | INFO     | src.events.aggregator | Aggregating feature max_sbp_15m using max over last 15.0 minutes for events in Systolic Blood Pressure
2026-03-30 14:55:03 | INFO     | src.events.aggregator | Joining aggregated feature max_sbp_15m back to reference table
2026-03-30 14:55:03 | INFO     | src.events.aggregator | Feature max_sbp_15m aggregated and joined. Current reference table now has 2532253 rows and 7 columns.
2026-03-30 14:55:03 | INFO     | src.events.aggregator | --------------------------------------------------------------------------------
2026-03-30 14:55:03 | INFO     | src.events.aggregator | Aggregating feature max_map_15m using max over last 15.0 minutes for events in Arterial Blood Pressure Mean
2026-03-30 14:55:06 | INFO     | src.events.aggregator | Joining aggregated feature max_map_15m back to reference table
2026-03-30 14:55:06 | INFO     | src.events.aggregator | Feature max_map_15m aggregated and joined. Current reference table now has 2532253 rows and 8 columns.
2026-03-30 14:55:06 | INFO     | src.events.aggregator | --------------------------------------------------------------------------------
2026-03-30 14:55:06 | INFO     | src.events.aggregator | Aggregating feature max_wbc_24h using max over last 1440.0 minutes for events in WBC
2026-03-30 14:55:06 | INFO     | src.events.aggregator | Joining aggregated feature max_wbc_24h back to reference table
2026-03-30 14:55:06 | INFO     | src.events.aggregator | Feature max_wbc_24h aggregated and joined. Current reference table now has 2532253 rows and 9 columns.
2026-03-30 14:55:06 | INFO     | src.events.aggregator | --------------------------------------------------------------------------------
2026-03-30 14:55:06 | INFO     | src.events.aggregator | Aggregating feature min_wbc_24h using min over last 1440.0 minutes for events in WBC
2026-03-30 14:55:07 | INFO     | src.events.aggregator | Joining aggregated feature min_wbc_24h back to reference table
2026-03-30 14:55:07 | INFO     | src.events.aggregator | Feature min_wbc_24h aggregated and joined. Current reference table now has 2532253 rows and 10 columns.
2026-03-30 14:55:07 | INFO     | src.events.aggregator | --------------------------------------------------------------------------------
2026-03-30 14:55:07 | INFO     | src.events.aggregator | Aggregating feature max_creatinine_24h using max over last 1440.0 minutes for events in Creatinine
2026-03-30 14:55:08 | INFO     | src.events.aggregator | Joining aggregated feature max_creatinine_24h back to reference table
2026-03-30 14:55:08 | INFO     | src.events.aggregator | Feature max_creatinine_24h aggregated and joined. Current reference table now has 2532253 rows and 11 columns.
2026-03-30 14:55:08 | INFO     | src.events.aggregator | --------------------------------------------------------------------------------
2026-03-30 14:55:08 | INFO     | src.events.aggregator | Aggregating feature max_egfr_24h using max over last 1440.0 minutes for events in eGFR
2026-03-30 14:55:09 | INFO     | src.events.aggregator | Joining aggregated feature max_egfr_24h back to reference table
2026-03-30 14:55:09 | INFO     | src.events.aggregator | Feature max_egfr_24h aggregated and joined. Current reference table now has 2532253 rows and 12 columns.
2026-03-30 14:55:09 | INFO     | src.events.aggregator | --------------------------------------------------------------------------------
2026-03-30 14:55:09 | INFO     | src.events.aggregator | Aggregating feature max_bilirubin_24h using max over last 1440.0 minutes for events in Bilirubin
2026-03-30 14:55:09 | INFO     | src.events.aggregator | Joining aggregated feature max_bilirubin_24h back to reference table
2026-03-30 14:55:10 | INFO     | src.events.aggregator | Feature max_bilirubin_24h aggregated and joined. Current reference table now has 2532253 rows and 13 columns.
2026-03-30 14:55:10 | INFO     | src.events.aggregator | --------------------------------------------------------------------------------
2026-03-30 14:55:10 | INFO     | src.events.aggregator | Aggregating feature max_lactate_24h using max over last 1440.0 minutes for events in Lactate
2026-03-30 14:55:10 | INFO     | src.events.aggregator | Joining aggregated feature max_lactate_24h back to reference table
2026-03-30 14:55:10 | INFO     | src.events.aggregator | Feature max_lactate_24h aggregated and joined. Current reference table now has 2532253 rows and 14 columns.
2026-03-30 14:55:10 | INFO     | src.events.aggregator | --------------------------------------------------------------------------------
2026-03-30 14:55:10 | INFO     | src.events.aggregator | Aggregating feature min_platelets_24h using min over last 1440.0 minutes for events in Platelets
2026-03-30 14:55:11 | INFO     | src.events.aggregator | Joining aggregated feature min_platelets_24h back to reference table
2026-03-30 14:55:11 | INFO     | src.events.aggregator | Feature min_platelets_24h aggregated and joined. Current reference table now has 2532253 rows and 15 columns.
2026-03-30 14:55:11 | INFO     | src.events.aggregator | --------------------------------------------------------------------------------
2026-03-30 14:55:11 | INFO     | src.events.aggregator | Aggregating feature max_inr_24h using max over last 1440.0 minutes for events in INR
2026-03-30 14:55:12 | INFO     | src.events.aggregator | Joining aggregated feature max_inr_24h back to reference table
2026-03-30 14:55:12 | INFO     | src.events.aggregator | Feature max_inr_24h aggregated and joined. Current reference table now has 2532253 rows and 16 columns.
2026-03-30 14:55:12 | INFO     | src.events.aggregator | --------------------------------------------------------------------------------
2026-03-30 14:55:12 | INFO     | src.events.aggregator | Aggregating feature max_aptt_24h using max over last 1440.0 minutes for events in APTT
2026-03-30 14:55:12 | INFO     | src.events.aggregator | Joining aggregated feature max_aptt_24h back to reference table
2026-03-30 14:55:12 | INFO     | src.events.aggregator | Feature max_aptt_24h aggregated and joined. Current reference table now has 2532253 rows and 17 columns.
2026-03-30 14:55:12 | INFO     | src.events.aggregator | --------------------------------------------------------------------------------
2026-03-30 14:55:12 | INFO     | src.events.aggregator | Aggregating feature min_gcs_24h using min over last 1440.0 minutes for events in Glasgow Coma Score
2026-03-30 14:55:13 | INFO     | src.events.aggregator | Joining aggregated feature min_gcs_24h back to reference table
2026-03-30 14:55:13 | INFO     | src.events.aggregator | Feature min_gcs_24h aggregated and joined. Current reference table now has 2532253 rows and 18 columns.
2026-03-30 14:55:13 | INFO     | src.events.aggregator | --------------------------------------------------------------------------------
2026-03-30 14:55:13 | INFO     | src.events.aggregator | Aggregating feature max_vasopressin_24h using max over last 1440.0 minutes for events in Vasopressin
2026-03-30 14:55:14 | INFO     | src.events.aggregator | Joining aggregated feature max_vasopressin_24h back to reference table
2026-03-30 14:55:14 | INFO     | src.events.aggregator | Feature max_vasopressin_24h aggregated and joined. Current reference table now has 2532253 rows and 19 columns.
2026-03-30 14:55:14 | INFO     | src.events.aggregator | --------------------------------------------------------------------------------
2026-03-30 14:55:14 | INFO     | src.events.aggregator | Aggregating feature max_phenylephrine_24h using max over last 1440.0 minutes for events in Phenylephrine
2026-03-30 14:55:14 | INFO     | src.events.aggregator | Joining aggregated feature max_phenylephrine_24h back to reference table
2026-03-30 14:55:14 | INFO     | src.events.aggregator | Feature max_phenylephrine_24h aggregated and joined. Current reference table now has 2532253 rows and 20 columns.
2026-03-30 14:55:14 | INFO     | src.events.aggregator | --------------------------------------------------------------------------------
2026-03-30 14:55:14 | INFO     | src.events.aggregator | Aggregating feature max_norepinephrine_24h using max over last 1440.0 minutes for events in Norepinephrine
2026-03-30 14:55:15 | INFO     | src.events.aggregator | Joining aggregated feature max_norepinephrine_24h back to reference table
2026-03-30 14:55:15 | INFO     | src.events.aggregator | Feature max_norepinephrine_24h aggregated and joined. Current reference table now has 2532253 rows and 21 columns.
2026-03-30 14:55:15 | INFO     | src.events.aggregator | --------------------------------------------------------------------------------
2026-03-30 14:55:15 | INFO     | src.events.aggregator | Aggregating feature max_epinephrine_24h using max over last 1440.0 minutes for events in Epinephrine
2026-03-30 14:55:16 | INFO     | src.events.aggregator | Joining aggregated feature max_epinephrine_24h back to reference table
2026-03-30 14:55:16 | INFO     | src.events.aggregator | Feature max_epinephrine_24h aggregated and joined. Current reference table now has 2532253 rows and 22 columns.
2026-03-30 14:55:16 | INFO     | src.events.aggregator | --------------------------------------------------------------------------------
2026-03-30 14:55:16 | INFO     | src.events.aggregator | All features aggregated and joined back to reference table.
2026-03-30 14:55:16 | INFO     | __main__ | Aggregated features saved. Saving dataframe to ../Sepsis-data/data/output/raw_data_phase2_v2/df_agg.parquet
2026-03-30 14:55:16 | INFO     | __main__ | =================================================================================
2026-03-30 14:55:16 | INFO     | src.events.ventprocessor | Computing Vent Status
2026-03-30 14:55:16 | INFO     | src.events.ventprocessor | Joining vent events to the aggregated table from EventAggregator
2026-03-30 14:55:16 | INFO     | __main__ | Aggregated features with vent status saved. Saving dataframe to ../Sepsis-data/data/output/raw_data_phase2_v2/df_agg_vent.parquet
2026-03-30 14:55:17 | INFO     | __main__ | =================================================================================
2026-03-30 14:55:17 | INFO     | __main__ | Joining baseline values to aggregated dataframe. Baseline columns: ['Baseline_Creatinine', 'Baseline_eGFR', 'Baseline_Bilirubin', 'Baseline_Platelets', 'Baseline_SBP', 'Baseline_RespiratoryRate', 'Baseline_PulseRate', 'Baseline_WBC']
2026-03-30 14:55:18 | INFO     | src.events.organdysfunction.organdysfunction | (IF needed) Joining baseline values to aggregated dataframe for organ dysfunction calculation.
2026-03-30 14:55:18 | INFO     | src.events.organdysfunction.organdysfunction | Calculating pulmonary dysfunction flag.
2026-03-30 14:55:18 | INFO     | src.events.organdysfunction.organdysfunction | ----------------------------------------------------------------------------------
2026-03-30 14:55:18 | INFO     | src.events.organdysfunction.organdysfunction | Calculating coagulation dysfunction flag.
2026-03-30 14:55:18 | INFO     | src.events.organdysfunction.organdysfunction | ----------------------------------------------------------------------------------
2026-03-30 14:55:18 | INFO     | src.events.organdysfunction.organdysfunction | Calculating cardiovascular dysfunction flag.
2026-03-30 14:55:18 | INFO     | src.events.organdysfunction.organdysfunction | ----------------------------------------------------------------------------------
2026-03-30 14:55:18 | INFO     | src.events.organdysfunction.organdysfunction | Calculating renal dysfunction flag.
2026-03-30 14:55:18 | INFO     | src.events.organdysfunction.organdysfunction | ----------------------------------------------------------------------------------
2026-03-30 14:55:18 | INFO     | src.events.organdysfunction.organdysfunction | Calculating hepatic dysfunction flag.
2026-03-30 14:55:18 | INFO     | src.events.organdysfunction.organdysfunction | ----------------------------------------------------------------------------------
2026-03-30 14:55:18 | INFO     | src.events.organdysfunction.organdysfunction | Calculating neurological dysfunction flag.
2026-03-30 14:55:18 | INFO     | src.events.organdysfunction.organdysfunction | ----------------------------------------------------------------------------------
2026-03-30 14:55:18 | INFO     | src.events.organdysfunction.organdysfunction | Joining organ dysfunction flag dataframes to create final organ dysfunction dataframe.
2026-03-30 14:55:19 | INFO     | src.events.organdysfunction.organdysfunction | ----------------------------------------------------------------------------------
2026-03-30 14:55:19 | INFO     | src.events.organdysfunction.organdysfunction | Calculating total organ dysfunction flag by summing individual organ dysfunction flags.
2026-03-30 14:55:19 | INFO     | __main__ | Organ dysfunction labels saved. Saving dataframe to ../Sepsis-data/data/output/raw_data_phase2_v2/df_organdysfunction.parquet
2026-03-30 14:55:19 | INFO     | __main__ | =================================================================================
2026-03-30 14:55:19 | INFO     | src.events.septicshock | Calculating septic shock criteria.
2026-03-30 14:55:19 | INFO     | src.events.septicshock | Calculating SBP<90 flag for septic shock criteria.
2026-03-30 14:55:19 | INFO     | src.events.septicshock | Calculating SBP delta>40 flag for septic shock criteria.
2026-03-30 14:55:19 | INFO     | src.events.septicshock | -----------------------------------------------------------------------------------
2026-03-30 14:55:19 | INFO     | src.events.septicshock | Calculating MAP<65 flag for septic shock criteria.
2026-03-30 14:55:19 | INFO     | src.events.septicshock | -----------------------------------------------------------------------------------
2026-03-30 14:55:19 | INFO     | src.events.septicshock | Calculating lactate>4 flag for septic shock criteria.
2026-03-30 14:55:19 | INFO     | src.events.septicshock | -----------------------------------------------------------------------------------
2026-03-30 14:55:19 | INFO     | src.events.septicshock | Calculating vasopressor flag for septic shock criteria.
2026-03-30 14:55:19 | INFO     | src.events.septicshock | -----------------------------------------------------------------------------------
2026-03-30 14:55:19 | INFO     | __main__ | Septic shock labels saved. Saving dataframe to ../Sepsis-data/data/output/raw_data_phase2_v2/df_septicshock.parquet
2026-03-31 13:18:29 | INFO     | __main__ | Starting pipeline
2026-03-31 13:18:29 | INFO     | src.dataloader | Loading data from ../Sepsis-data/data/raw_data_phase2_v2
2026-03-31 13:18:30 | INFO     | src.dataloader | Data loaded. Shapes: lab_res=(1348752, 8), flowsheets=(3979, 31), med_admin=(269121, 8), procedures=(125403, 8), baseline=(3979, 31), diagnosis=(441520, 8)
2026-03-31 13:18:30 | INFO     | src.dataloader | --------------------------------------------------------------------------------
2026-03-31 13:18:30 | INFO     | src.dataloader | Data type casting completed.
2026-03-31 13:20:22 | INFO     | __main__ | Starting pipeline
2026-03-31 13:20:22 | INFO     | src.dataloader | Loading data from ../Sepsis-data/data/raw_data_phase2_v2
2026-03-31 13:20:22 | INFO     | src.dataloader | Data loaded. Shapes: lab_res=(1348752, 8), flowsheets=(3979, 31), med_admin=(269121, 8), procedures=(125403, 8), baseline=(3979, 31), diagnosis=(441520, 8)
2026-03-31 13:20:22 | INFO     | src.dataloader | --------------------------------------------------------------------------------
2026-03-31 13:35:37 | INFO     | __main__ | Starting pipeline
2026-03-31 13:35:37 | INFO     | src.dataloader | Loading data from ../Sepsis-data/data/raw_data_phase2_v2
2026-03-31 13:35:38 | INFO     | src.dataloader | Data loaded. Shapes: lab_res=(1348752, 8), flowsheets=(6643896, 8), med_admin=(269121, 8), procedures=(125403, 8), baseline=(3979, 31), diagnosis=(441520, 8)
2026-03-31 13:35:38 | INFO     | src.dataloader | --------------------------------------------------------------------------------
2026-03-31 13:35:38 | INFO     | src.dataloader | Data type casting completed.
2026-03-31 13:35:39 | INFO     | src.dataloader | Concatenated all data into a single DataFrame with shape (8828692, 39) and columns ['EncounterEpicCsn', 'Event_DateTime', 'Type', 'Event_Grouper', 'Event_Name', 'NumericValue', 'Value', 'Flag', 'PrimaryMrn', 'EncounterEpicCsn_right', 'AdmissionDateValue', 'DischargeDateValue', 'Arrival_Instant', 'InpatientAdmissionInstant', 'Admitted_from_ED', 'PatientClass', 'InpatientAdmissionPatientClass', 'HospitalService', 'AdmittingDepartment', 'DischargeDepartment', 'AdmissionType', 'AdmissionSource', 'AdmissionOrigin', 'PrincipalProblem', 'PrimaryCodedDiagnosis', 'PrimaryCodedProcedureKey', 'Death_Flag', 'Original_POA_Condition', 'Sepsis_Category', 'Baseline_SBP', 'Baseline_RespiratoryRate', 'Baseline_PulseRate', 'Baseline_Creatinine', 'Baseline_Platelets', 'Baseline_Bilirubin', 'Baseline_eGFR', 'Baseline_WBC', 'Suspected_Infection_Time', 'Suspected_Infection_Criteria_Met']
2026-03-31 13:35:41 | INFO     | src.dataloader | Dropped duplicate rows. Before: 8828692, After: 8807339, Dropped: 21353
2026-03-31 13:35:41 | INFO     | src.dataloader | Filtering out rows with null EncounterEpicCsn or Event_DateTime
2026-03-31 13:35:41 | INFO     | src.dataloader | After filtering, df_all has shape (8807339, 39)
2026-03-31 13:35:41 | INFO     | __main__ | Initial data loaded. Saving dataframe to ../Sepsis-data/data/output/raw_data_phase2_v2/df_all.parquet
2026-03-31 13:35:42 | INFO     | __main__ | =================================================================================
2026-03-31 13:35:42 | INFO     | src.events.infectiondetection | Detecting infection with antibiotic and culture criteria
2026-03-31 13:35:43 | INFO     | src.events.infectiondetection | Detected 3929 infections with antibiotic and culture criteria
2026-03-31 13:35:43 | INFO     | src.events.infectiondetection | Detecting infection with lactate and culture criteria
2026-03-31 13:35:43 | INFO     | src.events.infectiondetection | Detected 3309 infections with lactate and culture criteria
2026-03-31 13:35:43 | INFO     | src.events.infectiondetection | Detecting infection with code sepsis order criteria
2026-03-31 13:35:43 | INFO     | src.events.infectiondetection | Detected 1677 infections with code sepsis order criteria
2026-03-31 13:35:43 | INFO     | src.events.infectiondetection | Detecting infection with suspected infection criteria
2026-03-31 13:35:44 | INFO     | src.events.infectiondetection | Detected 901 infections with suspected infection criteria
2026-03-31 13:35:44 | INFO     | src.events.infectiondetection | --------------------------------------------------------------------------------
2026-03-31 13:35:44 | INFO     | src.events.infectiondetection | Combining infection detection results from all criteria
2026-03-31 13:35:44 | INFO     | src.events.infectiondetection | Combined infection detection results has 4032 rows and columns: ['EncounterEpicCsn', 'iv_dt', 'culture_dt', 'first_ev_time_iv_culture', 'ev_type_iv_culture', 'EncounterEpicCsn_lactcult', 'cul_dt', 'lac_dt', 'first_ev_time_lactcult', 'ev_type_lactcult', 'EncounterEpicCsn_codesepsis', 'first_ev_time_codesepsis', 'ev_type_codesepsis', 'EncounterEpicCsn_suspectedinfection', 'first_ev_time_flowsheet', 'ev_type_flowsheet', 'infection_time', 'infection_ev_type', 'first_ev_type']
2026-03-31 13:35:44 | INFO     | __main__ | Infection data detected. Saving dataframe to ../Sepsis-data/data/output/raw_data_phase2_v2/df_infect.parquet
2026-03-31 13:35:44 | INFO     | __main__ | =================================================================================
2026-03-31 13:35:45 | INFO     | __main__ | Starting pipeline
2026-03-31 13:35:45 | INFO     | src.dataloader | Loading data from ../Sepsis-data/data/raw_data_phase2_v2
2026-03-31 13:35:46 | INFO     | src.dataloader | Data loaded. Shapes: lab_res=(1348752, 8), flowsheets=(6643896, 8), med_admin=(269121, 8), procedures=(125403, 8), baseline=(3979, 31), diagnosis=(441520, 8)
2026-03-31 13:35:46 | INFO     | src.dataloader | --------------------------------------------------------------------------------
2026-03-31 13:35:46 | INFO     | src.dataloader | Data type casting completed.
2026-03-31 13:35:47 | INFO     | src.dataloader | Concatenated all data into a single DataFrame with shape (8828692, 39) and columns ['EncounterEpicCsn', 'Event_DateTime', 'Type', 'Event_Grouper', 'Event_Name', 'NumericValue', 'Value', 'Flag', 'PrimaryMrn', 'EncounterEpicCsn_right', 'AdmissionDateValue', 'DischargeDateValue', 'Arrival_Instant', 'InpatientAdmissionInstant', 'Admitted_from_ED', 'PatientClass', 'InpatientAdmissionPatientClass', 'HospitalService', 'AdmittingDepartment', 'DischargeDepartment', 'AdmissionType', 'AdmissionSource', 'AdmissionOrigin', 'PrincipalProblem', 'PrimaryCodedDiagnosis', 'PrimaryCodedProcedureKey', 'Death_Flag', 'Original_POA_Condition', 'Sepsis_Category', 'Baseline_SBP', 'Baseline_RespiratoryRate', 'Baseline_PulseRate', 'Baseline_Creatinine', 'Baseline_Platelets', 'Baseline_Bilirubin', 'Baseline_eGFR', 'Baseline_WBC', 'Suspected_Infection_Time', 'Suspected_Infection_Criteria_Met']
2026-03-31 13:35:49 | INFO     | src.dataloader | Dropped duplicate rows. Before: 8828692, After: 8807339, Dropped: 21353
2026-03-31 13:35:49 | INFO     | src.dataloader | Filtering out rows with null EncounterEpicCsn or Event_DateTime
2026-03-31 13:35:49 | INFO     | src.dataloader | After filtering, df_all has shape (8807339, 39)
2026-03-31 13:35:49 | INFO     | __main__ | Initial data loaded. Saving dataframe to ../Sepsis-data/data/output/raw_data_phase2_v2/df_all.parquet
2026-03-31 13:35:50 | INFO     | __main__ | =================================================================================
2026-03-31 13:35:50 | INFO     | src.events.infectiondetection | Detecting infection with antibiotic and culture criteria
2026-03-31 13:35:50 | INFO     | src.events.infectiondetection | Detected 3929 infections with antibiotic and culture criteria
2026-03-31 13:35:50 | INFO     | src.events.infectiondetection | Detecting infection with lactate and culture criteria
2026-03-31 13:35:51 | INFO     | src.events.infectiondetection | Detected 3309 infections with lactate and culture criteria
2026-03-31 13:35:51 | INFO     | src.events.infectiondetection | Detecting infection with code sepsis order criteria
2026-03-31 13:35:51 | INFO     | src.events.infectiondetection | Detected 1677 infections with code sepsis order criteria
2026-03-31 13:35:51 | INFO     | src.events.infectiondetection | Detecting infection with suspected infection criteria
2026-03-31 13:35:51 | INFO     | src.events.infectiondetection | Detected 901 infections with suspected infection criteria
2026-03-31 13:35:51 | INFO     | src.events.infectiondetection | --------------------------------------------------------------------------------
2026-03-31 13:35:51 | INFO     | src.events.infectiondetection | Combining infection detection results from all criteria
2026-03-31 13:35:51 | INFO     | src.events.infectiondetection | Combined infection detection results has 4032 rows and columns: ['EncounterEpicCsn', 'iv_dt', 'culture_dt', 'first_ev_time_iv_culture', 'ev_type_iv_culture', 'EncounterEpicCsn_lactcult', 'cul_dt', 'lac_dt', 'first_ev_time_lactcult', 'ev_type_lactcult', 'EncounterEpicCsn_codesepsis', 'first_ev_time_codesepsis', 'ev_type_codesepsis', 'EncounterEpicCsn_suspectedinfection', 'first_ev_time_flowsheet', 'ev_type_flowsheet', 'infection_time', 'infection_ev_type', 'first_ev_type']
2026-03-31 13:35:51 | INFO     | __main__ | Infection data detected. Saving dataframe to ../Sepsis-data/data/output/raw_data_phase2_v2/df_infect.parquet
2026-03-31 13:35:51 | INFO     | __main__ | =================================================================================
2026-03-31 13:35:54 | INFO     | src.events.aggregator | Created reference table with 2532365 rows based on unique combinations of EncounterEpicCsn and Event_DateTime
2026-03-31 13:35:54 | INFO     | src.events.aggregator | Aggregating feature max_temp_24h using max over last 1440.0 minutes for events in Temperature
2026-03-31 13:35:56 | INFO     | src.events.aggregator | Joining aggregated feature max_temp_24h back to reference table
2026-03-31 13:35:56 | INFO     | src.events.aggregator | Feature max_temp_24h aggregated and joined. Current reference table now has 2532365 rows and 3 columns.
2026-03-31 13:35:56 | INFO     | src.events.aggregator | --------------------------------------------------------------------------------
2026-03-31 13:35:56 | INFO     | src.events.aggregator | Aggregating feature min_temp_24h using min over last 1440.0 minutes for events in Temperature
2026-03-31 13:35:58 | INFO     | src.events.aggregator | Joining aggregated feature min_temp_24h back to reference table
2026-03-31 13:35:58 | INFO     | src.events.aggregator | Feature min_temp_24h aggregated and joined. Current reference table now has 2532365 rows and 4 columns.
2026-03-31 13:35:58 | INFO     | src.events.aggregator | --------------------------------------------------------------------------------
2026-03-31 13:35:58 | INFO     | src.events.aggregator | Aggregating feature max_pulse_24h using max over last 1440.0 minutes for events in Pulse
2026-03-31 13:36:07 | INFO     | src.events.aggregator | Joining aggregated feature max_pulse_24h back to reference table
2026-03-31 13:36:07 | INFO     | src.events.aggregator | Feature max_pulse_24h aggregated and joined. Current reference table now has 2532365 rows and 5 columns.
2026-03-31 13:36:07 | INFO     | src.events.aggregator | --------------------------------------------------------------------------------
2026-03-31 13:36:07 | INFO     | src.events.aggregator | Aggregating feature max_resp_24h using max over last 1440.0 minutes for events in Respirations
2026-03-31 13:36:14 | INFO     | src.events.aggregator | Joining aggregated feature max_resp_24h back to reference table
2026-03-31 13:36:14 | INFO     | src.events.aggregator | Feature max_resp_24h aggregated and joined. Current reference table now has 2532365 rows and 6 columns.
2026-03-31 13:36:14 | INFO     | src.events.aggregator | --------------------------------------------------------------------------------
2026-03-31 13:36:14 | INFO     | src.events.aggregator | Aggregating feature max_sbp_15m using max over last 15.0 minutes for events in Systolic Blood Pressure
2026-03-31 13:36:16 | INFO     | src.events.aggregator | Joining aggregated feature max_sbp_15m back to reference table
2026-03-31 13:36:16 | INFO     | src.events.aggregator | Feature max_sbp_15m aggregated and joined. Current reference table now has 2532365 rows and 7 columns.
2026-03-31 13:36:16 | INFO     | src.events.aggregator | --------------------------------------------------------------------------------
2026-03-31 13:36:16 | INFO     | src.events.aggregator | Aggregating feature max_map_15m using max over last 15.0 minutes for events in Arterial Blood Pressure Mean
2026-03-31 13:36:19 | INFO     | src.events.aggregator | Joining aggregated feature max_map_15m back to reference table
2026-03-31 13:36:19 | INFO     | src.events.aggregator | Feature max_map_15m aggregated and joined. Current reference table now has 2532365 rows and 8 columns.
2026-03-31 13:36:19 | INFO     | src.events.aggregator | --------------------------------------------------------------------------------
2026-03-31 13:36:19 | INFO     | src.events.aggregator | Aggregating feature max_wbc_24h using max over last 1440.0 minutes for events in WBC
2026-03-31 13:36:20 | INFO     | src.events.aggregator | Joining aggregated feature max_wbc_24h back to reference table
2026-03-31 13:36:20 | INFO     | src.events.aggregator | Feature max_wbc_24h aggregated and joined. Current reference table now has 2532365 rows and 9 columns.
2026-03-31 13:36:20 | INFO     | src.events.aggregator | --------------------------------------------------------------------------------
2026-03-31 13:36:20 | INFO     | src.events.aggregator | Aggregating feature min_wbc_24h using min over last 1440.0 minutes for events in WBC
2026-03-31 13:36:20 | INFO     | src.events.aggregator | Joining aggregated feature min_wbc_24h back to reference table
2026-03-31 13:36:20 | INFO     | src.events.aggregator | Feature min_wbc_24h aggregated and joined. Current reference table now has 2532365 rows and 10 columns.
2026-03-31 13:36:20 | INFO     | src.events.aggregator | --------------------------------------------------------------------------------
2026-03-31 13:36:20 | INFO     | src.events.aggregator | Aggregating feature max_creatinine_24h using max over last 1440.0 minutes for events in Creatinine
2026-03-31 13:36:21 | INFO     | src.events.aggregator | Joining aggregated feature max_creatinine_24h back to reference table
2026-03-31 13:36:21 | INFO     | src.events.aggregator | Feature max_creatinine_24h aggregated and joined. Current reference table now has 2532365 rows and 11 columns.
2026-03-31 13:36:21 | INFO     | src.events.aggregator | --------------------------------------------------------------------------------
2026-03-31 13:36:21 | INFO     | src.events.aggregator | Aggregating feature max_egfr_24h using max over last 1440.0 minutes for events in eGFR
2026-03-31 13:36:22 | INFO     | src.events.aggregator | Joining aggregated feature max_egfr_24h back to reference table
2026-03-31 13:36:22 | INFO     | src.events.aggregator | Feature max_egfr_24h aggregated and joined. Current reference table now has 2532365 rows and 12 columns.
2026-03-31 13:36:22 | INFO     | src.events.aggregator | --------------------------------------------------------------------------------
2026-03-31 13:36:22 | INFO     | src.events.aggregator | Aggregating feature max_bilirubin_24h using max over last 1440.0 minutes for events in Bilirubin
2026-03-31 13:36:23 | INFO     | src.events.aggregator | Joining aggregated feature max_bilirubin_24h back to reference table
2026-03-31 13:36:23 | INFO     | src.events.aggregator | Feature max_bilirubin_24h aggregated and joined. Current reference table now has 2532365 rows and 13 columns.
2026-03-31 13:36:23 | INFO     | src.events.aggregator | --------------------------------------------------------------------------------
2026-03-31 13:36:23 | INFO     | src.events.aggregator | Aggregating feature max_lactate_24h using max over last 1440.0 minutes for events in Lactate
2026-03-31 13:36:23 | INFO     | src.events.aggregator | Joining aggregated feature max_lactate_24h back to reference table
2026-03-31 13:36:23 | INFO     | src.events.aggregator | Feature max_lactate_24h aggregated and joined. Current reference table now has 2532365 rows and 14 columns.
2026-03-31 13:36:23 | INFO     | src.events.aggregator | --------------------------------------------------------------------------------
2026-03-31 13:36:23 | INFO     | src.events.aggregator | Aggregating feature min_platelets_24h using min over last 1440.0 minutes for events in Platelets
2026-03-31 13:36:24 | INFO     | src.events.aggregator | Joining aggregated feature min_platelets_24h back to reference table
2026-03-31 13:36:24 | INFO     | src.events.aggregator | Feature min_platelets_24h aggregated and joined. Current reference table now has 2532365 rows and 15 columns.
2026-03-31 13:36:24 | INFO     | src.events.aggregator | --------------------------------------------------------------------------------
2026-03-31 13:36:24 | INFO     | src.events.aggregator | Aggregating feature max_inr_24h using max over last 1440.0 minutes for events in INR
2026-03-31 13:36:25 | INFO     | src.events.aggregator | Joining aggregated feature max_inr_24h back to reference table
2026-03-31 13:36:25 | INFO     | src.events.aggregator | Feature max_inr_24h aggregated and joined. Current reference table now has 2532365 rows and 16 columns.
2026-03-31 13:36:25 | INFO     | src.events.aggregator | --------------------------------------------------------------------------------
2026-03-31 13:36:25 | INFO     | src.events.aggregator | Aggregating feature max_aptt_24h using max over last 1440.0 minutes for events in APTT
2026-03-31 13:36:25 | INFO     | src.events.aggregator | Joining aggregated feature max_aptt_24h back to reference table
2026-03-31 13:36:25 | INFO     | src.events.aggregator | Feature max_aptt_24h aggregated and joined. Current reference table now has 2532365 rows and 17 columns.
2026-03-31 13:36:25 | INFO     | src.events.aggregator | --------------------------------------------------------------------------------
2026-03-31 13:36:25 | INFO     | src.events.aggregator | Aggregating feature min_gcs_24h using min over last 1440.0 minutes for events in Glasgow Coma Score
2026-03-31 13:36:26 | INFO     | src.events.aggregator | Joining aggregated feature min_gcs_24h back to reference table
2026-03-31 13:36:27 | INFO     | src.events.aggregator | Feature min_gcs_24h aggregated and joined. Current reference table now has 2532365 rows and 18 columns.
2026-03-31 13:36:27 | INFO     | src.events.aggregator | --------------------------------------------------------------------------------
2026-03-31 13:36:27 | INFO     | src.events.aggregator | Aggregating feature max_vasopressin_24h using max over last 1440.0 minutes for events in Vasopressin
2026-03-31 13:36:27 | INFO     | src.events.aggregator | Joining aggregated feature max_vasopressin_24h back to reference table
2026-03-31 13:36:27 | INFO     | src.events.aggregator | Feature max_vasopressin_24h aggregated and joined. Current reference table now has 2532365 rows and 19 columns.
2026-03-31 13:36:27 | INFO     | src.events.aggregator | --------------------------------------------------------------------------------
2026-03-31 13:36:27 | INFO     | src.events.aggregator | Aggregating feature max_phenylephrine_24h using max over last 1440.0 minutes for events in Phenylephrine
2026-03-31 13:36:28 | INFO     | src.events.aggregator | Joining aggregated feature max_phenylephrine_24h back to reference table
2026-03-31 13:36:28 | INFO     | src.events.aggregator | Feature max_phenylephrine_24h aggregated and joined. Current reference table now has 2532365 rows and 20 columns.
2026-03-31 13:36:28 | INFO     | src.events.aggregator | --------------------------------------------------------------------------------
2026-03-31 13:36:28 | INFO     | src.events.aggregator | Aggregating feature max_norepinephrine_24h using max over last 1440.0 minutes for events in Norepinephrine
2026-03-31 13:36:28 | INFO     | src.events.aggregator | Joining aggregated feature max_norepinephrine_24h back to reference table
2026-03-31 13:36:28 | INFO     | src.events.aggregator | Feature max_norepinephrine_24h aggregated and joined. Current reference table now has 2532365 rows and 21 columns.
2026-03-31 13:36:28 | INFO     | src.events.aggregator | --------------------------------------------------------------------------------
2026-03-31 13:36:28 | INFO     | src.events.aggregator | Aggregating feature max_epinephrine_24h using max over last 1440.0 minutes for events in Epinephrine
2026-03-31 13:36:29 | INFO     | src.events.aggregator | Joining aggregated feature max_epinephrine_24h back to reference table
2026-03-31 13:36:29 | INFO     | src.events.aggregator | Feature max_epinephrine_24h aggregated and joined. Current reference table now has 2532365 rows and 22 columns.
2026-03-31 13:36:29 | INFO     | src.events.aggregator | --------------------------------------------------------------------------------
2026-03-31 13:36:29 | INFO     | src.events.aggregator | All features aggregated and joined back to reference table.
2026-03-31 13:36:29 | INFO     | __main__ | Aggregated features saved. Saving dataframe to ../Sepsis-data/data/output/raw_data_phase2_v2/df_agg.parquet
2026-03-31 13:36:29 | INFO     | __main__ | =================================================================================
2026-03-31 13:36:29 | INFO     | src.events.ventprocessor | Computing Vent Status
2026-03-31 13:36:29 | INFO     | src.events.ventprocessor | Joining vent events to the aggregated table from EventAggregator
2026-03-31 13:36:30 | INFO     | __main__ | Aggregated features with vent status saved. Saving dataframe to ../Sepsis-data/data/output/raw_data_phase2_v2/df_agg_vent.parquet
2026-03-31 13:36:30 | INFO     | __main__ | =================================================================================
2026-03-31 13:36:30 | INFO     | __main__ | Joining baseline values to aggregated dataframe. Baseline columns: ['Baseline_Creatinine', 'Baseline_eGFR', 'Baseline_Bilirubin', 'Baseline_Platelets', 'Baseline_SBP', 'Baseline_RespiratoryRate', 'Baseline_PulseRate', 'Baseline_WBC']
2026-03-31 13:36:31 | INFO     | src.events.organdysfunction.organdysfunction | (IF needed) Joining baseline values to aggregated dataframe for organ dysfunction calculation.
2026-03-31 13:36:31 | INFO     | src.events.organdysfunction.organdysfunction | Calculating pulmonary dysfunction flag.
2026-03-31 13:36:31 | INFO     | src.events.organdysfunction.organdysfunction | ----------------------------------------------------------------------------------
2026-03-31 13:36:31 | INFO     | src.events.organdysfunction.organdysfunction | Calculating coagulation dysfunction flag.
2026-03-31 13:36:31 | INFO     | src.events.organdysfunction.organdysfunction | ----------------------------------------------------------------------------------
2026-03-31 13:36:31 | INFO     | src.events.organdysfunction.organdysfunction | Calculating cardiovascular dysfunction flag.
2026-03-31 13:36:31 | INFO     | src.events.organdysfunction.organdysfunction | ----------------------------------------------------------------------------------
2026-03-31 13:36:31 | INFO     | src.events.organdysfunction.organdysfunction | Calculating renal dysfunction flag.
2026-03-31 13:36:31 | INFO     | src.events.organdysfunction.organdysfunction | ----------------------------------------------------------------------------------
2026-03-31 13:36:31 | INFO     | src.events.organdysfunction.organdysfunction | Calculating hepatic dysfunction flag.
2026-03-31 13:36:31 | INFO     | src.events.organdysfunction.organdysfunction | ----------------------------------------------------------------------------------
2026-03-31 13:36:31 | INFO     | src.events.organdysfunction.organdysfunction | Calculating neurological dysfunction flag.
2026-03-31 13:36:31 | INFO     | src.events.organdysfunction.organdysfunction | ----------------------------------------------------------------------------------
2026-03-31 13:36:31 | INFO     | src.events.organdysfunction.organdysfunction | Joining organ dysfunction flag dataframes to create final organ dysfunction dataframe.
2026-03-31 13:36:32 | INFO     | src.events.organdysfunction.organdysfunction | ----------------------------------------------------------------------------------
2026-03-31 13:36:32 | INFO     | src.events.organdysfunction.organdysfunction | Calculating total organ dysfunction flag by summing individual organ dysfunction flags.
2026-03-31 13:36:32 | INFO     | __main__ | Organ dysfunction labels saved. Saving dataframe to ../Sepsis-data/data/output/raw_data_phase2_v2/df_organdysfunction.parquet
2026-03-31 13:36:32 | INFO     | __main__ | =================================================================================
2026-03-31 13:36:32 | INFO     | src.events.septicshock | Calculating septic shock criteria.
2026-03-31 13:36:32 | INFO     | src.events.septicshock | Calculating SBP<90 flag for septic shock criteria.
2026-03-31 13:36:32 | INFO     | src.events.septicshock | Calculating SBP delta>40 flag for septic shock criteria.
2026-03-31 13:36:32 | INFO     | src.events.septicshock | -----------------------------------------------------------------------------------
2026-03-31 13:36:32 | INFO     | src.events.septicshock | Calculating MAP<65 flag for septic shock criteria.
2026-03-31 13:36:32 | INFO     | src.events.septicshock | -----------------------------------------------------------------------------------
2026-03-31 13:36:32 | INFO     | src.events.septicshock | Calculating lactate>4 flag for septic shock criteria.
2026-03-31 13:36:32 | INFO     | src.events.septicshock | -----------------------------------------------------------------------------------
2026-03-31 13:36:32 | INFO     | src.events.septicshock | Calculating vasopressor flag for septic shock criteria.
2026-03-31 13:36:32 | INFO     | src.events.septicshock | -----------------------------------------------------------------------------------
2026-03-31 13:36:32 | INFO     | __main__ | Septic shock labels saved. Saving dataframe to ../Sepsis-data/data/output/raw_data_phase2_v2/df_septicshock.parquet
2026-04-02 15:51:21 | INFO     | __main__ | Starting pipeline
2026-04-02 15:51:21 | INFO     | src.dataloader | Loading data from ../Sepsis-data/data/raw_data_phase2_v2
2026-04-02 20:46:44 | INFO     | __main__ | Starting pipeline
2026-04-02 20:46:44 | INFO     | __main__ | Starting pipeline
2026-04-02 20:46:44 | INFO     | src.dataloader | Loading data from ../Sepsis-data/data/raw_data_phase2_v2
2026-04-02 20:46:44 | INFO     | src.dataloader | Loading data from ../Sepsis-data/data/raw_data_phase2_v2
2026-04-02 20:47:45 | INFO     | __main__ | Starting pipeline
2026-04-02 20:47:45 | INFO     | src.dataloader | Loading data from ../Sepsis-data/data/raw_data_phase2_v2
2026-04-02 20:48:48 | INFO     | __main__ | Starting pipeline
2026-04-02 20:48:48 | INFO     | src.dataloader | Loading data from ../Sepsis-data/data/raw_data_phase2_v2
2026-04-02 20:50:41 | INFO     | __main__ | Starting pipeline
2026-04-02 20:50:41 | INFO     | src.dataloader | Loading data from ../Sepsis-data/data/raw_data_phase2_v2
2026-04-02 20:51:03 | INFO     | __main__ | Starting pipeline
2026-04-02 20:51:03 | INFO     | src.dataloader | Loading data from ../Sepsis-data/data/raw_data_phase2_v2
2026-04-03 12:16:11 | INFO     | __main__ | Starting pipeline
2026-04-03 12:16:11 | INFO     | src.dataloader | Loading data from ../Sepsis-data/data/raw_data_phase2_v2
2026-04-03 12:20:33 | INFO     | __main__ | Starting pipeline
2026-04-03 12:20:33 | INFO     | src.dataloader | Loading data from ../Sepsis-data/data/raw_data_phase2_v2
2026-04-03 12:20:35 | INFO     | src.dataloader | Data loaded. Shapes: lab_res=(1348752, 8), flowsheets=(6643896, 8), med_admin=(269121, 8), procedures=(125403, 8), baseline=(1929174, 90), diagnosis=(441520, 8)
2026-04-03 12:20:35 | INFO     | src.dataloader | --------------------------------------------------------------------------------
2026-04-03 12:20:36 | INFO     | src.dataloader | Data type casting completed.
2026-04-03 12:24:17 | INFO     | __main__ | Starting pipeline
2026-04-03 12:24:17 | INFO     | src.dataloader | Loading data from ../Sepsis-data/data/raw_data_phase2_v2
2026-04-03 12:24:19 | INFO     | src.dataloader | Data loaded. Shapes: lab_res=(1348752, 8), flowsheets=(6643896, 8), med_admin=(269121, 8), procedures=(125403, 8), baseline=(1929174, 90), diagnosis=(441520, 8)
2026-04-03 12:24:19 | INFO     | src.dataloader | --------------------------------------------------------------------------------
2026-04-03 12:24:40 | INFO     | src.dataloader | Data type casting completed.
2026-04-03 12:51:37 | INFO     | __main__ | Starting pipeline
2026-04-03 12:51:37 | INFO     | src.dataloader | Loading data from ../Sepsis-data/data/raw_data_phase2_v2
2026-04-03 12:51:40 | INFO     | src.dataloader | Data loaded. Shapes: lab_res=(1348752, 8), flowsheets=(6643896, 8), med_admin=(269121, 8), procedures=(125403, 8), baseline=(1929174, 90), diagnosis=(441520, 8)
2026-04-03 12:51:40 | INFO     | src.dataloader | --------------------------------------------------------------------------------
2026-04-03 12:51:48 | INFO     | src.dataloader | Data type casting completed.
2026-04-03 13:38:22 | INFO     | __main__ | Starting pipeline
2026-04-03 13:38:22 | INFO     | src.dataloader | Loading data from ../Sepsis-data/data/raw_data_phase2_v2
2026-04-03 13:38:24 | INFO     | src.dataloader | Data loaded. Shapes: lab_res=(1348752, 8), flowsheets=(6643896, 8), med_admin=(269121, 8), procedures=(125403, 8), baseline=(3980, 31), diagnosis=(441520, 8)
2026-04-03 13:38:24 | INFO     | src.dataloader | --------------------------------------------------------------------------------
2026-04-03 13:38:24 | INFO     | src.dataloader | Data type casting completed.
2026-04-03 14:22:11 | INFO     | __main__ | Starting pipeline
2026-04-03 14:22:11 | INFO     | src.dataloader | Loading data from ../Sepsis-data/data/raw_data_phase2_v2
2026-04-03 14:22:14 | INFO     | src.dataloader | Data loaded. Shapes: lab_res=(1348752, 8), flowsheets=(6643896, 8), med_admin=(269121, 8), procedures=(125403, 8), baseline=(3980, 31), diagnosis=(441520, 8)
2026-04-03 14:22:14 | INFO     | src.dataloader | --------------------------------------------------------------------------------
2026-04-03 14:22:15 | INFO     | src.dataloader | Data type casting completed.
2026-04-03 14:22:17 | INFO     | src.dataloader | Concatenated all data into a single DataFrame with shape (8828692, 39) and columns ['EncounterEpicCsn', 'Event_DateTime', 'Type', 'Event_Grouper', 'Event_Name', 'NumericValue', 'Value', 'Flag', 'EncounterEpicCsn_right', 'PrimaryMrn', 'AdmissionDateValue', 'DischargeDateValue', 'Arrival_Instant', 'InpatientAdmissionInstant', 'Admitted_from_ED', 'PatientClass', 'InpatientAdmissionPatientClass', 'HospitalService', 'AdmittingDepartment', 'DischargeDepartment', 'AdmissionType', 'AdmissionSource', 'AdmissionOrigin', 'PrincipalProblem', 'PrimaryCodedDiagnosis', 'PrimaryCodedProcedureKey', 'Death_Flag', 'Original_POA_Condition', 'Sepsis_Category', 'Baseline_SBP', 'Baseline_RespiratoryRate', 'Baseline_PulseRate', 'Baseline_Creatinine', 'Baseline_Platelets', 'Baseline_Bilirubin', 'Baseline_eGFR', 'Baseline_WBC', 'Suspected_Infection_Time', 'Suspected_Infection_Criteria_Met']
2026-04-03 14:22:21 | INFO     | src.dataloader | Dropped duplicate rows. Before: 8828692, After: 8807339, Dropped: 21353
2026-04-03 14:22:21 | INFO     | src.dataloader | Filtering out rows with null EncounterEpicCsn or Event_DateTime
2026-04-03 14:22:21 | INFO     | src.dataloader | After filtering, df_all has shape (8807339, 39)
2026-04-04 19:43:06 | INFO     | __main__ | Starting pipeline
2026-04-04 19:43:06 | INFO     | src.dataloader | Loading data from ../Sepsis-data/data/raw_data_phase2_v2
2026-04-04 19:43:08 | INFO     | src.dataloader | Data loaded. Shapes: lab_res=(1348752, 8), flowsheets=(6643896, 8), med_admin=(269121, 8), procedures=(125403, 8), baseline=(3980, 31), diagnosis=(441520, 8)
2026-04-04 19:43:08 | INFO     | src.dataloader | --------------------------------------------------------------------------------
2026-04-04 19:43:08 | INFO     | src.dataloader | Data type casting completed.
2026-04-04 19:43:10 | INFO     | src.dataloader | Concatenated all data into a single DataFrame with shape (8828692, 39) and columns ['EncounterEpicCsn', 'Event_DateTime', 'Type', 'Event_Grouper', 'Event_Name', 'NumericValue', 'Value', 'Flag', 'EncounterEpicCsn_right', 'PrimaryMrn', 'AdmissionDateValue', 'DischargeDateValue', 'Arrival_Instant', 'InpatientAdmissionInstant', 'Admitted_from_ED', 'PatientClass', 'InpatientAdmissionPatientClass', 'HospitalService', 'AdmittingDepartment', 'DischargeDepartment', 'AdmissionType', 'AdmissionSource', 'AdmissionOrigin', 'PrincipalProblem', 'PrimaryCodedDiagnosis', 'PrimaryCodedProcedureKey', 'Death_Flag', 'Original_POA_Condition', 'Sepsis_Category', 'Baseline_SBP', 'Baseline_RespiratoryRate', 'Baseline_PulseRate', 'Baseline_Creatinine', 'Baseline_Platelets', 'Baseline_Bilirubin', 'Baseline_eGFR', 'Baseline_WBC', 'Suspected_Infection_Time', 'Suspected_Infection_Criteria_Met']
2026-04-04 19:43:12 | INFO     | src.dataloader | Dropped duplicate rows. Before: 8828692, After: 8807339, Dropped: 21353
2026-04-04 19:43:12 | INFO     | src.dataloader | Filtering out rows with null EncounterEpicCsn or Event_DateTime
2026-04-04 19:43:12 | INFO     | src.dataloader | After filtering, df_all has shape (8807339, 39)
2026-04-04 19:43:12 | INFO     | __main__ | Initial data loaded. Saving dataframe to ../Sepsis-data/data/output/raw_data_phase2_v2/df_all.parquet
2026-04-04 19:43:14 | INFO     | __main__ | =================================================================================
2026-04-04 19:45:43 | INFO     | __main__ | Starting pipeline
2026-04-04 19:45:43 | INFO     | src.dataloader | Loading data from ../Sepsis-data/data/raw_data_phase2_v2
2026-04-04 19:45:44 | INFO     | src.dataloader | Data loaded. Shapes: lab_res=(1348752, 8), flowsheets=(6643896, 8), med_admin=(269121, 8), procedures=(125403, 8), baseline=(3980, 31), diagnosis=(441520, 8)
2026-04-04 19:45:44 | INFO     | src.dataloader | --------------------------------------------------------------------------------
2026-04-04 19:45:44 | INFO     | src.dataloader | Data type casting completed.
2026-04-04 19:45:45 | INFO     | src.dataloader | Concatenated all data into a single DataFrame with shape (8828692, 39) and columns ['EncounterEpicCsn', 'Event_DateTime', 'Type', 'Event_Grouper', 'Event_Name', 'NumericValue', 'Value', 'Flag', 'EncounterEpicCsn_right', 'PrimaryMrn', 'AdmissionDateValue', 'DischargeDateValue', 'Arrival_Instant', 'InpatientAdmissionInstant', 'Admitted_from_ED', 'PatientClass', 'InpatientAdmissionPatientClass', 'HospitalService', 'AdmittingDepartment', 'DischargeDepartment', 'AdmissionType', 'AdmissionSource', 'AdmissionOrigin', 'PrincipalProblem', 'PrimaryCodedDiagnosis', 'PrimaryCodedProcedureKey', 'Death_Flag', 'Original_POA_Condition', 'Sepsis_Category', 'Baseline_SBP', 'Baseline_RespiratoryRate', 'Baseline_PulseRate', 'Baseline_Creatinine', 'Baseline_Platelets', 'Baseline_Bilirubin', 'Baseline_eGFR', 'Baseline_WBC', 'Suspected_Infection_Time', 'Suspected_Infection_Criteria_Met']
2026-04-04 19:45:47 | INFO     | src.dataloader | Dropped duplicate rows. Before: 8828692, After: 8807339, Dropped: 21353
2026-04-04 19:45:47 | INFO     | src.dataloader | Filtering out rows with null EncounterEpicCsn or Event_DateTime
2026-04-04 19:45:47 | INFO     | src.dataloader | After filtering, df_all has shape (8807339, 39)
2026-04-04 19:45:47 | INFO     | __main__ | Initial data loaded. Saving dataframe to ../Sepsis-data/data/output/raw_data_phase2_v2/df_all.parquet
2026-04-04 19:45:49 | INFO     | __main__ | =================================================================================
2026-04-04 19:45:49 | INFO     | src.events.infectiondetection | Detecting infection with antibiotic and culture criteria
2026-04-04 19:50:05 | INFO     | __main__ | Starting pipeline
2026-04-04 19:50:05 | INFO     | src.dataloader | Loading data from ../Sepsis-data/data/raw_data_phase2_v2
2026-04-04 19:50:05 | INFO     | src.dataloader | Data loaded. Shapes: lab_res=(1348752, 8), flowsheets=(6643896, 8), med_admin=(269121, 8), procedures=(125403, 8), baseline=(3980, 31), diagnosis=(441520, 8)
2026-04-04 19:50:05 | INFO     | src.dataloader | --------------------------------------------------------------------------------
2026-04-04 19:50:05 | INFO     | src.dataloader | Data type casting completed.
2026-04-04 19:50:07 | INFO     | src.dataloader | Concatenated all data into a single DataFrame with shape (8828692, 39) and columns ['EncounterEpicCsn', 'Event_DateTime', 'Type', 'Event_Grouper', 'Event_Name', 'NumericValue', 'Value', 'Flag', 'EncounterEpicCsn_right', 'PrimaryMrn', 'AdmissionDateValue', 'DischargeDateValue', 'Arrival_Instant', 'InpatientAdmissionInstant', 'Admitted_from_ED', 'PatientClass', 'InpatientAdmissionPatientClass', 'HospitalService', 'AdmittingDepartment', 'DischargeDepartment', 'AdmissionType', 'AdmissionSource', 'AdmissionOrigin', 'PrincipalProblem', 'PrimaryCodedDiagnosis', 'PrimaryCodedProcedureKey', 'Death_Flag', 'Original_POA_Condition', 'Sepsis_Category', 'Baseline_SBP', 'Baseline_RespiratoryRate', 'Baseline_PulseRate', 'Baseline_Creatinine', 'Baseline_Platelets', 'Baseline_Bilirubin', 'Baseline_eGFR', 'Baseline_WBC', 'Suspected_Infection_Time', 'Suspected_Infection_Criteria_Met']
2026-04-04 19:50:09 | INFO     | src.dataloader | Dropped duplicate rows. Before: 8828692, After: 8807339, Dropped: 21353
2026-04-04 19:50:09 | INFO     | src.dataloader | Filtering out rows with null EncounterEpicCsn or Event_DateTime
2026-04-04 19:50:09 | INFO     | src.dataloader | After filtering, df_all has shape (8807339, 39)
2026-04-04 19:50:09 | INFO     | __main__ | Initial data loaded. Saving dataframe to ../Sepsis-data/data/output/raw_data_phase2_v2/df_all.parquet
2026-04-04 19:50:10 | INFO     | __main__ | =================================================================================
2026-04-04 19:50:10 | INFO     | src.events.infectiondetection | Detecting infection with antibiotic and culture criteria
2026-04-04 19:50:10 | INFO     | src.events.infectiondetection | Detected 3929 infections with antibiotic and culture criteria
2026-04-04 19:50:10 | INFO     | src.events.infectiondetection | Detecting infection with lactate and culture criteria
2026-04-04 19:50:44 | INFO     | __main__ | Starting pipeline
2026-04-04 19:50:44 | INFO     | src.dataloader | Loading data from ../Sepsis-data/data/raw_data_phase2_v2
2026-04-04 19:50:45 | INFO     | src.dataloader | Data loaded. Shapes: lab_res=(1348752, 8), flowsheets=(6643896, 8), med_admin=(269121, 8), procedures=(125403, 8), baseline=(3980, 31), diagnosis=(441520, 8)
2026-04-04 19:50:45 | INFO     | src.dataloader | --------------------------------------------------------------------------------
2026-04-04 19:50:45 | INFO     | src.dataloader | Data type casting completed.
2026-04-04 19:50:46 | INFO     | src.dataloader | Concatenated all data into a single DataFrame with shape (8828692, 39) and columns ['EncounterEpicCsn', 'Event_DateTime', 'Type', 'Event_Grouper', 'Event_Name', 'NumericValue', 'Value', 'Flag', 'EncounterEpicCsn_right', 'PrimaryMrn', 'AdmissionDateValue', 'DischargeDateValue', 'Arrival_Instant', 'InpatientAdmissionInstant', 'Admitted_from_ED', 'PatientClass', 'InpatientAdmissionPatientClass', 'HospitalService', 'AdmittingDepartment', 'DischargeDepartment', 'AdmissionType', 'AdmissionSource', 'AdmissionOrigin', 'PrincipalProblem', 'PrimaryCodedDiagnosis', 'PrimaryCodedProcedureKey', 'Death_Flag', 'Original_POA_Condition', 'Sepsis_Category', 'Baseline_SBP', 'Baseline_RespiratoryRate', 'Baseline_PulseRate', 'Baseline_Creatinine', 'Baseline_Platelets', 'Baseline_Bilirubin', 'Baseline_eGFR', 'Baseline_WBC', 'Suspected_Infection_Time', 'Suspected_Infection_Criteria_Met']
2026-04-04 19:50:49 | INFO     | src.dataloader | Dropped duplicate rows. Before: 8828692, After: 8807339, Dropped: 21353
2026-04-04 19:50:49 | INFO     | src.dataloader | Filtering out rows with null EncounterEpicCsn or Event_DateTime
2026-04-04 19:50:49 | INFO     | src.dataloader | After filtering, df_all has shape (8807339, 39)
2026-04-04 19:50:49 | INFO     | __main__ | Initial data loaded. Saving dataframe to ../Sepsis-data/data/output/raw_data_phase2_v2/df_all.parquet
2026-04-04 19:50:50 | INFO     | __main__ | =================================================================================
2026-04-04 19:50:50 | INFO     | src.events.infectiondetection | Detecting infection with antibiotic and culture criteria
2026-04-04 19:50:50 | INFO     | src.events.infectiondetection | Detected 3929 infections with antibiotic and culture criteria
2026-04-04 19:50:50 | INFO     | src.events.infectiondetection | Detecting infection with lactate and culture criteria
2026-04-04 19:51:58 | INFO     | __main__ | Starting pipeline
2026-04-04 19:51:58 | INFO     | src.dataloader | Loading data from ../Sepsis-data/data/raw_data_phase2_v2
2026-04-04 19:51:58 | INFO     | src.dataloader | Data loaded. Shapes: lab_res=(1348752, 8), flowsheets=(6643896, 8), med_admin=(269121, 8), procedures=(125403, 8), baseline=(3980, 31), diagnosis=(441520, 8)
2026-04-04 19:51:58 | INFO     | src.dataloader | --------------------------------------------------------------------------------
2026-04-04 19:51:58 | INFO     | src.dataloader | Data type casting completed.
2026-04-04 19:52:00 | INFO     | src.dataloader | Concatenated all data into a single DataFrame with shape (8828692, 39) and columns ['EncounterEpicCsn', 'Event_DateTime', 'Type', 'Event_Grouper', 'Event_Name', 'NumericValue', 'Value', 'Flag', 'EncounterEpicCsn_right', 'PrimaryMrn', 'AdmissionDateValue', 'DischargeDateValue', 'Arrival_Instant', 'InpatientAdmissionInstant', 'Admitted_from_ED', 'PatientClass', 'InpatientAdmissionPatientClass', 'HospitalService', 'AdmittingDepartment', 'DischargeDepartment', 'AdmissionType', 'AdmissionSource', 'AdmissionOrigin', 'PrincipalProblem', 'PrimaryCodedDiagnosis', 'PrimaryCodedProcedureKey', 'Death_Flag', 'Original_POA_Condition', 'Sepsis_Category', 'Baseline_SBP', 'Baseline_RespiratoryRate', 'Baseline_PulseRate', 'Baseline_Creatinine', 'Baseline_Platelets', 'Baseline_Bilirubin', 'Baseline_eGFR', 'Baseline_WBC', 'Suspected_Infection_Time', 'Suspected_Infection_Criteria_Met']
2026-04-04 19:52:02 | INFO     | src.dataloader | Dropped duplicate rows. Before: 8828692, After: 8807339, Dropped: 21353
2026-04-04 19:52:02 | INFO     | src.dataloader | Filtering out rows with null EncounterEpicCsn or Event_DateTime
2026-04-04 19:52:02 | INFO     | src.dataloader | After filtering, df_all has shape (8807339, 39)
2026-04-04 19:52:02 | INFO     | __main__ | Initial data loaded. Saving dataframe to ../Sepsis-data/data/output/raw_data_phase2_v2/df_all.parquet
2026-04-04 19:52:03 | INFO     | __main__ | =================================================================================
2026-04-04 19:52:03 | INFO     | src.events.infectiondetection | Detecting infection with antibiotic and culture criteria
2026-04-04 19:52:03 | INFO     | src.events.infectiondetection | Detected 3929 infections with antibiotic and culture criteria
2026-04-04 19:52:03 | INFO     | src.events.infectiondetection | Detecting infection with lactate and culture criteria
2026-04-04 19:52:06 | INFO     | src.events.infectiondetection | Detected 3309 infections with lactate and culture criteria
2026-04-04 19:52:06 | INFO     | src.events.infectiondetection | Detecting infection with code sepsis order criteria
2026-04-04 19:52:06 | INFO     | src.events.infectiondetection | Detected 0 infections with code sepsis order criteria
2026-04-04 19:52:06 | INFO     | src.events.infectiondetection | Detecting infection with suspected infection criteria
2026-04-04 19:52:06 | INFO     | src.events.infectiondetection | Detected 0 infections with suspected infection criteria
2026-04-04 19:52:06 | INFO     | src.events.infectiondetection | --------------------------------------------------------------------------------
2026-04-04 19:52:06 | INFO     | src.events.infectiondetection | Combining infection detection results from all criteria
2026-04-04 19:54:11 | INFO     | __main__ | Starting pipeline
2026-04-04 19:54:11 | INFO     | src.dataloader | Loading data from ../Sepsis-data/data/raw_data_phase2_v2
2026-04-04 19:54:11 | INFO     | src.dataloader | Data loaded. Shapes: lab_res=(1348752, 8), flowsheets=(6643896, 8), med_admin=(269121, 8), procedures=(125403, 8), baseline=(3980, 31), diagnosis=(441520, 8)
2026-04-04 19:54:11 | INFO     | src.dataloader | --------------------------------------------------------------------------------
2026-04-04 19:54:12 | INFO     | src.dataloader | Data type casting completed.
2026-04-04 19:54:13 | INFO     | src.dataloader | Concatenated all data into a single DataFrame with shape (8828692, 39) and columns ['EncounterEpicCsn', 'Event_DateTime', 'Type', 'Event_Grouper', 'Event_Name', 'NumericValue', 'Value', 'Flag', 'EncounterEpicCsn_right', 'PrimaryMrn', 'AdmissionDateValue', 'DischargeDateValue', 'Arrival_Instant', 'InpatientAdmissionInstant', 'Admitted_from_ED', 'PatientClass', 'InpatientAdmissionPatientClass', 'HospitalService', 'AdmittingDepartment', 'DischargeDepartment', 'AdmissionType', 'AdmissionSource', 'AdmissionOrigin', 'PrincipalProblem', 'PrimaryCodedDiagnosis', 'PrimaryCodedProcedureKey', 'Death_Flag', 'Original_POA_Condition', 'Sepsis_Category', 'Baseline_SBP', 'Baseline_RespiratoryRate', 'Baseline_PulseRate', 'Baseline_Creatinine', 'Baseline_Platelets', 'Baseline_Bilirubin', 'Baseline_eGFR', 'Baseline_WBC', 'Suspected_Infection_Time', 'Suspected_Infection_Criteria_Met']
2026-04-04 19:54:15 | INFO     | src.dataloader | Dropped duplicate rows. Before: 8828692, After: 8807339, Dropped: 21353
2026-04-04 19:54:15 | INFO     | src.dataloader | Filtering out rows with null EncounterEpicCsn or Event_DateTime
2026-04-04 19:54:15 | INFO     | src.dataloader | After filtering, df_all has shape (8807339, 39)
2026-04-04 19:54:15 | INFO     | __main__ | Initial data loaded. Saving dataframe to ../Sepsis-data/data/output/raw_data_phase2_v2/df_all.parquet
2026-04-04 19:54:16 | INFO     | __main__ | =================================================================================
2026-04-04 19:54:16 | INFO     | src.events.infectiondetection | Detecting infection with antibiotic and culture criteria
2026-04-04 19:54:17 | INFO     | src.events.infectiondetection | Detected 3929 infections with antibiotic and culture criteria
2026-04-04 19:54:17 | INFO     | src.events.infectiondetection | Detecting infection with lactate and culture criteria
2026-04-04 19:54:18 | INFO     | src.events.infectiondetection | Detected 3309 infections with lactate and culture criteria
2026-04-04 19:54:18 | INFO     | src.events.infectiondetection | Detecting infection with code sepsis order criteria
2026-04-04 19:54:18 | INFO     | src.events.infectiondetection | Detected 0 infections with code sepsis order criteria
2026-04-04 19:54:18 | INFO     | src.events.infectiondetection | Detecting infection with suspected infection criteria
2026-04-04 19:54:18 | INFO     | src.events.infectiondetection | Detected 0 infections with suspected infection criteria
2026-04-04 19:54:18 | INFO     | src.events.infectiondetection | --------------------------------------------------------------------------------
2026-04-04 19:54:18 | INFO     | src.events.infectiondetection | Combining infection detection results from all criteria
2026-04-04 19:56:12 | INFO     | __main__ | Loading dataframe from ../Sepsis-data/data/output/raw_data_phase2_v2/df_all.parquet
2026-04-04 19:56:13 | INFO     | src.events.infectiondetection | Detecting infection with antibiotic and culture criteria
2026-04-04 19:56:13 | INFO     | src.events.infectiondetection | Detected 3929 infections with antibiotic and culture criteria
2026-04-04 19:56:13 | INFO     | src.events.infectiondetection | Detecting infection with lactate and culture criteria
2026-04-04 19:56:14 | INFO     | src.events.infectiondetection | Detected 3309 infections with lactate and culture criteria
2026-04-04 19:56:14 | INFO     | src.events.infectiondetection | Detecting infection with code sepsis order criteria
2026-04-04 19:56:14 | INFO     | src.events.infectiondetection | Detected 0 infections with code sepsis order criteria
2026-04-04 19:56:14 | INFO     | src.events.infectiondetection | Detecting infection with suspected infection criteria
2026-04-04 19:56:14 | INFO     | src.events.infectiondetection | Detected 0 infections with suspected infection criteria
2026-04-04 19:56:14 | INFO     | src.events.infectiondetection | --------------------------------------------------------------------------------
2026-04-04 19:56:14 | INFO     | src.events.infectiondetection | Combining infection detection results from all criteria
2026-04-04 19:56:48 | INFO     | __main__ | Loading dataframe from ../Sepsis-data/data/output/raw_data_phase2_v2/df_all.parquet
2026-04-04 19:56:48 | INFO     | src.events.infectiondetection | Detecting infection with antibiotic and culture criteria
2026-04-04 19:56:48 | INFO     | src.events.infectiondetection | Detected 3929 infections with antibiotic and culture criteria
2026-04-04 19:56:48 | INFO     | src.events.infectiondetection | Detecting infection with lactate and culture criteria
2026-04-04 19:56:49 | INFO     | src.events.infectiondetection | Detected 3309 infections with lactate and culture criteria
2026-04-04 19:56:49 | INFO     | src.events.infectiondetection | Detecting infection with code sepsis order criteria
2026-04-04 19:56:49 | INFO     | src.events.infectiondetection | Detected 0 infections with code sepsis order criteria
2026-04-04 19:56:49 | INFO     | src.events.infectiondetection | Detecting infection with suspected infection criteria
2026-04-04 19:56:49 | INFO     | src.events.infectiondetection | Detected 0 infections with suspected infection criteria
2026-04-04 19:56:49 | INFO     | src.events.infectiondetection | --------------------------------------------------------------------------------
2026-04-04 19:56:49 | INFO     | src.events.infectiondetection | Combining infection detection results from all criteria
2026-04-04 19:56:49 | INFO     | src.events.infectiondetection | Combined infection detection results has 3940 rows and columns: ['EncounterEpicCsn', 'iv_dt', 'culture_dt', 'first_ev_time_iv_culture', 'ev_type_iv_culture', 'EncounterEpicCsn_lactcult', 'culture_dt_lactcult', 'lactate_dt', 'first_ev_time_lactcult', 'ev_type_lactate_culture', 'EncounterEpicCsn_codesepsis', 'first_ev_time_codesepsis', 'ev_type_sepsis_diag_code', 'EncounterEpicCsn_suspectedinfection', 'first_ev_time_flowsheet', 'ev_type_suspected_infection_flowsheet', 'infection_time', 'infection_ev_type', 'first_ev_type']
2026-04-04 20:02:04 | INFO     | __main__ | Loading dataframe from ../Sepsis-data/data/output/raw_data_phase2_v2/df_all.parquet
2026-04-04 20:02:04 | INFO     | src.events.infectiondetection | Detecting infection with antibiotic and culture criteria
2026-04-04 20:02:04 | INFO     | src.events.infectiondetection | Detected 3929 infections with antibiotic and culture criteria
2026-04-04 20:02:04 | INFO     | src.events.infectiondetection | Detecting infection with lactate and culture criteria
2026-04-04 20:02:05 | INFO     | src.events.infectiondetection | Detected 3309 infections with lactate and culture criteria
2026-04-04 20:02:05 | INFO     | src.events.infectiondetection | Detecting infection with code sepsis order criteria
2026-04-04 20:02:05 | INFO     | src.events.infectiondetection | Detected 1677 infections with code sepsis order criteria
2026-04-04 20:02:05 | INFO     | src.events.infectiondetection | Detecting infection with suspected infection criteria
2026-04-04 20:02:05 | INFO     | src.events.infectiondetection | Detected 901 infections with suspected infection criteria
2026-04-04 20:02:05 | INFO     | src.events.infectiondetection | --------------------------------------------------------------------------------
2026-04-04 20:02:05 | INFO     | src.events.infectiondetection | Combining infection detection results from all criteria
2026-04-04 20:02:05 | INFO     | src.events.infectiondetection | Combined infection detection results has 4032 rows and columns: ['EncounterEpicCsn', 'iv_dt', 'culture_dt', 'first_ev_time_iv_culture', 'ev_type_iv_culture', 'EncounterEpicCsn_lactcult', 'culture_dt_lactcult', 'lactate_dt', 'first_ev_time_lactcult', 'ev_type_lactate_culture', 'EncounterEpicCsn_codesepsis', 'first_ev_time_codesepsis', 'ev_type_sepsis_diag_code', 'EncounterEpicCsn_suspectedinfection', 'first_ev_time_flowsheet', 'ev_type_suspected_infection_flowsheet', 'infection_time', 'infection_ev_type', 'first_ev_type']
2026-04-04 20:06:15 | INFO     | __main__ | Loading dataframe from ../Sepsis-data/data/output/raw_data_phase2_v2/df_all.parquet
2026-04-04 20:06:15 | INFO     | src.events.infectiondetection | Detecting infection with antibiotic and culture criteria
2026-04-04 20:06:15 | INFO     | src.events.infectiondetection | Detected 3929 infections with antibiotic and culture criteria
2026-04-04 20:06:15 | INFO     | src.events.infectiondetection | Detecting infection with lactate and culture criteria
2026-04-04 20:06:16 | INFO     | src.events.infectiondetection | Detected 3309 infections with lactate and culture criteria
2026-04-04 20:06:16 | INFO     | src.events.infectiondetection | Detecting infection with code sepsis order criteria
2026-04-04 20:06:16 | INFO     | src.events.infectiondetection | Detected 1677 infections with code sepsis order criteria
2026-04-04 20:06:16 | INFO     | src.events.infectiondetection | Detecting infection with suspected infection criteria
2026-04-04 20:06:16 | INFO     | src.events.infectiondetection | Detected 901 infections with suspected infection criteria
2026-04-04 20:06:16 | INFO     | src.events.infectiondetection | --------------------------------------------------------------------------------
2026-04-04 20:06:16 | INFO     | src.events.infectiondetection | Combining infection detection results from all criteria
2026-04-04 20:06:16 | INFO     | src.events.infectiondetection | Combined infection detection results has 4032 rows and columns: ['EncounterEpicCsn', 'iv_dt', 'culture_dt', 'first_ev_time_iv_culture', 'ev_type_iv_culture', 'EncounterEpicCsn_lactcult', 'culture_dt_lactcult', 'lactate_dt', 'first_ev_time_lactcult', 'ev_type_lactate_culture', 'EncounterEpicCsn_codesepsis', 'first_ev_time_codesepsis', 'ev_type_sepsis_diag_code', 'EncounterEpicCsn_suspectedinfection', 'first_ev_time_flowsheet', 'ev_type_suspected_infection_flowsheet', 'infection_time', 'infection_ev_type', 'first_ev_type']
2026-04-04 20:06:16 | INFO     | __main__ | Infection data detected. Saving dataframe to ../Sepsis-data/data/output/raw_data_phase2_v2/df_infect.parquet
2026-04-04 20:06:16 | INFO     | __main__ | =================================================================================
2026-04-05 18:12:54 | INFO     | __main__ | Loading dataframe from ../Sepsis-data/data/output/raw_data_phase2_v2/df_all.parquet
2026-04-06 14:53:05 | INFO     | __main__ | Loading dataframe from ../Sepsis-data/data/output/raw_data_phase2_v2/df_all.parquet
2026-04-06 14:53:09 | INFO     | src.events.aggregator | Created reference table with 2532365 rows based on unique combinations of EncounterEpicCsn and Event_DateTime
2026-04-06 14:53:09 | INFO     | src.events.aggregator | Aggregating feature last_temp_8h using last over last 480.0 minutes for events in Temperature
2026-04-06 14:53:12 | INFO     | src.events.aggregator | Joining aggregated feature last_temp_8h back to reference table
2026-04-06 14:53:12 | INFO     | src.events.aggregator | Feature last_temp_8h aggregated and joined. Current reference table now has 2532365 rows and 3 columns.
2026-04-06 14:53:12 | INFO     | src.events.aggregator | --------------------------------------------------------------------------------
2026-04-06 14:53:12 | INFO     | src.events.aggregator | Aggregating feature last_pulse_8h using last over last 480.0 minutes for events in Pulse
2026-04-06 14:53:20 | INFO     | src.events.aggregator | Joining aggregated feature last_pulse_8h back to reference table
2026-04-06 14:53:20 | INFO     | src.events.aggregator | Feature last_pulse_8h aggregated and joined. Current reference table now has 2532365 rows and 4 columns.
2026-04-06 14:53:20 | INFO     | src.events.aggregator | --------------------------------------------------------------------------------
2026-04-06 14:53:20 | INFO     | src.events.aggregator | Aggregating feature last_resp_8h using last over last 480.0 minutes for events in Respirations
2026-04-06 14:53:26 | INFO     | src.events.aggregator | Joining aggregated feature last_resp_8h back to reference table
2026-04-06 14:53:26 | INFO     | src.events.aggregator | Feature last_resp_8h aggregated and joined. Current reference table now has 2532365 rows and 5 columns.
2026-04-06 14:53:26 | INFO     | src.events.aggregator | --------------------------------------------------------------------------------
2026-04-06 14:53:26 | INFO     | src.events.aggregator | Aggregating feature last_sbp_8h using last over last 480.0 minutes for events in Systolic Blood Pressure
2026-04-06 14:53:29 | INFO     | src.events.aggregator | Joining aggregated feature last_sbp_8h back to reference table
2026-04-06 14:53:29 | INFO     | src.events.aggregator | Feature last_sbp_8h aggregated and joined. Current reference table now has 2532365 rows and 6 columns.
2026-04-06 14:53:29 | INFO     | src.events.aggregator | --------------------------------------------------------------------------------
2026-04-06 14:53:29 | INFO     | src.events.aggregator | Aggregating feature last_map_8h using last over last 480.0 minutes for events in Arterial Blood Pressure Mean
2026-04-06 14:53:32 | INFO     | src.events.aggregator | Joining aggregated feature last_map_8h back to reference table
2026-04-06 14:53:32 | INFO     | src.events.aggregator | Feature last_map_8h aggregated and joined. Current reference table now has 2532365 rows and 7 columns.
2026-04-06 14:53:32 | INFO     | src.events.aggregator | --------------------------------------------------------------------------------
2026-04-06 14:53:32 | INFO     | src.events.aggregator | Aggregating feature last_wbc_12h using last over last 720.0 minutes for events in WBC
2026-04-06 14:53:32 | INFO     | src.events.aggregator | Joining aggregated feature last_wbc_12h back to reference table
2026-04-06 14:53:32 | INFO     | src.events.aggregator | Feature last_wbc_12h aggregated and joined. Current reference table now has 2532365 rows and 8 columns.
2026-04-06 14:53:32 | INFO     | src.events.aggregator | --------------------------------------------------------------------------------
2026-04-06 14:53:32 | INFO     | src.events.aggregator | Aggregating feature last_creatinine_12h using last over last 720.0 minutes for events in Creatinine
2026-04-06 14:53:33 | INFO     | src.events.aggregator | Joining aggregated feature last_creatinine_12h back to reference table
2026-04-06 14:53:33 | INFO     | src.events.aggregator | Feature last_creatinine_12h aggregated and joined. Current reference table now has 2532365 rows and 9 columns.
2026-04-06 14:53:33 | INFO     | src.events.aggregator | --------------------------------------------------------------------------------
2026-04-06 14:53:33 | INFO     | src.events.aggregator | Aggregating feature last_egfr_12h using last over last 720.0 minutes for events in eGFR
2026-04-06 14:53:33 | INFO     | src.events.aggregator | Joining aggregated feature last_egfr_12h back to reference table
2026-04-06 14:53:34 | INFO     | src.events.aggregator | Feature last_egfr_12h aggregated and joined. Current reference table now has 2532365 rows and 10 columns.
2026-04-06 14:53:34 | INFO     | src.events.aggregator | --------------------------------------------------------------------------------
2026-04-06 14:53:34 | INFO     | src.events.aggregator | Aggregating feature last_bilirubin_12h using last over last 720.0 minutes for events in Bilirubin
2026-04-06 14:53:34 | INFO     | src.events.aggregator | Joining aggregated feature last_bilirubin_12h back to reference table
2026-04-06 14:53:34 | INFO     | src.events.aggregator | Feature last_bilirubin_12h aggregated and joined. Current reference table now has 2532365 rows and 11 columns.
2026-04-06 14:53:34 | INFO     | src.events.aggregator | --------------------------------------------------------------------------------
2026-04-06 14:53:34 | INFO     | src.events.aggregator | Aggregating feature last_lactate_6h using last over last 360.0 minutes for events in Lactate
2026-04-06 14:53:34 | INFO     | src.events.aggregator | Joining aggregated feature last_lactate_6h back to reference table
2026-04-06 14:53:34 | INFO     | src.events.aggregator | Feature last_lactate_6h aggregated and joined. Current reference table now has 2532365 rows and 12 columns.
2026-04-06 14:53:34 | INFO     | src.events.aggregator | --------------------------------------------------------------------------------
2026-04-06 14:53:34 | INFO     | src.events.aggregator | Aggregating feature last_platelets_24h using last over last 1440.0 minutes for events in Platelets
2026-04-06 14:53:35 | INFO     | src.events.aggregator | Joining aggregated feature last_platelets_24h back to reference table
2026-04-06 14:53:35 | INFO     | src.events.aggregator | Feature last_platelets_24h aggregated and joined. Current reference table now has 2532365 rows and 13 columns.
2026-04-06 14:53:35 | INFO     | src.events.aggregator | --------------------------------------------------------------------------------
2026-04-06 14:53:35 | INFO     | src.events.aggregator | Aggregating feature last_inr_12h using last over last 720.0 minutes for events in INR
2026-04-06 14:53:35 | INFO     | src.events.aggregator | Joining aggregated feature last_inr_12h back to reference table
2026-04-06 14:53:35 | INFO     | src.events.aggregator | Feature last_inr_12h aggregated and joined. Current reference table now has 2532365 rows and 14 columns.
2026-04-06 14:53:35 | INFO     | src.events.aggregator | --------------------------------------------------------------------------------
2026-04-06 14:53:35 | INFO     | src.events.aggregator | Aggregating feature last_aptt_24h using last over last 1440.0 minutes for events in APTT
2026-04-06 14:53:35 | INFO     | src.events.aggregator | Joining aggregated feature last_aptt_24h back to reference table
2026-04-06 14:53:36 | INFO     | src.events.aggregator | Feature last_aptt_24h aggregated and joined. Current reference table now has 2532365 rows and 15 columns.
2026-04-06 14:53:36 | INFO     | src.events.aggregator | --------------------------------------------------------------------------------
2026-04-06 14:53:36 | INFO     | src.events.aggregator | Aggregating feature last_gcs_12h using last over last 720.0 minutes for events in Glasgow Coma Score
2026-04-06 14:53:36 | INFO     | src.events.aggregator | Joining aggregated feature last_gcs_12h back to reference table
2026-04-06 14:53:36 | INFO     | src.events.aggregator | Feature last_gcs_12h aggregated and joined. Current reference table now has 2532365 rows and 16 columns.
2026-04-06 14:53:36 | INFO     | src.events.aggregator | --------------------------------------------------------------------------------
2026-04-06 14:53:36 | INFO     | src.events.aggregator | Aggregating feature last_vasopressin_24h using last over last 1440.0 minutes for events in Vasopressin
2026-04-06 14:53:37 | INFO     | src.events.aggregator | Joining aggregated feature last_vasopressin_24h back to reference table
2026-04-06 14:53:37 | INFO     | src.events.aggregator | Feature last_vasopressin_24h aggregated and joined. Current reference table now has 2532365 rows and 17 columns.
2026-04-06 14:53:37 | INFO     | src.events.aggregator | --------------------------------------------------------------------------------
2026-04-06 14:53:37 | INFO     | src.events.aggregator | Aggregating feature last_phenylephrine_24h using last over last 1440.0 minutes for events in Phenylephrine
2026-04-06 14:53:37 | INFO     | src.events.aggregator | Joining aggregated feature last_phenylephrine_24h back to reference table
2026-04-06 14:53:37 | INFO     | src.events.aggregator | Feature last_phenylephrine_24h aggregated and joined. Current reference table now has 2532365 rows and 18 columns.
2026-04-06 14:53:37 | INFO     | src.events.aggregator | --------------------------------------------------------------------------------
2026-04-06 14:53:37 | INFO     | src.events.aggregator | Aggregating feature last_norepinephrine_24h using last over last 1440.0 minutes for events in Norepinephrine
2026-04-06 14:53:37 | INFO     | src.events.aggregator | Joining aggregated feature last_norepinephrine_24h back to reference table
2026-04-06 14:53:37 | INFO     | src.events.aggregator | Feature last_norepinephrine_24h aggregated and joined. Current reference table now has 2532365 rows and 19 columns.
2026-04-06 14:53:37 | INFO     | src.events.aggregator | --------------------------------------------------------------------------------
2026-04-06 14:53:37 | INFO     | src.events.aggregator | Aggregating feature last_epinephrine_24h using last over last 1440.0 minutes for events in Epinephrine
2026-04-06 14:53:38 | INFO     | src.events.aggregator | Joining aggregated feature last_epinephrine_24h back to reference table
2026-04-06 14:53:38 | INFO     | src.events.aggregator | Feature last_epinephrine_24h aggregated and joined. Current reference table now has 2532365 rows and 20 columns.
2026-04-06 14:53:38 | INFO     | src.events.aggregator | --------------------------------------------------------------------------------
2026-04-06 14:53:38 | INFO     | src.events.aggregator | All features aggregated and joined back to reference table.
2026-04-06 15:04:43 | INFO     | __main__ | Aggregated features saved. Saving dataframe to ../Sepsis-data/data/output/raw_data_phase2_v2/df_agg.parquet
2026-04-06 15:05:04 | INFO     | __main__ | Loading dataframe from ../Sepsis-data/data/output/raw_data_phase2_v2/df_all.parquet
2026-04-06 15:05:05 | INFO     | src.events.aggregator | Created reference table with 2532365 rows based on unique combinations of EncounterEpicCsn and Event_DateTime
2026-04-06 15:05:05 | INFO     | src.events.aggregator | Aggregating feature last_temp_8h using last over last 480.0 minutes for events in Temperature
2026-04-06 15:05:08 | INFO     | src.events.aggregator | Joining aggregated feature last_temp_8h back to reference table
2026-04-06 15:05:08 | INFO     | src.events.aggregator | Feature last_temp_8h aggregated and joined. Current reference table now has 2532365 rows and 3 columns.
2026-04-06 15:05:08 | INFO     | src.events.aggregator | --------------------------------------------------------------------------------
2026-04-06 15:05:08 | INFO     | src.events.aggregator | Aggregating feature last_pulse_8h using last over last 480.0 minutes for events in Pulse
2026-04-06 15:05:15 | INFO     | src.events.aggregator | Joining aggregated feature last_pulse_8h back to reference table
2026-04-06 15:05:15 | INFO     | src.events.aggregator | Feature last_pulse_8h aggregated and joined. Current reference table now has 2532365 rows and 4 columns.
2026-04-06 15:05:15 | INFO     | src.events.aggregator | --------------------------------------------------------------------------------
2026-04-06 15:05:15 | INFO     | src.events.aggregator | Aggregating feature last_resp_8h using last over last 480.0 minutes for events in Respirations
2026-04-06 15:05:21 | INFO     | src.events.aggregator | Joining aggregated feature last_resp_8h back to reference table
2026-04-06 15:05:22 | INFO     | src.events.aggregator | Feature last_resp_8h aggregated and joined. Current reference table now has 2532365 rows and 5 columns.
2026-04-06 15:05:22 | INFO     | src.events.aggregator | --------------------------------------------------------------------------------
2026-04-06 15:05:22 | INFO     | src.events.aggregator | Aggregating feature last_sbp_8h using last over last 480.0 minutes for events in Systolic Blood Pressure
2026-04-06 15:05:24 | INFO     | src.events.aggregator | Joining aggregated feature last_sbp_8h back to reference table
2026-04-06 15:05:24 | INFO     | src.events.aggregator | Feature last_sbp_8h aggregated and joined. Current reference table now has 2532365 rows and 6 columns.
2026-04-06 15:05:24 | INFO     | src.events.aggregator | --------------------------------------------------------------------------------
2026-04-06 15:05:24 | INFO     | src.events.aggregator | Aggregating feature last_map_8h using last over last 480.0 minutes for events in Arterial Blood Pressure Mean
2026-04-06 15:05:27 | INFO     | src.events.aggregator | Joining aggregated feature last_map_8h back to reference table
2026-04-06 15:05:27 | INFO     | src.events.aggregator | Feature last_map_8h aggregated and joined. Current reference table now has 2532365 rows and 7 columns.
2026-04-06 15:05:27 | INFO     | src.events.aggregator | --------------------------------------------------------------------------------
2026-04-06 15:05:27 | INFO     | src.events.aggregator | Aggregating feature last_wbc_12h using last over last 720.0 minutes for events in WBC
2026-04-06 15:05:27 | INFO     | src.events.aggregator | Joining aggregated feature last_wbc_12h back to reference table
2026-04-06 15:05:28 | INFO     | src.events.aggregator | Feature last_wbc_12h aggregated and joined. Current reference table now has 2532365 rows and 8 columns.
2026-04-06 15:05:28 | INFO     | src.events.aggregator | --------------------------------------------------------------------------------
2026-04-06 15:05:28 | INFO     | src.events.aggregator | Aggregating feature last_creatinine_12h using last over last 720.0 minutes for events in Creatinine
2026-04-06 15:05:28 | INFO     | src.events.aggregator | Joining aggregated feature last_creatinine_12h back to reference table
2026-04-06 15:05:28 | INFO     | src.events.aggregator | Feature last_creatinine_12h aggregated and joined. Current reference table now has 2532365 rows and 9 columns.
2026-04-06 15:05:28 | INFO     | src.events.aggregator | --------------------------------------------------------------------------------
2026-04-06 15:05:28 | INFO     | src.events.aggregator | Aggregating feature last_egfr_12h using last over last 720.0 minutes for events in eGFR
2026-04-06 15:05:29 | INFO     | src.events.aggregator | Joining aggregated feature last_egfr_12h back to reference table
2026-04-06 15:05:29 | INFO     | src.events.aggregator | Feature last_egfr_12h aggregated and joined. Current reference table now has 2532365 rows and 10 columns.
2026-04-06 15:05:29 | INFO     | src.events.aggregator | --------------------------------------------------------------------------------
2026-04-06 15:05:29 | INFO     | src.events.aggregator | Aggregating feature last_bilirubin_12h using last over last 720.0 minutes for events in Bilirubin
2026-04-06 15:05:29 | INFO     | src.events.aggregator | Joining aggregated feature last_bilirubin_12h back to reference table
2026-04-06 15:05:29 | INFO     | src.events.aggregator | Feature last_bilirubin_12h aggregated and joined. Current reference table now has 2532365 rows and 11 columns.
2026-04-06 15:05:29 | INFO     | src.events.aggregator | --------------------------------------------------------------------------------
2026-04-06 15:05:29 | INFO     | src.events.aggregator | Aggregating feature last_lactate_6h using last over last 360.0 minutes for events in Lactate
2026-04-06 15:05:29 | INFO     | src.events.aggregator | Joining aggregated feature last_lactate_6h back to reference table
2026-04-06 15:05:30 | INFO     | src.events.aggregator | Feature last_lactate_6h aggregated and joined. Current reference table now has 2532365 rows and 12 columns.
2026-04-06 15:05:30 | INFO     | src.events.aggregator | --------------------------------------------------------------------------------
2026-04-06 15:05:30 | INFO     | src.events.aggregator | Aggregating feature last_platelets_24h using last over last 1440.0 minutes for events in Platelets
2026-04-06 15:05:30 | INFO     | src.events.aggregator | Joining aggregated feature last_platelets_24h back to reference table
2026-04-06 15:05:30 | INFO     | src.events.aggregator | Feature last_platelets_24h aggregated and joined. Current reference table now has 2532365 rows and 13 columns.
2026-04-06 15:05:30 | INFO     | src.events.aggregator | --------------------------------------------------------------------------------
2026-04-06 15:05:30 | INFO     | src.events.aggregator | Aggregating feature last_inr_12h using last over last 720.0 minutes for events in INR
2026-04-06 15:05:30 | INFO     | src.events.aggregator | Joining aggregated feature last_inr_12h back to reference table
2026-04-06 15:05:30 | INFO     | src.events.aggregator | Feature last_inr_12h aggregated and joined. Current reference table now has 2532365 rows and 14 columns.
2026-04-06 15:05:30 | INFO     | src.events.aggregator | --------------------------------------------------------------------------------
2026-04-06 15:05:30 | INFO     | src.events.aggregator | Aggregating feature last_aptt_24h using last over last 1440.0 minutes for events in APTT
2026-04-06 15:05:31 | INFO     | src.events.aggregator | Joining aggregated feature last_aptt_24h back to reference table
2026-04-06 15:05:31 | INFO     | src.events.aggregator | Feature last_aptt_24h aggregated and joined. Current reference table now has 2532365 rows and 15 columns.
2026-04-06 15:05:31 | INFO     | src.events.aggregator | --------------------------------------------------------------------------------
2026-04-06 15:05:31 | INFO     | src.events.aggregator | Aggregating feature last_gcs_12h using last over last 720.0 minutes for events in Glasgow Coma Score
2026-04-06 15:05:32 | INFO     | src.events.aggregator | Joining aggregated feature last_gcs_12h back to reference table
2026-04-06 15:05:32 | INFO     | src.events.aggregator | Feature last_gcs_12h aggregated and joined. Current reference table now has 2532365 rows and 16 columns.
2026-04-06 15:05:32 | INFO     | src.events.aggregator | --------------------------------------------------------------------------------
2026-04-06 15:05:32 | INFO     | src.events.aggregator | Aggregating feature last_vasopressin_24h using last over last 1440.0 minutes for events in Vasopressin
2026-04-06 15:05:32 | INFO     | src.events.aggregator | Joining aggregated feature last_vasopressin_24h back to reference table
2026-04-06 15:05:32 | INFO     | src.events.aggregator | Feature last_vasopressin_24h aggregated and joined. Current reference table now has 2532365 rows and 17 columns.
2026-04-06 15:05:32 | INFO     | src.events.aggregator | --------------------------------------------------------------------------------
2026-04-06 15:05:32 | INFO     | src.events.aggregator | Aggregating feature last_phenylephrine_24h using last over last 1440.0 minutes for events in Phenylephrine
2026-04-06 15:05:32 | INFO     | src.events.aggregator | Joining aggregated feature last_phenylephrine_24h back to reference table
2026-04-06 15:05:32 | INFO     | src.events.aggregator | Feature last_phenylephrine_24h aggregated and joined. Current reference table now has 2532365 rows and 18 columns.
2026-04-06 15:05:32 | INFO     | src.events.aggregator | --------------------------------------------------------------------------------
2026-04-06 15:05:32 | INFO     | src.events.aggregator | Aggregating feature last_norepinephrine_24h using last over last 1440.0 minutes for events in Norepinephrine
2026-04-06 15:05:33 | INFO     | src.events.aggregator | Joining aggregated feature last_norepinephrine_24h back to reference table
2026-04-06 15:05:33 | INFO     | src.events.aggregator | Feature last_norepinephrine_24h aggregated and joined. Current reference table now has 2532365 rows and 19 columns.
2026-04-06 15:05:33 | INFO     | src.events.aggregator | --------------------------------------------------------------------------------
2026-04-06 15:05:33 | INFO     | src.events.aggregator | Aggregating feature last_epinephrine_24h using last over last 1440.0 minutes for events in Epinephrine
2026-04-06 15:05:33 | INFO     | src.events.aggregator | Joining aggregated feature last_epinephrine_24h back to reference table
2026-04-06 15:05:33 | INFO     | src.events.aggregator | Feature last_epinephrine_24h aggregated and joined. Current reference table now has 2532365 rows and 20 columns.
2026-04-06 15:05:33 | INFO     | src.events.aggregator | --------------------------------------------------------------------------------
2026-04-06 15:05:33 | INFO     | src.events.aggregator | All features aggregated and joined back to reference table.
2026-04-06 15:05:33 | INFO     | __main__ | Aggregated features saved. Saving dataframe to ../Sepsis-data/data/output/raw_data_phase2_v2/df_agg.parquet
2026-04-06 16:08:27 | INFO     | __main__ | Loading dataframe from ../Sepsis-data/data/output/raw_data_phase2_v2/df_all.parquet
2026-04-06 16:08:27 | INFO     | __main__ | Loading dataframe from ../Sepsis-data/data/output/raw_data_phase2_v2/df_agg.parquet
2026-04-06 16:13:37 | INFO     | __main__ | Loading dataframe from ../Sepsis-data/data/output/raw_data_phase2_v2/df_all.parquet
2026-04-06 16:13:37 | INFO     | __main__ | Loading dataframe from ../Sepsis-data/data/output/raw_data_phase2_v2/df_agg.parquet
2026-04-06 16:14:51 | INFO     | __main__ | Loading dataframe from ../Sepsis-data/data/output/raw_data_phase2_v2/df_all.parquet
2026-04-06 16:14:52 | INFO     | __main__ | Loading dataframe from ../Sepsis-data/data/output/raw_data_phase2_v2/df_agg.parquet
2026-04-06 16:14:52 | INFO     | src.events.ventprocessor | Computing Vent Status
2026-04-06 16:19:36 | INFO     | src.events.ventprocessor | Joining vent events to the aggregated table from EventAggregator
2026-04-06 16:25:07 | INFO     | __main__ | Loading dataframe from ../Sepsis-data/data/output/raw_data_phase2_v2/df_all.parquet
2026-04-06 16:25:07 | INFO     | __main__ | Loading dataframe from ../Sepsis-data/data/output/raw_data_phase2_v2/df_agg.parquet
2026-04-06 16:25:07 | INFO     | src.events.ventprocessor | Computing Vent Status
2026-04-06 16:25:07 | INFO     | src.events.ventprocessor | Joining vent events to the aggregated table from EventAggregator
2026-04-06 16:47:06 | INFO     | __main__ | Loading dataframe from ../Sepsis-data/data/output/raw_data_phase2_v2/df_all.parquet
2026-04-06 16:47:07 | INFO     | __main__ | Loading dataframe from ../Sepsis-data/data/output/raw_data_phase2_v2/df_agg.parquet
2026-04-06 16:47:07 | INFO     | src.events.ventprocessor | Computing Vent Status
2026-04-06 16:47:07 | INFO     | src.events.ventprocessor | Joining vent events to the aggregated table from EventAggregator
2026-04-06 16:47:42 | INFO     | __main__ | Loading dataframe from ../Sepsis-data/data/output/raw_data_phase2_v2/df_all.parquet
2026-04-06 16:47:42 | INFO     | __main__ | Loading dataframe from ../Sepsis-data/data/output/raw_data_phase2_v2/df_agg.parquet
2026-04-06 16:47:42 | INFO     | src.events.ventprocessor | Computing Vent Status
2026-04-06 16:47:42 | INFO     | src.events.ventprocessor | Joining vent events to the aggregated table from EventAggregator
2026-04-06 16:51:22 | INFO     | __main__ | Loading dataframe from ../Sepsis-data/data/output/raw_data_phase2_v2/df_all.parquet
2026-04-06 16:51:22 | INFO     | __main__ | Loading dataframe from ../Sepsis-data/data/output/raw_data_phase2_v2/df_agg.parquet
2026-04-06 16:51:23 | INFO     | src.events.ventprocessor | Computing Vent Status
2026-04-06 16:51:23 | INFO     | src.events.ventprocessor | Joining vent events to the aggregated table from EventAggregator
2026-04-06 17:30:33 | INFO     | __main__ | Loading dataframe from ../Sepsis-data/data/output/raw_data_phase2_v2/df_all.parquet
2026-04-06 17:30:33 | INFO     | __main__ | Loading dataframe from ../Sepsis-data/data/output/raw_data_phase2_v2/df_agg.parquet
2026-04-06 17:30:34 | INFO     | src.events.ventprocessor | Computing Vent Status
2026-04-06 17:30:34 | INFO     | src.events.ventprocessor | Joining vent events to the aggregated table from EventAggregator
2026-04-06 17:45:16 | INFO     | __main__ | Loading dataframe from ../Sepsis-data/data/output/raw_data_phase2_v2/df_all.parquet
2026-04-06 17:45:16 | INFO     | __main__ | Loading dataframe from ../Sepsis-data/data/output/raw_data_phase2_v2/df_agg.parquet
2026-04-06 17:45:16 | INFO     | src.events.ventprocessor | Computing Vent Status
2026-04-06 17:45:16 | INFO     | src.events.ventprocessor | Joining vent events to the aggregated table from EventAggregator
2026-04-06 18:48:24 | INFO     | __main__ | Loading dataframe from ../Sepsis-data/data/output/raw_data_phase2_v2/df_all.parquet
2026-04-06 18:48:24 | INFO     | __main__ | Loading dataframe from ../Sepsis-data/data/output/raw_data_phase2_v2/df_agg.parquet
2026-04-06 18:48:24 | INFO     | src.events.ventprocessor | Computing Vent Status
2026-04-06 18:48:24 | INFO     | src.events.ventprocessor | Joining vent events to the aggregated table from EventAggregator
2026-04-06 18:56:21 | INFO     | __main__ | Loading dataframe from ../Sepsis-data/data/output/raw_data_phase2_v2/df_all.parquet
2026-04-06 18:56:22 | INFO     | __main__ | Loading dataframe from ../Sepsis-data/data/output/raw_data_phase2_v2/df_agg.parquet
2026-04-06 18:56:22 | INFO     | src.events.ventprocessor | Computing Vent Status
2026-04-06 18:56:22 | INFO     | src.events.ventprocessor | Joining vent events to the aggregated table from EventAggregator
2026-04-06 18:57:00 | INFO     | __main__ | Loading dataframe from ../Sepsis-data/data/output/raw_data_phase2_v2/df_all.parquet
2026-04-06 18:57:00 | INFO     | __main__ | Loading dataframe from ../Sepsis-data/data/output/raw_data_phase2_v2/df_agg.parquet
2026-04-06 18:57:00 | INFO     | src.events.ventprocessor | Computing Vent Status
2026-04-06 18:57:00 | INFO     | src.events.ventprocessor | Joining vent events to the aggregated table from EventAggregator
2026-04-06 18:58:03 | INFO     | __main__ | Loading dataframe from ../Sepsis-data/data/output/raw_data_phase2_v2/df_all.parquet
2026-04-06 18:58:03 | INFO     | __main__ | Loading dataframe from ../Sepsis-data/data/output/raw_data_phase2_v2/df_agg.parquet
2026-04-06 18:58:03 | INFO     | src.events.ventprocessor | Computing Vent Status
2026-04-06 18:58:03 | INFO     | src.events.ventprocessor | Joining vent events to the aggregated table from EventAggregator
2026-04-06 18:58:42 | INFO     | __main__ | Loading dataframe from ../Sepsis-data/data/output/raw_data_phase2_v2/df_all.parquet
2026-04-06 18:58:43 | INFO     | __main__ | Loading dataframe from ../Sepsis-data/data/output/raw_data_phase2_v2/df_agg.parquet
2026-04-06 18:58:43 | INFO     | src.events.ventprocessor | Computing Vent Status
2026-04-06 18:58:43 | INFO     | src.events.ventprocessor | Joining vent events to the aggregated table from EventAggregator
2026-04-06 18:59:43 | INFO     | __main__ | Loading dataframe from ../Sepsis-data/data/output/raw_data_phase2_v2/df_all.parquet
2026-04-06 18:59:43 | INFO     | __main__ | Loading dataframe from ../Sepsis-data/data/output/raw_data_phase2_v2/df_agg.parquet
2026-04-06 18:59:43 | INFO     | src.events.ventprocessor | Computing Vent Status
2026-04-06 18:59:43 | INFO     | src.events.ventprocessor | Joining vent events to the aggregated table from EventAggregator
2026-04-06 19:01:28 | INFO     | __main__ | Loading dataframe from ../Sepsis-data/data/output/raw_data_phase2_v2/df_all.parquet
2026-04-06 19:01:29 | INFO     | __main__ | Loading dataframe from ../Sepsis-data/data/output/raw_data_phase2_v2/df_agg.parquet
2026-04-06 19:01:29 | INFO     | src.events.ventprocessor | Computing Vent Status
2026-04-06 19:01:29 | INFO     | src.events.ventprocessor | Joining vent events to the aggregated table from EventAggregator
2026-04-06 19:04:24 | INFO     | __main__ | Loading dataframe from ../Sepsis-data/data/output/raw_data_phase2_v2/df_all.parquet
2026-04-06 19:04:24 | INFO     | __main__ | Loading dataframe from ../Sepsis-data/data/output/raw_data_phase2_v2/df_agg.parquet
2026-04-06 19:04:24 | INFO     | src.events.ventprocessor | Computing Vent Status
2026-04-06 19:04:24 | INFO     | src.events.ventprocessor | Joining vent events to the aggregated table from EventAggregator
2026-04-07 19:43:19 | INFO     | __main__ | Loading dataframe from ../Sepsis-data/data/output/raw_data_phase2_v2/df_all.parquet
2026-04-07 19:43:20 | INFO     | __main__ | Loading dataframe from ../Sepsis-data/data/output/raw_data_phase2_v2/df_agg.parquet
2026-04-07 19:43:20 | INFO     | src.events.ventprocessor | Computing Vent Status
2026-04-07 19:43:20 | INFO     | src.events.ventprocessor | Joining vent events to the aggregated table from EventAggregator
2026-04-08 11:41:04 | INFO     | __main__ | Loading dataframe from ../Sepsis-data/data/output/raw_data_phase2_v2/df_all.parquet
2026-04-08 11:41:05 | INFO     | __main__ | Loading dataframe from ../Sepsis-data/data/output/raw_data_phase2_v2/df_agg.parquet
2026-04-08 11:41:05 | INFO     | src.events.ventprocessor | Computing Vent Status
2026-04-08 11:41:05 | INFO     | src.events.ventprocessor | Joining vent events to the aggregated table from EventAggregator
2026-04-08 11:45:25 | INFO     | __main__ | Loading dataframe from ../Sepsis-data/data/output/raw_data_phase2_v2/df_all.parquet
2026-04-08 11:45:25 | INFO     | __main__ | Loading dataframe from ../Sepsis-data/data/output/raw_data_phase2_v2/df_agg.parquet
2026-04-08 11:45:25 | INFO     | src.events.ventprocessor | Computing Vent Status
2026-04-08 11:45:25 | INFO     | src.events.ventprocessor | Joining vent events to the aggregated table from EventAggregator
2026-04-08 11:48:26 | INFO     | __main__ | Loading dataframe from ../Sepsis-data/data/output/raw_data_phase2_v2/df_all.parquet
2026-04-08 11:48:27 | INFO     | __main__ | Loading dataframe from ../Sepsis-data/data/output/raw_data_phase2_v2/df_agg.parquet
2026-04-08 11:48:27 | INFO     | src.events.ventprocessor | Computing Vent Status
2026-04-08 11:48:27 | INFO     | src.events.ventprocessor | Joining vent events to the aggregated table from EventAggregator
2026-04-08 11:55:48 | INFO     | __main__ | Loading dataframe from ../Sepsis-data/data/output/raw_data_phase2_v2/df_all.parquet
2026-04-08 11:55:48 | INFO     | __main__ | Loading dataframe from ../Sepsis-data/data/output/raw_data_phase2_v2/df_agg.parquet
2026-04-08 11:55:48 | INFO     | src.events.ventprocessor | Computing Vent Status
2026-04-08 11:55:48 | INFO     | src.events.ventprocessor | Joining vent events to the aggregated table from EventAggregator
2026-04-08 12:01:31 | INFO     | __main__ | Loading dataframe from ../Sepsis-data/data/output/raw_data_phase2_v2/df_all.parquet
2026-04-08 12:01:31 | INFO     | __main__ | Loading dataframe from ../Sepsis-data/data/output/raw_data_phase2_v2/df_agg.parquet
2026-04-08 12:01:31 | INFO     | src.events.ventprocessor | Computing Vent Status
2026-04-08 12:01:31 | INFO     | src.events.ventprocessor | Joining vent events to the aggregated table from EventAggregator
2026-04-08 12:02:39 | INFO     | __main__ | Loading dataframe from ../Sepsis-data/data/output/raw_data_phase2_v2/df_all.parquet
2026-04-08 12:02:39 | INFO     | __main__ | Loading dataframe from ../Sepsis-data/data/output/raw_data_phase2_v2/df_agg.parquet
2026-04-08 12:02:39 | INFO     | src.events.ventprocessor | Computing Vent Status
2026-04-08 12:02:39 | INFO     | src.events.ventprocessor | Joining vent events to the aggregated table from EventAggregator
2026-04-08 12:25:16 | INFO     | __main__ | Loading dataframe from ../Sepsis-data/data/output/raw_data_phase2_v2/df_all.parquet
2026-04-08 12:25:17 | INFO     | __main__ | Loading dataframe from ../Sepsis-data/data/output/raw_data_phase2_v2/df_agg.parquet
2026-04-08 12:25:17 | INFO     | src.events.ventprocessor | Computing Vent Status
2026-04-08 12:25:17 | INFO     | src.events.ventprocessor | Joining vent events to the aggregated table from EventAggregator
2026-04-08 12:28:51 | INFO     | __main__ | Loading dataframe from ../Sepsis-data/data/output/raw_data_phase2_v2/df_all.parquet
2026-04-08 12:28:51 | INFO     | __main__ | Loading dataframe from ../Sepsis-data/data/output/raw_data_phase2_v2/df_agg.parquet
2026-04-08 12:28:51 | INFO     | src.events.ventprocessor | Computing Vent Status
2026-04-08 12:28:51 | INFO     | src.events.ventprocessor | Joining vent events to the aggregated table from EventAggregator
2026-04-08 12:57:15 | INFO     | __main__ | Loading dataframe from ../Sepsis-data/data/output/raw_data_phase2_v2/df_all.parquet
2026-04-08 12:57:15 | INFO     | __main__ | Loading dataframe from ../Sepsis-data/data/output/raw_data_phase2_v2/df_agg.parquet
2026-04-08 12:57:15 | INFO     | src.events.ventprocessor | Computing Vent Status
2026-04-08 12:57:15 | INFO     | src.events.ventprocessor | Joining vent events to the aggregated table from EventAggregator
2026-04-08 13:00:32 | INFO     | __main__ | Loading dataframe from ../Sepsis-data/data/output/raw_data_phase2_v2/df_all.parquet
2026-04-08 13:00:33 | INFO     | __main__ | Loading dataframe from ../Sepsis-data/data/output/raw_data_phase2_v2/df_agg.parquet
2026-04-08 13:00:33 | INFO     | src.events.ventprocessor | Computing Vent Status
2026-04-08 13:00:33 | INFO     | src.events.ventprocessor | Joining vent events to the aggregated table from EventAggregator
2026-04-08 17:15:46 | INFO     | __main__ | Loading dataframe from ../Sepsis-data/data/output/raw_data_phase2_v2/df_all.parquet
2026-04-08 17:15:47 | INFO     | __main__ | Loading dataframe from ../Sepsis-data/data/output/raw_data_phase2_v2/df_agg.parquet
2026-04-08 17:15:47 | INFO     | src.events.ventprocessor | Computing Vent Status
2026-04-08 17:15:47 | INFO     | src.events.ventprocessor | Joining vent events to the aggregated table from EventAggregator
2026-04-08 17:15:51 | INFO     | __main__ | Aggregated features with vent status saved. Saving dataframe to ../Sepsis-data/data/output/raw_data_phase2_v2/df_agg_vent.parquet
2026-04-08 17:15:51 | INFO     | __main__ | =================================================================================
2026-04-08 17:34:16 | INFO     | __main__ | Loading dataframe from ../Sepsis-data/data/output/raw_data_phase2_v2/df_all.parquet
2026-04-08 17:34:16 | INFO     | __main__ | Loading dataframe from ../Sepsis-data/data/output/raw_data_phase2_v2/df_agg.parquet
2026-04-08 17:34:16 | INFO     | src.events.ventprocessor | Computing Vent Status
2026-04-08 17:34:16 | INFO     | src.events.ventprocessor | Joining vent events to the aggregated table from EventAggregator
2026-04-08 17:34:20 | INFO     | __main__ | Aggregated features with vent status saved. Saving dataframe to ../Sepsis-data/data/output/raw_data_phase2_v2/df_agg_vent.parquet
2026-04-08 17:34:20 | INFO     | __main__ | =================================================================================
2026-04-08 17:34:20 | INFO     | __main__ | Joining baseline values to aggregated dataframe. Baseline columns: ['Baseline_Creatinine', 'Baseline_eGFR', 'Baseline_Bilirubin', 'Baseline_Platelets', 'Baseline_SBP', 'Baseline_RespiratoryRate', 'Baseline_PulseRate', 'Baseline_WBC']
2026-04-08 17:34:37 | INFO     | src.events.organdysfunction.organdysfunction | (IF needed) Joining baseline values to aggregated dataframe for organ dysfunction calculation.
2026-04-08 17:34:39 | INFO     | src.events.organdysfunction.organdysfunction | Calculating pulmonary dysfunction flag.
2026-04-08 17:38:53 | INFO     | __main__ | Loading dataframe from ../Sepsis-data/data/output/raw_data_phase2_v2/df_all.parquet
2026-04-08 17:38:53 | INFO     | __main__ | Loading dataframe from ../Sepsis-data/data/output/raw_data_phase2_v2/df_agg.parquet
2026-04-08 17:38:53 | INFO     | __main__ | Loading dataframe from ../Sepsis-data/data/output/raw_data_phase2_v2/df_agg_vent.parquet
2026-04-08 17:38:54 | INFO     | __main__ | Joining baseline values to aggregated dataframe. Baseline columns: ['Baseline_Creatinine', 'Baseline_eGFR', 'Baseline_Bilirubin', 'Baseline_Platelets', 'Baseline_SBP', 'Baseline_RespiratoryRate', 'Baseline_PulseRate', 'Baseline_WBC']
2026-04-08 17:39:10 | INFO     | src.events.organdysfunction.organdysfunction | (IF needed) Joining baseline values to aggregated dataframe for organ dysfunction calculation.
2026-04-08 17:39:12 | INFO     | src.events.organdysfunction.organdysfunction | Calculating pulmonary dysfunction flag.
2026-04-08 17:42:53 | INFO     | __main__ | Loading dataframe from ../Sepsis-data/data/output/raw_data_phase2_v2/df_all.parquet
2026-04-08 17:42:54 | INFO     | __main__ | Loading dataframe from ../Sepsis-data/data/output/raw_data_phase2_v2/df_agg.parquet
2026-04-08 17:42:54 | INFO     | __main__ | Loading dataframe from ../Sepsis-data/data/output/raw_data_phase2_v2/df_agg_vent.parquet
2026-04-08 17:42:54 | INFO     | __main__ | Joining baseline values to aggregated dataframe. Baseline columns: ['Baseline_Creatinine', 'Baseline_eGFR', 'Baseline_Bilirubin', 'Baseline_Platelets', 'Baseline_SBP', 'Baseline_RespiratoryRate', 'Baseline_PulseRate', 'Baseline_WBC']
2026-04-08 17:43:10 | INFO     | src.events.organdysfunction.organdysfunction | (IF needed) Joining baseline values to aggregated dataframe for organ dysfunction calculation.
2026-04-08 17:43:11 | INFO     | src.events.organdysfunction.organdysfunction | Calculating pulmonary dysfunction flag.
2026-04-08 17:43:26 | INFO     | src.events.organdysfunction.organdysfunction | ----------------------------------------------------------------------------------
2026-04-08 17:43:26 | INFO     | src.events.organdysfunction.organdysfunction | Calculating coagulation dysfunction flag.
2026-04-08 17:43:26 | INFO     | src.events.organdysfunction.organdysfunction | ----------------------------------------------------------------------------------
2026-04-08 17:43:26 | INFO     | src.events.organdysfunction.organdysfunction | Calculating cardiovascular dysfunction flag.
2026-04-08 17:43:26 | INFO     | src.events.organdysfunction.organdysfunction | ----------------------------------------------------------------------------------
2026-04-08 17:43:26 | INFO     | src.events.organdysfunction.organdysfunction | Calculating renal dysfunction flag.
2026-04-08 17:43:26 | INFO     | src.events.organdysfunction.organdysfunction | ----------------------------------------------------------------------------------
2026-04-08 17:43:26 | INFO     | src.events.organdysfunction.organdysfunction | Calculating hepatic dysfunction flag.
2026-04-08 17:43:26 | INFO     | src.events.organdysfunction.organdysfunction | ----------------------------------------------------------------------------------
2026-04-08 17:43:26 | INFO     | src.events.organdysfunction.organdysfunction | Calculating neurological dysfunction flag.
2026-04-08 17:43:26 | INFO     | src.events.organdysfunction.organdysfunction | ----------------------------------------------------------------------------------
2026-04-08 17:43:26 | INFO     | src.events.organdysfunction.organdysfunction | Joining organ dysfunction flag dataframes to create final organ dysfunction dataframe.
2026-04-08 18:22:48 | INFO     | __main__ | Loading dataframe from ../Sepsis-data/data/output/raw_data_phase2_v2/df_all.parquet
2026-04-08 18:22:49 | INFO     | __main__ | Loading dataframe from ../Sepsis-data/data/output/raw_data_phase2_v2/df_agg.parquet
2026-04-08 18:22:49 | INFO     | __main__ | Loading dataframe from ../Sepsis-data/data/output/raw_data_phase2_v2/df_agg_vent.parquet
2026-04-08 18:22:50 | INFO     | __main__ | Joining baseline values to aggregated dataframe. Baseline columns: ['Baseline_Creatinine', 'Baseline_eGFR', 'Baseline_Bilirubin', 'Baseline_Platelets', 'Baseline_SBP', 'Baseline_RespiratoryRate', 'Baseline_PulseRate', 'Baseline_WBC']
2026-04-08 18:23:08 | INFO     | src.events.organdysfunction.organdysfunction | (IF needed) Joining baseline values to aggregated dataframe for organ dysfunction calculation.
2026-04-08 18:23:10 | INFO     | src.events.organdysfunction.organdysfunction | Calculating pulmonary dysfunction flag.
2026-04-08 18:23:13 | INFO     | src.events.organdysfunction.organdysfunction | ----------------------------------------------------------------------------------
2026-04-08 18:23:13 | INFO     | src.events.organdysfunction.organdysfunction | Calculating coagulation dysfunction flag.
2026-04-08 18:23:14 | INFO     | src.events.organdysfunction.organdysfunction | ----------------------------------------------------------------------------------
2026-04-08 18:23:14 | INFO     | src.events.organdysfunction.organdysfunction | Calculating cardiovascular dysfunction flag.
2026-04-08 18:23:14 | INFO     | src.events.organdysfunction.organdysfunction | ----------------------------------------------------------------------------------
2026-04-08 18:23:14 | INFO     | src.events.organdysfunction.organdysfunction | Calculating renal dysfunction flag.
2026-04-08 18:23:14 | INFO     | src.events.organdysfunction.organdysfunction | ----------------------------------------------------------------------------------
2026-04-08 18:23:14 | INFO     | src.events.organdysfunction.organdysfunction | Calculating hepatic dysfunction flag.
2026-04-08 18:23:14 | INFO     | src.events.organdysfunction.organdysfunction | ----------------------------------------------------------------------------------
2026-04-08 18:23:14 | INFO     | src.events.organdysfunction.organdysfunction | Calculating neurological dysfunction flag.
2026-04-08 18:23:14 | INFO     | src.events.organdysfunction.organdysfunction | ----------------------------------------------------------------------------------
2026-04-08 18:23:14 | INFO     | src.events.organdysfunction.organdysfunction | Joining organ dysfunction flag dataframes to create final organ dysfunction dataframe.
2026-04-08 18:35:06 | INFO     | __main__ | Loading dataframe from ../Sepsis-data/data/output/raw_data_phase2_v2/df_all.parquet
2026-04-08 18:35:07 | INFO     | __main__ | Loading dataframe from ../Sepsis-data/data/output/raw_data_phase2_v2/df_agg.parquet
2026-04-08 18:35:07 | INFO     | __main__ | Loading dataframe from ../Sepsis-data/data/output/raw_data_phase2_v2/df_agg_vent.parquet
2026-04-08 18:35:08 | INFO     | __main__ | Joining baseline values to aggregated dataframe. Baseline columns: ['Baseline_Creatinine', 'Baseline_eGFR', 'Baseline_Bilirubin', 'Baseline_Platelets', 'Baseline_SBP', 'Baseline_RespiratoryRate', 'Baseline_PulseRate', 'Baseline_WBC']
2026-04-08 18:35:27 | INFO     | src.events.organdysfunction.organdysfunction | (IF needed) Joining baseline values to aggregated dataframe for organ dysfunction calculation.
2026-04-08 18:35:29 | INFO     | src.events.organdysfunction.organdysfunction | Calculating pulmonary dysfunction flag.
2026-04-08 18:35:33 | INFO     | src.events.organdysfunction.organdysfunction | ----------------------------------------------------------------------------------
2026-04-08 18:35:33 | INFO     | src.events.organdysfunction.organdysfunction | Calculating coagulation dysfunction flag.
2026-04-08 18:35:33 | INFO     | src.events.organdysfunction.organdysfunction | ----------------------------------------------------------------------------------
2026-04-08 18:35:33 | INFO     | src.events.organdysfunction.organdysfunction | Calculating cardiovascular dysfunction flag.
2026-04-08 18:35:33 | INFO     | src.events.organdysfunction.organdysfunction | ----------------------------------------------------------------------------------
2026-04-08 18:35:33 | INFO     | src.events.organdysfunction.organdysfunction | Calculating renal dysfunction flag.
2026-04-08 18:35:33 | INFO     | src.events.organdysfunction.organdysfunction | ----------------------------------------------------------------------------------
2026-04-08 18:35:33 | INFO     | src.events.organdysfunction.organdysfunction | Calculating hepatic dysfunction flag.
2026-04-08 18:35:33 | INFO     | src.events.organdysfunction.organdysfunction | ----------------------------------------------------------------------------------
2026-04-08 18:35:33 | INFO     | src.events.organdysfunction.organdysfunction | Calculating neurological dysfunction flag.
2026-04-08 18:35:33 | INFO     | src.events.organdysfunction.organdysfunction | ----------------------------------------------------------------------------------
2026-04-08 18:35:33 | INFO     | src.events.organdysfunction.organdysfunction | Joining organ dysfunction flag dataframes to create final organ dysfunction dataframe.
2026-04-08 18:45:36 | INFO     | __main__ | Loading dataframe from ../Sepsis-data/data/output/raw_data_phase2_v2/df_all.parquet
2026-04-08 18:45:38 | INFO     | __main__ | Loading dataframe from ../Sepsis-data/data/output/raw_data_phase2_v2/df_agg.parquet
2026-04-08 18:45:39 | INFO     | src.events.ventprocessor | Computing Vent Status
2026-04-08 18:45:39 | INFO     | src.events.ventprocessor | Joining vent events to the aggregated table from EventAggregator
2026-04-08 18:45:47 | INFO     | __main__ | Loading dataframe from ../Sepsis-data/data/output/raw_data_phase2_v2/df_all.parquet
2026-04-08 18:45:48 | INFO     | __main__ | Loading dataframe from ../Sepsis-data/data/output/raw_data_phase2_v2/df_agg.parquet
2026-04-08 18:45:48 | INFO     | src.events.ventprocessor | Computing Vent Status
2026-04-08 18:45:48 | INFO     | src.events.ventprocessor | Joining vent events to the aggregated table from EventAggregator
2026-04-08 18:47:11 | INFO     | __main__ | Loading dataframe from ../Sepsis-data/data/output/raw_data_phase2_v2/df_all.parquet
2026-04-08 18:47:12 | INFO     | __main__ | Loading dataframe from ../Sepsis-data/data/output/raw_data_phase2_v2/df_agg.parquet
2026-04-08 18:47:12 | INFO     | src.events.ventprocessor | Computing Vent Status
2026-04-08 18:47:12 | INFO     | src.events.ventprocessor | Joining vent events to the aggregated table from EventAggregator
2026-04-08 18:47:31 | INFO     | __main__ | Loading dataframe from ../Sepsis-data/data/output/raw_data_phase2_v2/df_all.parquet
2026-04-08 18:47:31 | INFO     | __main__ | Loading dataframe from ../Sepsis-data/data/output/raw_data_phase2_v2/df_agg.parquet
2026-04-08 18:47:31 | INFO     | src.events.ventprocessor | Computing Vent Status
2026-04-08 18:47:31 | INFO     | src.events.ventprocessor | Joining vent events to the aggregated table from EventAggregator
2026-04-08 18:48:18 | INFO     | __main__ | Loading dataframe from ../Sepsis-data/data/output/raw_data_phase2_v2/df_all.parquet
2026-04-08 18:48:18 | INFO     | __main__ | Loading dataframe from ../Sepsis-data/data/output/raw_data_phase2_v2/df_agg.parquet
2026-04-08 18:48:19 | INFO     | src.events.ventprocessor | Computing Vent Status
2026-04-08 18:48:19 | INFO     | src.events.ventprocessor | Joining vent events to the aggregated table from EventAggregator
2026-04-08 19:04:02 | INFO     | __main__ | Loading dataframe from ../Sepsis-data/data/output/raw_data_phase2_v2/df_all.parquet
2026-04-08 19:04:02 | INFO     | __main__ | Loading dataframe from ../Sepsis-data/data/output/raw_data_phase2_v2/df_agg.parquet
2026-04-08 19:04:03 | INFO     | src.events.ventprocessor | Computing Vent Status
2026-04-08 19:04:03 | INFO     | src.events.ventprocessor | Joining vent events to the aggregated table from EventAggregator
2026-04-08 19:04:16 | INFO     | __main__ | Aggregated features with vent status saved. Saving dataframe to ../Sepsis-data/data/output/raw_data_phase2_v2/df_agg_vent.parquet
2026-04-08 19:04:18 | INFO     | __main__ | =================================================================================
2026-04-08 19:04:21 | INFO     | __main__ | Joining baseline values to aggregated dataframe. Baseline columns: ['Baseline_Creatinine', 'Baseline_eGFR', 'Baseline_Bilirubin', 'Baseline_Platelets', 'Baseline_SBP', 'Baseline_RespiratoryRate', 'Baseline_PulseRate', 'Baseline_WBC']
2026-04-08 19:04:27 | INFO     | src.events.organdysfunction.organdysfunction | (IF needed) Joining baseline values to aggregated dataframe for organ dysfunction calculation.
2026-04-08 19:05:16 | INFO     | src.events.organdysfunction.organdysfunction | Calculating pulmonary dysfunction flag.
2026-04-08 20:15:40 | INFO     | __main__ | Loading dataframe from ../Sepsis-data/data/output/raw_data_phase2_v2/df_all.parquet
2026-04-08 20:15:41 | INFO     | __main__ | Loading dataframe from ../Sepsis-data/data/output/raw_data_phase2_v2/df_agg.parquet
2026-04-08 20:15:41 | INFO     | src.events.ventprocessor | Computing Vent Status
2026-04-08 20:15:41 | INFO     | src.events.ventprocessor | Joining vent events to the aggregated table from EventAggregator
2026-04-08 20:15:47 | INFO     | __main__ | Aggregated features with vent status saved. Saving dataframe to ../Sepsis-data/data/output/raw_data_phase2_v2/df_agg_vent.parquet
2026-04-08 20:15:47 | INFO     | __main__ | =================================================================================
2026-04-08 20:15:47 | INFO     | __main__ | Joining baseline values to aggregated dataframe. Baseline columns: ['Baseline_Creatinine', 'Baseline_eGFR', 'Baseline_Bilirubin', 'Baseline_Platelets', 'Baseline_SBP', 'Baseline_RespiratoryRate', 'Baseline_PulseRate', 'Baseline_WBC']
2026-04-08 20:15:55 | INFO     | src.events.organdysfunction.organdysfunction | (IF needed) Joining baseline values to aggregated dataframe for organ dysfunction calculation.
2026-04-08 20:19:36 | INFO     | src.events.organdysfunction.organdysfunction | Calculating pulmonary dysfunction flag.
2026-04-08 20:19:36 | INFO     | src.events.organdysfunction.organdysfunction | ----------------------------------------------------------------------------------
2026-04-08 20:19:36 | INFO     | src.events.organdysfunction.organdysfunction | Calculating coagulation dysfunction flag.
2026-04-08 20:19:36 | INFO     | src.events.organdysfunction.organdysfunction | ----------------------------------------------------------------------------------
2026-04-08 20:19:36 | INFO     | src.events.organdysfunction.organdysfunction | Calculating cardiovascular dysfunction flag.
2026-04-08 20:19:36 | INFO     | src.events.organdysfunction.organdysfunction | ----------------------------------------------------------------------------------
2026-04-08 20:19:36 | INFO     | src.events.organdysfunction.organdysfunction | Calculating renal dysfunction flag.
2026-04-08 20:19:36 | INFO     | src.events.organdysfunction.organdysfunction | ----------------------------------------------------------------------------------
2026-04-08 20:19:36 | INFO     | src.events.organdysfunction.organdysfunction | Calculating hepatic dysfunction flag.
2026-04-08 20:19:36 | INFO     | src.events.organdysfunction.organdysfunction | ----------------------------------------------------------------------------------
2026-04-08 20:19:36 | INFO     | src.events.organdysfunction.organdysfunction | Calculating neurological dysfunction flag.
2026-04-08 20:19:37 | INFO     | src.events.organdysfunction.organdysfunction | ----------------------------------------------------------------------------------
2026-04-08 20:19:37 | INFO     | src.events.organdysfunction.organdysfunction | Joining organ dysfunction flag dataframes to create final organ dysfunction dataframe.
2026-04-08 20:19:50 | INFO     | src.events.organdysfunction.organdysfunction | ----------------------------------------------------------------------------------
2026-04-08 20:19:50 | INFO     | src.events.organdysfunction.organdysfunction | Calculating total organ dysfunction flag by summing individual organ dysfunction flags.
2026-04-09 11:21:39 | INFO     | __main__ | Loading dataframe from ../Sepsis-data/data/output/raw_data_phase2_v2/df_all.parquet
2026-04-09 11:21:41 | INFO     | __main__ | Loading dataframe from ../Sepsis-data/data/output/raw_data_phase2_v2/df_agg.parquet
2026-04-09 11:21:42 | INFO     | src.events.ventprocessor | Computing Vent Status
2026-04-09 11:21:42 | INFO     | src.events.ventprocessor | Joining vent events to the aggregated table from EventAggregator
2026-04-09 11:21:49 | INFO     | __main__ | Aggregated features with vent status saved. Saving dataframe to ../Sepsis-data/data/output/raw_data_phase2_v2/df_agg_vent.parquet
2026-04-09 11:21:50 | INFO     | __main__ | =================================================================================
2026-04-09 11:21:50 | INFO     | __main__ | Joining baseline values to aggregated dataframe. Baseline columns: ['Baseline_Creatinine', 'Baseline_eGFR', 'Baseline_Bilirubin', 'Baseline_Platelets', 'Baseline_SBP', 'Baseline_RespiratoryRate', 'Baseline_PulseRate', 'Baseline_WBC']
2026-04-09 11:21:57 | INFO     | src.events.organdysfunction.organdysfunction | (IF needed) Joining baseline values to aggregated dataframe for organ dysfunction calculation.
2026-04-09 11:21:58 | INFO     | src.events.organdysfunction.organdysfunction | Calculating pulmonary dysfunction flag.
2026-04-09 11:21:58 | INFO     | src.events.organdysfunction.organdysfunction | ----------------------------------------------------------------------------------
2026-04-09 11:21:58 | INFO     | src.events.organdysfunction.organdysfunction | Calculating coagulation dysfunction flag.
2026-04-09 11:21:58 | INFO     | src.events.organdysfunction.organdysfunction | ----------------------------------------------------------------------------------
2026-04-09 11:21:58 | INFO     | src.events.organdysfunction.organdysfunction | Calculating cardiovascular dysfunction flag.
2026-04-09 11:21:58 | INFO     | src.events.organdysfunction.organdysfunction | ----------------------------------------------------------------------------------
2026-04-09 11:21:58 | INFO     | src.events.organdysfunction.organdysfunction | Calculating renal dysfunction flag.
2026-04-09 11:21:58 | INFO     | src.events.organdysfunction.organdysfunction | ----------------------------------------------------------------------------------
2026-04-09 11:21:58 | INFO     | src.events.organdysfunction.organdysfunction | Calculating hepatic dysfunction flag.
2026-04-09 11:21:58 | INFO     | src.events.organdysfunction.organdysfunction | ----------------------------------------------------------------------------------
2026-04-09 11:21:58 | INFO     | src.events.organdysfunction.organdysfunction | Calculating neurological dysfunction flag.
2026-04-09 11:21:58 | INFO     | src.events.organdysfunction.organdysfunction | ----------------------------------------------------------------------------------
2026-04-09 11:21:58 | INFO     | src.events.organdysfunction.organdysfunction | Joining organ dysfunction flag dataframes to create final organ dysfunction dataframe.
2026-04-09 11:22:13 | INFO     | src.events.organdysfunction.organdysfunction | ----------------------------------------------------------------------------------
2026-04-09 11:22:13 | INFO     | src.events.organdysfunction.organdysfunction | Calculating total organ dysfunction flag by summing individual organ dysfunction flags.
2026-04-09 11:22:15 | INFO     | __main__ | Organ dysfunction labels saved. Saving dataframe to ../Sepsis-data/data/output/raw_data_phase2_v2/df_organdysfunction.parquet
2026-04-09 11:22:21 | INFO     | __main__ | =================================================================================
2026-04-09 11:22:21 | INFO     | src.events.septicshock | Calculating septic shock criteria.
2026-04-09 11:22:21 | INFO     | src.events.septicshock | Calculating SBP<90 flag for septic shock criteria.
2026-04-09 11:22:21 | INFO     | src.events.septicshock | Calculating SBP delta>40 flag for septic shock criteria.
2026-04-09 11:22:21 | INFO     | src.events.septicshock | -----------------------------------------------------------------------------------
2026-04-09 11:22:21 | INFO     | src.events.septicshock | Calculating MAP<65 flag for septic shock criteria.
2026-04-09 11:22:21 | INFO     | src.events.septicshock | -----------------------------------------------------------------------------------
2026-04-09 11:22:21 | INFO     | src.events.septicshock | Calculating lactate>4 flag for septic shock criteria.
2026-04-09 11:22:21 | INFO     | src.events.septicshock | -----------------------------------------------------------------------------------
2026-04-09 11:22:21 | INFO     | src.events.septicshock | Calculating vasopressor flag for septic shock criteria.
2026-04-09 11:22:21 | INFO     | src.events.septicshock | -----------------------------------------------------------------------------------
2026-04-09 11:27:37 | INFO     | __main__ | Loading dataframe from ../Sepsis-data/data/output/raw_data_phase2_v2/df_all.parquet
2026-04-09 11:27:38 | INFO     | __main__ | Loading dataframe from ../Sepsis-data/data/output/raw_data_phase2_v2/df_agg.parquet
2026-04-09 11:27:38 | INFO     | src.events.ventprocessor | Computing Vent Status
2026-04-09 11:27:38 | INFO     | src.events.ventprocessor | Joining vent events to the aggregated table from EventAggregator
2026-04-09 11:27:45 | INFO     | __main__ | Aggregated features with vent status saved. Saving dataframe to ../Sepsis-data/data/output/raw_data_phase2_v2/df_agg_vent.parquet
2026-04-09 11:27:45 | INFO     | __main__ | =================================================================================
2026-04-09 11:27:45 | INFO     | __main__ | Joining baseline values to aggregated dataframe. Baseline columns: ['Baseline_Creatinine', 'Baseline_eGFR', 'Baseline_Bilirubin', 'Baseline_Platelets', 'Baseline_SBP', 'Baseline_RespiratoryRate', 'Baseline_PulseRate', 'Baseline_WBC']
2026-04-09 11:27:51 | INFO     | src.events.organdysfunction.organdysfunction | (IF needed) Joining baseline values to aggregated dataframe for organ dysfunction calculation.
2026-04-09 11:27:51 | INFO     | src.events.organdysfunction.organdysfunction | Calculating pulmonary dysfunction flag.
2026-04-09 11:27:52 | INFO     | src.events.organdysfunction.organdysfunction | ----------------------------------------------------------------------------------
2026-04-09 11:27:52 | INFO     | src.events.organdysfunction.organdysfunction | Calculating coagulation dysfunction flag.
2026-04-09 11:27:52 | INFO     | src.events.organdysfunction.organdysfunction | ----------------------------------------------------------------------------------
2026-04-09 11:27:52 | INFO     | src.events.organdysfunction.organdysfunction | Calculating cardiovascular dysfunction flag.
2026-04-09 11:27:52 | INFO     | src.events.organdysfunction.organdysfunction | ----------------------------------------------------------------------------------
2026-04-09 11:27:52 | INFO     | src.events.organdysfunction.organdysfunction | Calculating renal dysfunction flag.
2026-04-09 11:27:52 | INFO     | src.events.organdysfunction.organdysfunction | ----------------------------------------------------------------------------------
2026-04-09 11:27:52 | INFO     | src.events.organdysfunction.organdysfunction | Calculating hepatic dysfunction flag.
2026-04-09 11:27:52 | INFO     | src.events.organdysfunction.organdysfunction | ----------------------------------------------------------------------------------
2026-04-09 11:27:52 | INFO     | src.events.organdysfunction.organdysfunction | Calculating neurological dysfunction flag.
2026-04-09 11:27:52 | INFO     | src.events.organdysfunction.organdysfunction | ----------------------------------------------------------------------------------
2026-04-09 12:14:21 | INFO     | __main__ | Loading dataframe from ../Sepsis-data/data/output/raw_data_phase2_v2/df_all.parquet
2026-04-09 12:14:22 | INFO     | __main__ | Loading dataframe from ../Sepsis-data/data/output/raw_data_phase2_v2/df_agg.parquet
2026-04-09 12:14:22 | INFO     | src.events.ventprocessor | Computing Vent Status
2026-04-09 12:14:22 | INFO     | src.events.ventprocessor | Joining vent events to the aggregated table from EventAggregator
2026-04-09 12:14:28 | INFO     | __main__ | Aggregated features with vent status saved. Saving dataframe to ../Sepsis-data/data/output/raw_data_phase2_v2/df_agg_vent.parquet
2026-04-09 12:14:29 | INFO     | __main__ | =================================================================================
2026-04-09 12:14:29 | INFO     | __main__ | Joining baseline values to aggregated dataframe. Baseline columns: ['Baseline_Creatinine', 'Baseline_eGFR', 'Baseline_Bilirubin', 'Baseline_Platelets', 'Baseline_SBP', 'Baseline_RespiratoryRate', 'Baseline_PulseRate', 'Baseline_WBC']
2026-04-09 12:14:34 | INFO     | src.events.organdysfunction.organdysfunction | (IF needed) Joining baseline values to aggregated dataframe for organ dysfunction calculation.
2026-04-09 12:14:35 | INFO     | src.events.organdysfunction.organdysfunction | Calculating pulmonary dysfunction flag.
2026-04-09 12:14:35 | INFO     | src.events.organdysfunction.organdysfunction | ----------------------------------------------------------------------------------
2026-04-09 12:14:35 | INFO     | src.events.organdysfunction.organdysfunction | Calculating coagulation dysfunction flag.
2026-04-09 12:14:35 | INFO     | src.events.organdysfunction.organdysfunction | ----------------------------------------------------------------------------------
2026-04-09 12:14:35 | INFO     | src.events.organdysfunction.organdysfunction | Calculating cardiovascular dysfunction flag.
2026-04-09 12:14:35 | INFO     | src.events.organdysfunction.organdysfunction | ----------------------------------------------------------------------------------
2026-04-09 12:14:35 | INFO     | src.events.organdysfunction.organdysfunction | Calculating renal dysfunction flag.
2026-04-09 12:14:35 | INFO     | src.events.organdysfunction.organdysfunction | ----------------------------------------------------------------------------------
2026-04-09 12:14:35 | INFO     | src.events.organdysfunction.organdysfunction | Calculating hepatic dysfunction flag.
2026-04-09 12:14:35 | INFO     | src.events.organdysfunction.organdysfunction | ----------------------------------------------------------------------------------
2026-04-09 12:14:35 | INFO     | src.events.organdysfunction.organdysfunction | Calculating neurological dysfunction flag.
2026-04-09 12:14:35 | INFO     | src.events.organdysfunction.organdysfunction | ----------------------------------------------------------------------------------
2026-04-09 12:14:40 | INFO     | src.events.organdysfunction.organdysfunction | Joining organ dysfunction flag dataframes to create final organ dysfunction dataframe.
2026-04-09 12:14:43 | INFO     | src.events.organdysfunction.organdysfunction | All flag frames are the same length and have the same indices.
2026-04-09 12:15:29 | INFO     | src.events.organdysfunction.organdysfunction | ----------------------------------------------------------------------------------
2026-04-09 12:15:30 | INFO     | src.events.organdysfunction.organdysfunction | Calculating total organ dysfunction flag by summing individual organ dysfunction flags.
2026-04-09 12:15:40 | INFO     | __main__ | Organ dysfunction labels saved. Saving dataframe to ../Sepsis-data/data/output/raw_data_phase2_v2/df_organdysfunction.parquet
2026-04-09 12:15:41 | INFO     | __main__ | =================================================================================
2026-04-09 12:16:33 | INFO     | src.events.septicshock | Calculating septic shock criteria.
2026-04-09 12:16:33 | INFO     | src.events.septicshock | Calculating SBP<90 flag for septic shock criteria.
2026-04-09 12:16:33 | INFO     | src.events.septicshock | Calculating SBP delta>40 flag for septic shock criteria.
2026-04-09 12:16:33 | INFO     | src.events.septicshock | -----------------------------------------------------------------------------------
2026-04-09 12:16:33 | INFO     | src.events.septicshock | Calculating MAP<65 flag for septic shock criteria.
2026-04-09 12:16:33 | INFO     | src.events.septicshock | -----------------------------------------------------------------------------------
2026-04-09 12:16:33 | INFO     | src.events.septicshock | Calculating lactate>4 flag for septic shock criteria.
2026-04-09 12:16:33 | INFO     | src.events.septicshock | -----------------------------------------------------------------------------------
2026-04-09 12:16:33 | INFO     | src.events.septicshock | Calculating vasopressor flag for septic shock criteria.
2026-04-09 12:16:33 | INFO     | src.events.septicshock | -----------------------------------------------------------------------------------
2026-04-09 12:17:45 | INFO     | __main__ | Septic shock labels saved. Saving dataframe to ../Sepsis-data/data/output/raw_data_phase2_v2/df_septicshock.parquet
2026-04-09 12:30:29 | INFO     | __main__ | Loading dataframe from ../Sepsis-data/data/output/raw_data_phase2_v2/df_all.parquet
2026-04-09 12:30:30 | INFO     | src.events.infectiondetection | Detecting infection with antibiotic and culture criteria
2026-04-09 12:30:30 | INFO     | src.events.infectiondetection | Detected 3929 infections with antibiotic and culture criteria
2026-04-09 12:30:30 | INFO     | src.events.infectiondetection | Detecting infection with lactate and culture criteria
2026-04-09 12:30:32 | INFO     | src.events.infectiondetection | Detected 3309 infections with lactate and culture criteria
2026-04-09 12:30:32 | INFO     | src.events.infectiondetection | Detecting infection with code sepsis order criteria
2026-04-09 12:30:32 | INFO     | src.events.infectiondetection | Detected 1677 infections with code sepsis order criteria
2026-04-09 12:30:32 | INFO     | src.events.infectiondetection | Detecting infection with suspected infection criteria
2026-04-09 12:30:32 | INFO     | src.events.infectiondetection | Detected 901 infections with suspected infection criteria
2026-04-09 12:30:32 | INFO     | src.events.infectiondetection | --------------------------------------------------------------------------------
2026-04-09 12:30:32 | INFO     | src.events.infectiondetection | Combining infection detection results from all criteria
2026-04-09 12:30:32 | INFO     | src.events.infectiondetection | Combined infection detection results has 4032 rows and columns: ['EncounterEpicCsn', 'iv_dt', 'culture_dt', 'first_ev_time_iv_culture', 'ev_type_iv_culture', 'EncounterEpicCsn_lactcult', 'culture_dt_lactcult', 'lactate_dt', 'first_ev_time_lactcult', 'ev_type_lactate_culture', 'EncounterEpicCsn_codesepsis', 'first_ev_time_codesepsis', 'ev_type_sepsis_diag_code', 'EncounterEpicCsn_suspectedinfection', 'first_ev_time_flowsheet', 'ev_type_suspected_infection_flowsheet', 'infection_time', 'infection_ev_type', 'first_ev_type']
2026-04-09 12:30:32 | INFO     | __main__ | Infection data detected. Saving dataframe to ../Sepsis-data/data/output/raw_data_phase2_v2/df_infect.parquet
2026-04-09 12:30:32 | INFO     | __main__ | =================================================================================
2026-04-09 12:30:37 | INFO     | __main__ | SIRS flags calculated. Saving dataframe to ../Sepsis-data/data/output/raw_data_phase2_v2/df_sirs.parquet
2026-04-09 12:30:38 | INFO     | __main__ | =================================================================================
2026-04-09 12:30:39 | INFO     | src.events.aggregator | Created reference table with 2532365 rows based on unique combinations of EncounterEpicCsn and Event_DateTime
2026-04-09 12:30:39 | INFO     | src.events.aggregator | Aggregating feature last_temp_8h using last over last 480.0 minutes for events in Temperature
2026-04-09 12:30:41 | INFO     | src.events.aggregator | Joining aggregated feature last_temp_8h back to reference table
2026-04-09 12:30:41 | INFO     | src.events.aggregator | Feature last_temp_8h aggregated and joined. Current reference table now has 2532365 rows and 3 columns.
2026-04-09 12:30:41 | INFO     | src.events.aggregator | --------------------------------------------------------------------------------
2026-04-09 12:30:41 | INFO     | src.events.aggregator | Aggregating feature last_pulse_8h using last over last 480.0 minutes for events in Pulse
2026-04-09 12:30:54 | INFO     | src.events.aggregator | Joining aggregated feature last_pulse_8h back to reference table
2026-04-09 12:30:54 | INFO     | src.events.aggregator | Feature last_pulse_8h aggregated and joined. Current reference table now has 2532365 rows and 4 columns.
2026-04-09 12:30:54 | INFO     | src.events.aggregator | --------------------------------------------------------------------------------
2026-04-09 12:30:54 | INFO     | src.events.aggregator | Aggregating feature last_resp_8h using last over last 480.0 minutes for events in Respirations
2026-04-09 12:31:04 | INFO     | src.events.aggregator | Joining aggregated feature last_resp_8h back to reference table
2026-04-09 12:31:04 | INFO     | src.events.aggregator | Feature last_resp_8h aggregated and joined. Current reference table now has 2532365 rows and 5 columns.
2026-04-09 12:31:04 | INFO     | src.events.aggregator | --------------------------------------------------------------------------------
2026-04-09 12:31:04 | INFO     | src.events.aggregator | Aggregating feature last_sbp_8h using last over last 480.0 minutes for events in Systolic Blood Pressure
2026-04-09 12:31:09 | INFO     | src.events.aggregator | Joining aggregated feature last_sbp_8h back to reference table
2026-04-09 12:31:09 | INFO     | src.events.aggregator | Feature last_sbp_8h aggregated and joined. Current reference table now has 2532365 rows and 6 columns.
2026-04-09 12:31:09 | INFO     | src.events.aggregator | --------------------------------------------------------------------------------
2026-04-09 12:31:09 | INFO     | src.events.aggregator | Aggregating feature last_map_8h using last over last 480.0 minutes for events in Arterial Blood Pressure Mean
2026-04-09 12:31:13 | INFO     | src.events.aggregator | Joining aggregated feature last_map_8h back to reference table
2026-04-09 12:31:14 | INFO     | src.events.aggregator | Feature last_map_8h aggregated and joined. Current reference table now has 2532365 rows and 7 columns.
2026-04-09 12:31:14 | INFO     | src.events.aggregator | --------------------------------------------------------------------------------
2026-04-09 12:31:14 | INFO     | src.events.aggregator | Aggregating feature last_wbc_12h using last over last 720.0 minutes for events in WBC
2026-04-09 12:31:15 | INFO     | src.events.aggregator | Joining aggregated feature last_wbc_12h back to reference table
2026-04-09 12:31:15 | INFO     | src.events.aggregator | Feature last_wbc_12h aggregated and joined. Current reference table now has 2532365 rows and 8 columns.
2026-04-09 12:31:15 | INFO     | src.events.aggregator | --------------------------------------------------------------------------------
2026-04-09 12:31:15 | INFO     | src.events.aggregator | Aggregating feature last_creatinine_12h using last over last 720.0 minutes for events in Creatinine
2026-04-09 12:31:16 | INFO     | src.events.aggregator | Joining aggregated feature last_creatinine_12h back to reference table
2026-04-09 12:31:16 | INFO     | src.events.aggregator | Feature last_creatinine_12h aggregated and joined. Current reference table now has 2532365 rows and 9 columns.
2026-04-09 12:31:16 | INFO     | src.events.aggregator | --------------------------------------------------------------------------------
2026-04-09 12:31:16 | INFO     | src.events.aggregator | Aggregating feature last_egfr_12h using last over last 720.0 minutes for events in eGFR
2026-04-09 12:31:17 | INFO     | src.events.aggregator | Joining aggregated feature last_egfr_12h back to reference table
2026-04-09 12:31:17 | INFO     | src.events.aggregator | Feature last_egfr_12h aggregated and joined. Current reference table now has 2532365 rows and 10 columns.
2026-04-09 12:31:17 | INFO     | src.events.aggregator | --------------------------------------------------------------------------------
2026-04-09 12:31:17 | INFO     | src.events.aggregator | Aggregating feature last_bilirubin_12h using last over last 720.0 minutes for events in Bilirubin
2026-04-09 12:31:17 | INFO     | src.events.aggregator | Joining aggregated feature last_bilirubin_12h back to reference table
2026-04-09 12:31:18 | INFO     | src.events.aggregator | Feature last_bilirubin_12h aggregated and joined. Current reference table now has 2532365 rows and 11 columns.
2026-04-09 12:31:18 | INFO     | src.events.aggregator | --------------------------------------------------------------------------------
2026-04-09 12:31:18 | INFO     | src.events.aggregator | Aggregating feature last_lactate_6h using last over last 360.0 minutes for events in Lactate
2026-04-09 12:31:18 | INFO     | src.events.aggregator | Joining aggregated feature last_lactate_6h back to reference table
2026-04-09 12:31:19 | INFO     | src.events.aggregator | Feature last_lactate_6h aggregated and joined. Current reference table now has 2532365 rows and 12 columns.
2026-04-09 12:31:19 | INFO     | src.events.aggregator | --------------------------------------------------------------------------------
2026-04-09 12:31:19 | INFO     | src.events.aggregator | Aggregating feature last_platelets_24h using last over last 1440.0 minutes for events in Platelets
2026-04-09 12:31:20 | INFO     | src.events.aggregator | Joining aggregated feature last_platelets_24h back to reference table
2026-04-09 12:31:20 | INFO     | src.events.aggregator | Feature last_platelets_24h aggregated and joined. Current reference table now has 2532365 rows and 13 columns.
2026-04-09 12:31:20 | INFO     | src.events.aggregator | --------------------------------------------------------------------------------
2026-04-09 12:31:20 | INFO     | src.events.aggregator | Aggregating feature last_inr_12h using last over last 720.0 minutes for events in INR
2026-04-09 12:31:20 | INFO     | src.events.aggregator | Joining aggregated feature last_inr_12h back to reference table
2026-04-09 12:31:21 | INFO     | src.events.aggregator | Feature last_inr_12h aggregated and joined. Current reference table now has 2532365 rows and 14 columns.
2026-04-09 12:31:21 | INFO     | src.events.aggregator | --------------------------------------------------------------------------------
2026-04-09 12:31:21 | INFO     | src.events.aggregator | Aggregating feature last_aptt_24h using last over last 1440.0 minutes for events in APTT
2026-04-09 12:31:21 | INFO     | src.events.aggregator | Joining aggregated feature last_aptt_24h back to reference table
2026-04-09 12:31:21 | INFO     | src.events.aggregator | Feature last_aptt_24h aggregated and joined. Current reference table now has 2532365 rows and 15 columns.
2026-04-09 12:31:21 | INFO     | src.events.aggregator | --------------------------------------------------------------------------------
2026-04-09 12:31:21 | INFO     | src.events.aggregator | Aggregating feature last_gcs_12h using last over last 720.0 minutes for events in Glasgow Coma Score
2026-04-09 12:31:23 | INFO     | src.events.aggregator | Joining aggregated feature last_gcs_12h back to reference table
2026-04-09 12:31:23 | INFO     | src.events.aggregator | Feature last_gcs_12h aggregated and joined. Current reference table now has 2532365 rows and 16 columns.
2026-04-09 12:31:23 | INFO     | src.events.aggregator | --------------------------------------------------------------------------------
2026-04-09 12:31:23 | INFO     | src.events.aggregator | Aggregating feature last_vasopressin_24h using last over last 1440.0 minutes for events in Vasopressin
2026-04-09 12:31:24 | INFO     | src.events.aggregator | Joining aggregated feature last_vasopressin_24h back to reference table
2026-04-09 12:31:24 | INFO     | src.events.aggregator | Feature last_vasopressin_24h aggregated and joined. Current reference table now has 2532365 rows and 17 columns.
2026-04-09 12:31:24 | INFO     | src.events.aggregator | --------------------------------------------------------------------------------
2026-04-09 12:31:24 | INFO     | src.events.aggregator | Aggregating feature last_phenylephrine_24h using last over last 1440.0 minutes for events in Phenylephrine
2026-04-09 12:31:24 | INFO     | src.events.aggregator | Joining aggregated feature last_phenylephrine_24h back to reference table
2026-04-09 12:31:25 | INFO     | src.events.aggregator | Feature last_phenylephrine_24h aggregated and joined. Current reference table now has 2532365 rows and 18 columns.
2026-04-09 12:31:25 | INFO     | src.events.aggregator | --------------------------------------------------------------------------------
2026-04-09 12:31:25 | INFO     | src.events.aggregator | Aggregating feature last_norepinephrine_24h using last over last 1440.0 minutes for events in Norepinephrine
2026-04-09 12:31:25 | INFO     | src.events.aggregator | Joining aggregated feature last_norepinephrine_24h back to reference table
2026-04-09 12:31:26 | INFO     | src.events.aggregator | Feature last_norepinephrine_24h aggregated and joined. Current reference table now has 2532365 rows and 19 columns.
2026-04-09 12:31:26 | INFO     | src.events.aggregator | --------------------------------------------------------------------------------
2026-04-09 12:31:26 | INFO     | src.events.aggregator | Aggregating feature last_epinephrine_24h using last over last 1440.0 minutes for events in Epinephrine
2026-04-09 12:31:26 | INFO     | src.events.aggregator | Joining aggregated feature last_epinephrine_24h back to reference table
2026-04-09 12:31:26 | INFO     | src.events.aggregator | Feature last_epinephrine_24h aggregated and joined. Current reference table now has 2532365 rows and 20 columns.
2026-04-09 12:31:26 | INFO     | src.events.aggregator | --------------------------------------------------------------------------------
2026-04-09 12:31:26 | INFO     | src.events.aggregator | All features aggregated and joined back to reference table.
2026-04-09 12:31:26 | INFO     | __main__ | Aggregated features saved. Saving dataframe to ../Sepsis-data/data/output/raw_data_phase2_v2/df_agg.parquet
2026-04-09 12:31:27 | INFO     | __main__ | =================================================================================
2026-04-09 12:31:27 | INFO     | src.events.ventprocessor | Computing Vent Status
2026-04-09 12:31:27 | INFO     | src.events.ventprocessor | Joining vent events to the aggregated table from EventAggregator
2026-04-09 12:31:33 | INFO     | __main__ | Aggregated features with vent status saved. Saving dataframe to ../Sepsis-data/data/output/raw_data_phase2_v2/df_agg_vent.parquet
2026-04-09 12:31:34 | INFO     | __main__ | =================================================================================
2026-04-09 12:31:34 | INFO     | __main__ | Joining baseline values to aggregated dataframe. Baseline columns: ['Baseline_Creatinine', 'Baseline_eGFR', 'Baseline_Bilirubin', 'Baseline_Platelets', 'Baseline_SBP', 'Baseline_RespiratoryRate', 'Baseline_PulseRate', 'Baseline_WBC']
2026-04-09 12:31:37 | INFO     | src.events.organdysfunction.organdysfunction | (IF needed) Joining baseline values to aggregated dataframe for organ dysfunction calculation.
2026-04-09 12:31:38 | INFO     | src.events.organdysfunction.organdysfunction | Calculating pulmonary dysfunction flag.
2026-04-09 12:31:38 | INFO     | src.events.organdysfunction.organdysfunction | ----------------------------------------------------------------------------------
2026-04-09 12:31:38 | INFO     | src.events.organdysfunction.organdysfunction | Calculating coagulation dysfunction flag.
2026-04-09 12:31:38 | INFO     | src.events.organdysfunction.organdysfunction | ----------------------------------------------------------------------------------
2026-04-09 12:31:38 | INFO     | src.events.organdysfunction.organdysfunction | Calculating cardiovascular dysfunction flag.
2026-04-09 12:31:38 | INFO     | src.events.organdysfunction.organdysfunction | ----------------------------------------------------------------------------------
2026-04-09 12:31:38 | INFO     | src.events.organdysfunction.organdysfunction | Calculating renal dysfunction flag.
2026-04-09 12:31:38 | INFO     | src.events.organdysfunction.organdysfunction | ----------------------------------------------------------------------------------
2026-04-09 12:31:38 | INFO     | src.events.organdysfunction.organdysfunction | Calculating hepatic dysfunction flag.
2026-04-09 12:31:38 | INFO     | src.events.organdysfunction.organdysfunction | ----------------------------------------------------------------------------------
2026-04-09 12:31:38 | INFO     | src.events.organdysfunction.organdysfunction | Calculating neurological dysfunction flag.
2026-04-09 12:31:38 | INFO     | src.events.organdysfunction.organdysfunction | ----------------------------------------------------------------------------------
2026-04-09 12:31:38 | INFO     | src.events.organdysfunction.organdysfunction | Joining organ dysfunction flag dataframes to create final organ dysfunction dataframe.
2026-04-09 12:31:41 | INFO     | src.events.organdysfunction.organdysfunction | All flag frames are the same length and have the same indices.
2026-04-09 12:31:41 | INFO     | src.events.organdysfunction.organdysfunction | ----------------------------------------------------------------------------------
2026-04-09 12:31:41 | INFO     | src.events.organdysfunction.organdysfunction | Calculating total organ dysfunction flag by summing individual organ dysfunction flags.
2026-04-09 12:31:41 | INFO     | __main__ | Organ dysfunction labels saved. Saving dataframe to ../Sepsis-data/data/output/raw_data_phase2_v2/df_organdysfunction.parquet
2026-04-09 12:31:42 | INFO     | __main__ | =================================================================================
2026-04-09 12:31:42 | INFO     | src.events.septicshock | Calculating septic shock criteria.
2026-04-09 12:31:42 | INFO     | src.events.septicshock | Calculating SBP<90 flag for septic shock criteria.
2026-04-09 12:31:42 | INFO     | src.events.septicshock | Calculating SBP delta>40 flag for septic shock criteria.
2026-04-09 12:31:42 | INFO     | src.events.septicshock | -----------------------------------------------------------------------------------
2026-04-09 12:31:42 | INFO     | src.events.septicshock | Calculating MAP<65 flag for septic shock criteria.
2026-04-09 12:31:42 | INFO     | src.events.septicshock | -----------------------------------------------------------------------------------
2026-04-09 12:31:42 | INFO     | src.events.septicshock | Calculating lactate>4 flag for septic shock criteria.
2026-04-09 12:31:42 | INFO     | src.events.septicshock | -----------------------------------------------------------------------------------
2026-04-09 12:31:42 | INFO     | src.events.septicshock | Calculating vasopressor flag for septic shock criteria.
2026-04-09 12:31:42 | INFO     | src.events.septicshock | -----------------------------------------------------------------------------------
2026-04-09 12:31:42 | INFO     | __main__ | Septic shock labels saved. Saving dataframe to ../Sepsis-data/data/output/raw_data_phase2_v2/df_septicshock.parquet
2026-04-09 13:47:21 | INFO     | __main__ | Loading dataframe from ../Sepsis-data/data/output/raw_data_phase2_v2/df_all.parquet
2026-04-09 13:47:22 | INFO     | __main__ | Loading dataframes from ../Sepsis-data/data/output/raw_data_phase2_v2
2026-04-09 13:48:26 | INFO     | __main__ | Loading dataframe from ../Sepsis-data/data/output/raw_data_phase2_v2/df_all.parquet
2026-04-09 13:48:27 | INFO     | __main__ | Loading dataframes from ../Sepsis-data/data/output/raw_data_phase2_v2
2026-04-09 13:52:49 | INFO     | __main__ | Loading dataframe from ../Sepsis-data/data/output/raw_data_phase2_v2/df_all.parquet
2026-04-09 13:52:49 | INFO     | __main__ | Loading dataframes from ../Sepsis-data/data/output/raw_data_phase2_v2
2026-04-09 13:53:43 | INFO     | __main__ | Loading dataframe from ../Sepsis-data/data/output/raw_data_phase2_v2/df_all.parquet
2026-04-09 13:53:43 | INFO     | __main__ | Loading dataframes from ../Sepsis-data/data/output/raw_data_phase2_v2
2026-04-09 15:08:40 | INFO     | __main__ | Loading dataframe from ../Sepsis-data/data/output/raw_data_phase2_v2/df_all.parquet
2026-04-09 15:08:41 | INFO     | __main__ | Loading dataframes from ../Sepsis-data/data/output/raw_data_phase2_v2
2026-04-09 15:31:40 | INFO     | __main__ | Loading dataframe from ../Sepsis-data/data/output/raw_data_phase2_v2/df_all.parquet
2026-04-09 15:31:41 | INFO     | __main__ | Loading dataframes from ../Sepsis-data/data/output/raw_data_phase2_v2
2026-04-09 15:32:45 | INFO     | __main__ | Loading dataframe from ../Sepsis-data/data/output/raw_data_phase2_v2/df_all.parquet
2026-04-09 15:32:45 | INFO     | __main__ | Loading dataframes from ../Sepsis-data/data/output/raw_data_phase2_v2
2026-04-09 15:33:39 | INFO     | __main__ | Loading dataframe from ../Sepsis-data/data/output/raw_data_phase2_v2/df_all.parquet
2026-04-09 15:33:40 | INFO     | __main__ | Loading dataframes from ../Sepsis-data/data/output/raw_data_phase2_v2
2026-04-09 15:35:19 | INFO     | __main__ | Loading dataframe from ../Sepsis-data/data/output/raw_data_phase2_v2/df_all.parquet
2026-04-09 15:35:20 | INFO     | __main__ | Loading dataframes from ../Sepsis-data/data/output/raw_data_phase2_v2
2026-04-09 15:45:22 | INFO     | __main__ | Loading dataframe from ../Sepsis-data/data/output/raw_data_phase2_v2/df_all.parquet
2026-04-09 15:45:22 | INFO     | __main__ | Loading dataframes from ../Sepsis-data/data/output/raw_data_phase2_v2
2026-04-09 15:46:44 | INFO     | __main__ | Loading dataframe from ../Sepsis-data/data/output/raw_data_phase2_v2/df_all.parquet
2026-04-09 15:46:45 | INFO     | __main__ | Loading dataframes from ../Sepsis-data/data/output/raw_data_phase2_v2
2026-04-09 15:47:20 | INFO     | __main__ | Loading dataframe from ../Sepsis-data/data/output/raw_data_phase2_v2/df_all.parquet
2026-04-09 15:47:21 | INFO     | __main__ | Loading dataframes from ../Sepsis-data/data/output/raw_data_phase2_v2
2026-04-09 15:50:37 | INFO     | __main__ | Loading dataframe from ../Sepsis-data/data/output/raw_data_phase2_v2/df_all.parquet
2026-04-09 15:50:38 | INFO     | __main__ | Loading dataframes from ../Sepsis-data/data/output/raw_data_phase2_v2
2026-04-09 16:06:57 | INFO     | __main__ | Loading dataframe from ../Sepsis-data/data/output/raw_data_phase2_v2/df_all.parquet
2026-04-09 16:06:58 | INFO     | __main__ | Loading dataframes from ../Sepsis-data/data/output/raw_data_phase2_v2
2026-04-09 16:07:52 | INFO     | __main__ | Loading dataframe from ../Sepsis-data/data/output/raw_data_phase2_v2/df_all.parquet
2026-04-09 16:07:53 | INFO     | __main__ | Loading dataframes from ../Sepsis-data/data/output/raw_data_phase2_v2
2026-04-09 16:10:55 | INFO     | __main__ | Loading dataframe from ../Sepsis-data/data/output/raw_data_phase2_v2/df_all.parquet
2026-04-09 16:10:56 | INFO     | __main__ | Loading dataframes from ../Sepsis-data/data/output/raw_data_phase2_v2
2026-04-09 16:12:58 | INFO     | __main__ | Loading dataframe from ../Sepsis-data/data/output/raw_data_phase2_v2/df_all.parquet
2026-04-09 16:12:59 | INFO     | __main__ | Loading dataframes from ../Sepsis-data/data/output/raw_data_phase2_v2
2026-04-09 16:15:43 | INFO     | __main__ | Loading dataframe from ../Sepsis-data/data/output/raw_data_phase2_v2/df_all.parquet
2026-04-09 16:15:43 | INFO     | __main__ | Loading dataframes from ../Sepsis-data/data/output/raw_data_phase2_v2
2026-04-09 16:16:38 | INFO     | __main__ | Loading dataframe from ../Sepsis-data/data/output/raw_data_phase2_v2/df_all.parquet
2026-04-09 16:16:39 | INFO     | __main__ | Loading dataframes from ../Sepsis-data/data/output/raw_data_phase2_v2
2026-04-09 16:17:10 | INFO     | __main__ | Loading dataframe from ../Sepsis-data/data/output/raw_data_phase2_v2/df_all.parquet
2026-04-09 16:17:11 | INFO     | __main__ | Loading dataframes from ../Sepsis-data/data/output/raw_data_phase2_v2
2026-04-09 16:19:06 | INFO     | __main__ | Loading dataframe from ../Sepsis-data/data/output/raw_data_phase2_v2/df_all.parquet
2026-04-09 16:19:06 | INFO     | __main__ | Loading dataframes from ../Sepsis-data/data/output/raw_data_phase2_v2
2026-04-09 16:20:27 | INFO     | __main__ | Loading dataframe from ../Sepsis-data/data/output/raw_data_phase2_v2/df_all.parquet
2026-04-09 16:20:27 | INFO     | __main__ | Loading dataframes from ../Sepsis-data/data/output/raw_data_phase2_v2
2026-04-09 17:48:23 | INFO     | __main__ | Loading dataframe from ../Sepsis-data/data/output/raw_data_phase2_v2/df_all.parquet
2026-04-09 17:48:24 | INFO     | __main__ | Loading dataframes from ../Sepsis-data/data/output/raw_data_phase2_v2
2026-04-09 17:49:06 | INFO     | __main__ | Loading dataframe from ../Sepsis-data/data/output/raw_data_phase2_v2/df_all.parquet
2026-04-09 17:49:07 | INFO     | __main__ | Loading dataframes from ../Sepsis-data/data/output/raw_data_phase2_v2
2026-04-09 18:56:18 | INFO     | __main__ | Loading dataframe from ../Sepsis-data/data/output/raw_data_phase2_v2/df_all.parquet
2026-04-09 18:56:19 | INFO     | __main__ | Loading dataframes from ../Sepsis-data/data/output/raw_data_phase2_v2
2026-04-09 20:42:55 | INFO     | __main__ | Loading dataframe from ../Sepsis-data/data/output/raw_data_phase2_v2/df_all.parquet
2026-04-09 20:42:56 | INFO     | __main__ | Loading dataframes from ../Sepsis-data/data/output/raw_data_phase2_v2
2026-04-09 20:50:32 | INFO     | __main__ | Loading dataframe from ../Sepsis-data/data/output/raw_data_phase2_v2/df_all.parquet
2026-04-09 20:50:33 | INFO     | __main__ | Loading dataframes from ../Sepsis-data/data/output/raw_data_phase2_v2
2026-04-10 17:18:02 | INFO     | __main__ | Loading dataframe from ../Sepsis-data/data/output/raw_data_phase2_v2/df_all.parquet
2026-04-10 17:18:02 | INFO     | __main__ | Loading dataframes from ../Sepsis-data/data/output/raw_data_phase2_v2
2026-04-10 17:18:46 | INFO     | __main__ | Loading dataframe from ../Sepsis-data/data/output/raw_data_phase2_v2/df_all.parquet
2026-04-10 17:18:46 | INFO     | __main__ | Loading dataframes from ../Sepsis-data/data/output/raw_data_phase2_v2
2026-04-10 21:13:26 | INFO     | __main__ | Loading dataframe from ../Sepsis-data/data/output/raw_data_phase2_v2/df_all.parquet
2026-04-10 21:13:27 | INFO     | __main__ | Loading dataframes from ../Sepsis-data/data/output/raw_data_phase2_v2
2026-04-10 21:22:07 | INFO     | __main__ | Loading dataframe from ../Sepsis-data/data/output/raw_data_phase2_v2/df_all.parquet
2026-04-10 21:22:08 | INFO     | __main__ | Loading dataframes from ../Sepsis-data/data/output/raw_data_phase2_v2
2026-04-10 21:43:23 | INFO     | __main__ | Loading dataframe from ../Sepsis-data/data/output/raw_data_phase2_v2/df_all.parquet
2026-04-10 21:43:23 | INFO     | __main__ | Loading dataframes from ../Sepsis-data/data/output/raw_data_phase2_v2
2026-04-11 11:55:38 | INFO     | __main__ | Loading dataframe from ../Sepsis-data/data/output/raw_data_phase2_v2/df_all.parquet
2026-04-11 11:55:40 | INFO     | __main__ | Loading dataframes from ../Sepsis-data/data/output/raw_data_phase2_v2
2026-04-11 12:25:26 | INFO     | __main__ | Loading dataframe from ../Sepsis-data/data/output/raw_data_phase2_v2/df_all.parquet
2026-04-11 12:26:12 | INFO     | src.events.infectiondetection | Detecting infection with antibiotic and culture criteria
2026-04-11 12:26:12 | INFO     | src.events.infectiondetection | Detected 3929 infections with antibiotic and culture criteria
2026-04-11 12:26:12 | INFO     | src.events.infectiondetection | Detecting infection with lactate and culture criteria
2026-04-11 12:26:14 | INFO     | src.events.infectiondetection | Detected 3309 infections with lactate and culture criteria
2026-04-11 12:26:14 | INFO     | src.events.infectiondetection | Detecting infection with code sepsis order criteria
2026-04-11 12:26:14 | INFO     | src.events.infectiondetection | Detected 1677 infections with code sepsis order criteria
2026-04-11 12:26:14 | INFO     | src.events.infectiondetection | Detecting infection with suspected infection criteria
2026-04-11 12:26:14 | INFO     | src.events.infectiondetection | Detected 901 infections with suspected infection criteria
2026-04-11 12:26:14 | INFO     | src.events.infectiondetection | --------------------------------------------------------------------------------
2026-04-11 12:26:14 | INFO     | src.events.infectiondetection | Combining infection detection results from all criteria
2026-04-11 17:33:17 | INFO     | __main__ | Loading dataframe from ../Sepsis-data/data/output/raw_data_phase2_v2/df_all.parquet
2026-04-11 17:33:18 | INFO     | src.events.infectiondetection | Detecting infection with antibiotic and culture criteria
2026-04-11 17:33:18 | INFO     | src.events.infectiondetection | Detected 3929 infections with antibiotic and culture criteria
2026-04-11 17:33:18 | INFO     | src.events.infectiondetection | Detecting infection with lactate and culture criteria
2026-04-11 17:33:20 | INFO     | src.events.infectiondetection | Detected 3309 infections with lactate and culture criteria
2026-04-11 17:33:20 | INFO     | src.events.infectiondetection | Detecting infection with code sepsis order criteria
2026-04-11 17:33:20 | INFO     | src.events.infectiondetection | Detected 1677 infections with code sepsis order criteria
2026-04-11 17:33:20 | INFO     | src.events.infectiondetection | Detecting infection with suspected infection criteria
2026-04-11 17:33:20 | INFO     | src.events.infectiondetection | Detected 901 infections with suspected infection criteria
2026-04-11 17:33:20 | INFO     | src.events.infectiondetection | --------------------------------------------------------------------------------
2026-04-11 17:33:20 | INFO     | src.events.infectiondetection | Combining infection detection results from all criteria
2026-04-11 17:34:15 | INFO     | __main__ | Loading dataframe from ../Sepsis-data/data/output/raw_data_phase2_v2/df_all.parquet
2026-04-11 17:34:15 | INFO     | src.events.infectiondetection | Detecting infection with antibiotic and culture criteria
2026-04-11 17:34:15 | INFO     | src.events.infectiondetection | Detected 7858 infections with antibiotic and culture criteria
2026-04-11 17:34:15 | INFO     | src.events.infectiondetection | Detecting infection with lactate and culture criteria
2026-04-11 17:34:16 | INFO     | src.events.infectiondetection | Detected 6618 infections with lactate and culture criteria
2026-04-11 17:34:16 | INFO     | src.events.infectiondetection | Detecting infection with code sepsis order criteria
2026-04-11 17:34:16 | INFO     | src.events.infectiondetection | Detected 1677 infections with code sepsis order criteria
2026-04-11 17:34:16 | INFO     | src.events.infectiondetection | Detecting infection with suspected infection criteria
2026-04-11 17:34:16 | INFO     | src.events.infectiondetection | Detected 901 infections with suspected infection criteria
2026-04-11 17:34:16 | INFO     | src.events.infectiondetection | --------------------------------------------------------------------------------
2026-04-11 17:34:16 | INFO     | src.events.infectiondetection | Combining infection detection results from all criteria
2026-04-11 17:34:16 | INFO     | src.events.infectiondetection | Combined infection detection results has 17054 rows and columns: ['EncounterEpicCsn', 'criterion', 'infect_dt', 'suspicion_infection_type']
2026-04-11 17:34:16 | INFO     | __main__ | Loading dataframes from ../Sepsis-data/data/output/raw_data_phase2_v2
2026-04-11 17:34:39 | INFO     | __main__ | Loading dataframe from ../Sepsis-data/data/output/raw_data_phase2_v2/df_all.parquet
2026-04-11 17:34:39 | INFO     | src.events.infectiondetection | Detecting infection with antibiotic and culture criteria
2026-04-11 17:34:39 | INFO     | src.events.infectiondetection | Detected 7858 infections with antibiotic and culture criteria
2026-04-11 17:34:39 | INFO     | src.events.infectiondetection | Detecting infection with lactate and culture criteria
2026-04-11 17:34:40 | INFO     | src.events.infectiondetection | Detected 6618 infections with lactate and culture criteria
2026-04-11 17:34:40 | INFO     | src.events.infectiondetection | Detecting infection with code sepsis order criteria
2026-04-11 17:34:40 | INFO     | src.events.infectiondetection | Detected 1677 infections with code sepsis order criteria
2026-04-11 17:34:40 | INFO     | src.events.infectiondetection | Detecting infection with suspected infection criteria
2026-04-11 17:34:40 | INFO     | src.events.infectiondetection | Detected 901 infections with suspected infection criteria
2026-04-11 17:34:40 | INFO     | src.events.infectiondetection | --------------------------------------------------------------------------------
2026-04-11 17:34:40 | INFO     | src.events.infectiondetection | Combining infection detection results from all criteria
2026-04-11 17:47:28 | INFO     | src.events.infectiondetection | Combined infection detection results has 17054 rows and columns: ['EncounterEpicCsn', 'criterion', 'infect_dt', 'suspicion_infection_type']
2026-04-11 17:51:43 | INFO     | __main__ | Loading dataframe from ../Sepsis-data/data/output/raw_data_phase2_v2/df_all.parquet
2026-04-11 17:51:43 | INFO     | src.events.infectiondetection | Detecting infection with antibiotic and culture criteria
2026-04-11 17:51:43 | INFO     | src.events.infectiondetection | Detected 7858 infections with antibiotic and culture criteria
2026-04-11 17:51:43 | INFO     | src.events.infectiondetection | Detecting infection with lactate and culture criteria
2026-04-11 17:51:44 | INFO     | src.events.infectiondetection | Detected 6618 infections with lactate and culture criteria
2026-04-11 17:51:44 | INFO     | src.events.infectiondetection | Detecting infection with code sepsis order criteria
2026-04-11 17:51:44 | INFO     | src.events.infectiondetection | Detected 1677 infections with code sepsis order criteria
2026-04-11 17:51:44 | INFO     | src.events.infectiondetection | Detecting infection with suspected infection criteria
2026-04-11 17:51:44 | INFO     | src.events.infectiondetection | Detected 901 infections with suspected infection criteria
2026-04-11 17:51:44 | INFO     | src.events.infectiondetection | --------------------------------------------------------------------------------
2026-04-11 17:51:44 | INFO     | src.events.infectiondetection | Combining infection detection results from all criteria
2026-04-11 17:51:44 | INFO     | src.events.infectiondetection | Combined infection detection results has 17054 rows and columns: ['EncounterEpicCsn', 'criterion', 'infect_dt', 'suspicion_infection_type']
2026-04-11 17:51:48 | INFO     | __main__ | Infection data detected. Saving dataframe to ../Sepsis-data/data/output/raw_data_phase2_v2/df_infect_long.parquet
2026-04-11 17:51:48 | INFO     | __main__ | Loading dataframes from ../Sepsis-data/data/output/raw_data_phase2_v2
2026-04-11 18:01:04 | INFO     | __main__ | Loading dataframe from ../Sepsis-data/data/output/raw_data_phase2_v2/df_all.parquet
2026-04-11 18:01:04 | INFO     | src.events.infectiondetection | Detecting infection with antibiotic and culture criteria
2026-04-11 18:01:04 | INFO     | src.events.infectiondetection | Detected 7858 infections with antibiotic and culture criteria
2026-04-11 18:01:04 | INFO     | src.events.infectiondetection | Detecting infection with lactate and culture criteria
2026-04-11 18:01:05 | INFO     | src.events.infectiondetection | Detected 6618 infections with lactate and culture criteria
2026-04-11 18:01:05 | INFO     | src.events.infectiondetection | Detecting infection with code sepsis order criteria
2026-04-11 18:01:05 | INFO     | src.events.infectiondetection | Detected 1677 infections with code sepsis order criteria
2026-04-11 18:01:05 | INFO     | src.events.infectiondetection | Detecting infection with suspected infection criteria
2026-04-11 18:01:05 | INFO     | src.events.infectiondetection | Detected 901 infections with suspected infection criteria
2026-04-11 18:01:05 | INFO     | src.events.infectiondetection | --------------------------------------------------------------------------------
2026-04-11 18:01:05 | INFO     | src.events.infectiondetection | Combining infection detection results from all criteria
2026-04-11 18:01:05 | INFO     | src.events.infectiondetection | Combined infection detection results has 17054 rows and columns: ['EncounterEpicCsn', 'criterion', 'infect_dt', 'suspicion_infection_type']
2026-04-11 18:01:10 | INFO     | __main__ | Infection data detected. Saving dataframe to ../Sepsis-data/data/output/raw_data_phase2_v2/df_infect_long.parquet
2026-04-11 18:01:10 | INFO     | __main__ | Loading dataframes from ../Sepsis-data/data/output/raw_data_phase2_v2
2026-04-11 18:38:10 | INFO     | __main__ | Loading dataframe from ../Sepsis-data/data/output/raw_data_phase2_v2/df_all.parquet
2026-04-11 18:38:10 | INFO     | src.events.infectiondetection | Detecting infection with antibiotic and culture criteria
2026-04-11 18:38:10 | INFO     | src.events.infectiondetection | Detected 7858 infections with antibiotic and culture criteria
2026-04-11 18:38:10 | INFO     | src.events.infectiondetection | Detecting infection with lactate and culture criteria
2026-04-11 18:38:11 | INFO     | src.events.infectiondetection | Detected 6618 infections with lactate and culture criteria
2026-04-11 18:38:11 | INFO     | src.events.infectiondetection | Detecting infection with code sepsis order criteria
2026-04-11 18:39:12 | INFO     | __main__ | Loading dataframe from ../Sepsis-data/data/output/raw_data_phase2_v2/df_all.parquet
2026-04-11 18:39:12 | INFO     | src.events.infectiondetection | Detecting infection with antibiotic and culture criteria
2026-04-11 18:39:12 | INFO     | src.events.infectiondetection | Detected 7858 infections with antibiotic and culture criteria
2026-04-11 18:39:12 | INFO     | src.events.infectiondetection | Detecting infection with lactate and culture criteria
2026-04-11 18:39:14 | INFO     | src.events.infectiondetection | Detected 6618 infections with lactate and culture criteria
2026-04-11 18:39:14 | INFO     | src.events.infectiondetection | Detecting infection with code sepsis order criteria
2026-04-11 18:39:55 | INFO     | __main__ | Loading dataframe from ../Sepsis-data/data/output/raw_data_phase2_v2/df_all.parquet
2026-04-11 18:39:55 | INFO     | src.events.infectiondetection | Detecting infection with antibiotic and culture criteria
2026-04-11 18:39:55 | INFO     | src.events.infectiondetection | Detected 7858 infections with antibiotic and culture criteria
2026-04-11 18:39:55 | INFO     | src.events.infectiondetection | Detecting infection with lactate and culture criteria
2026-04-11 18:39:57 | INFO     | src.events.infectiondetection | Detected 6618 infections with lactate and culture criteria
2026-04-11 18:39:57 | INFO     | src.events.infectiondetection | Detecting infection with code sepsis order criteria
2026-04-11 18:39:57 | INFO     | src.events.infectiondetection | Detected 1677 infections with code sepsis order criteria
2026-04-11 18:39:57 | INFO     | src.events.infectiondetection | Detecting infection with suspected infection criteria
2026-04-11 18:39:57 | INFO     | src.events.infectiondetection | Detected 901 infections with suspected infection criteria
2026-04-11 18:39:57 | INFO     | src.events.infectiondetection | --------------------------------------------------------------------------------
2026-04-11 18:39:57 | INFO     | src.events.infectiondetection | Combining infection detection results from all criteria
2026-04-11 18:39:57 | INFO     | src.events.infectiondetection | Combined infection detection results has 17054 rows and columns: ['EncounterEpicCsn', 'criterion', 'infect_dt', 'suspicion_infection_type']
2026-04-11 18:39:57 | INFO     | __main__ | Infection data detected. Saving dataframe to ../Sepsis-data/data/output/raw_data_phase2_v2/df_infect_long.parquet
2026-04-11 18:39:57 | INFO     | __main__ | Loading dataframes from ../Sepsis-data/data/output/raw_data_phase2_v2
2026-04-11 20:18:35 | INFO     | __main__ | Loading dataframe from ../Sepsis-data/data/output/raw_data_phase2_v2/df_all.parquet
2026-04-11 20:18:35 | INFO     | src.events.infectiondetection | Detecting infection with antibiotic and culture criteria
2026-04-11 20:18:36 | INFO     | src.events.infectiondetection | Detected 7858 infections with antibiotic and culture criteria
2026-04-11 20:18:36 | INFO     | src.events.infectiondetection | Detecting infection with lactate and culture criteria
2026-04-11 20:18:38 | INFO     | src.events.infectiondetection | Detected 6618 infections with lactate and culture criteria
2026-04-11 20:18:38 | INFO     | src.events.infectiondetection | Detecting infection with code sepsis order criteria
2026-04-11 20:18:38 | INFO     | src.events.infectiondetection | Detected 1677 infections with code sepsis order criteria
2026-04-11 20:18:38 | INFO     | src.events.infectiondetection | Detecting infection with suspected infection criteria
2026-04-11 20:18:38 | INFO     | src.events.infectiondetection | Detected 901 infections with suspected infection criteria
2026-04-11 20:18:38 | INFO     | src.events.infectiondetection | --------------------------------------------------------------------------------
2026-04-11 20:18:38 | INFO     | src.events.infectiondetection | Combining infection detection results from all criteria
2026-04-11 20:18:38 | INFO     | src.events.infectiondetection | Combined infection detection results has 17054 rows and columns: ['EncounterEpicCsn', 'criterion', 'infect_dt', 'suspicion_infection_type']
2026-04-11 20:18:38 | INFO     | __main__ | Infection data detected. Saving dataframe to ../Sepsis-data/data/output/raw_data_phase2_v2/df_infect_long.parquet
2026-04-11 20:18:38 | INFO     | __main__ | Loading dataframes from ../Sepsis-data/data/output/raw_data_phase2_v2
2026-04-12 11:02:33 | INFO     | __main__ | Loading dataframe from ../Sepsis-data/data/output/raw_data_phase2_v2/df_all.parquet
2026-04-12 11:02:36 | INFO     | __main__ | Loading dataframes from ../Sepsis-data/data/output/raw_data_phase2_v2
2026-04-12 11:13:12 | INFO     | __main__ | Loading dataframe from ../Sepsis-data/data/output/raw_data_phase2_v2/df_all.parquet
2026-04-12 11:13:12 | INFO     | __main__ | Loading dataframes from ../Sepsis-data/data/output/raw_data_phase2_v2
2026-04-12 12:12:35 | INFO     | __main__ | Loading dataframe from ../Sepsis-data/data/output/raw_data_phase2_v2/df_all.parquet
2026-04-12 12:12:35 | INFO     | __main__ | Loading dataframes from ../Sepsis-data/data/output/raw_data_phase2_v2
2026-04-12 13:00:32 | INFO     | __main__ | Loading dataframe from ../Sepsis-data/data/output/raw_data_phase2_v2/df_all.parquet
2026-04-12 13:00:34 | INFO     | __main__ | Loading dataframes from ../Sepsis-data/data/output/raw_data_phase2_v2
2026-04-12 13:04:15 | INFO     | __main__ | Loading dataframe from ../Sepsis-data/data/output/raw_data_phase2_v2/df_all.parquet
2026-04-12 13:04:15 | INFO     | __main__ | Loading dataframes from ../Sepsis-data/data/output/raw_data_phase2_v2
2026-04-12 13:32:07 | INFO     | __main__ | Loading dataframe from ../Sepsis-data/data/output/raw_data_phase2_v2/df_all.parquet
2026-04-12 13:32:08 | INFO     | __main__ | Loading dataframes from ../Sepsis-data/data/output/raw_data_phase2_v2
2026-04-12 13:33:35 | INFO     | __main__ | Loading dataframe from ../Sepsis-data/data/output/raw_data_phase2_v2/df_all.parquet
2026-04-12 13:33:35 | INFO     | __main__ | Loading dataframes from ../Sepsis-data/data/output/raw_data_phase2_v2
2026-04-12 13:43:19 | INFO     | __main__ | Loading dataframe from ../Sepsis-data/data/output/raw_data_phase2_v2/df_all.parquet
2026-04-12 13:43:19 | INFO     | __main__ | Loading dataframes from ../Sepsis-data/data/output/raw_data_phase2_v2
2026-04-12 13:45:28 | INFO     | __main__ | Sepsis 1 labels saved. Saving dataframe to ../Sepsis-data/data/output/raw_data_phase2_v2/df_sepsis1.parquet
2026-04-12 13:45:28 | INFO     | __main__ | Sepsis 2 labels saved. Saving dataframe to ../Sepsis-data/data/output/raw_data_phase2_v2/df_sepsis2.parquet
2026-04-12 13:45:29 | INFO     | __main__ | Sepsis 3 labels saved. Saving dataframe to ../Sepsis-data/data/output/raw_data_phase2_v2/df_sepsis3.parquet
2026-04-12 13:45:29 | INFO     | __main__ | =================================================================================
2026-04-12 13:45:52 | INFO     | __main__ | Loading dataframe from ../Sepsis-data/data/output/raw_data_phase2_v2/df_all.parquet
2026-04-12 13:45:53 | INFO     | __main__ | Loading dataframes from ../Sepsis-data/data/output/raw_data_phase2_v2
2026-04-12 14:30:41 | INFO     | __main__ | Loading dataframe from ../Sepsis-data/data/output/raw_data_phase2_v2/df_all.parquet
2026-04-12 14:30:41 | INFO     | __main__ | Loading dataframes from ../Sepsis-data/data/output/raw_data_phase2_v2
2026-04-12 14:31:14 | INFO     | __main__ | Loading dataframe from ../Sepsis-data/data/output/raw_data_phase2_v2/df_all.parquet
2026-04-12 14:31:14 | INFO     | __main__ | Loading dataframes from ../Sepsis-data/data/output/raw_data_phase2_v2
2026-04-12 14:31:17 | INFO     | src.analysis.basic | Loading dataframes from ../Sepsis-data/data/output/raw_data_phase2_v2
2026-04-12 14:56:51 | INFO     | src.dataloader | Loading data from ../Sepsis-data/data/raw_data_phase2_v2
2026-04-12 14:56:52 | INFO     | src.dataloader | Data loaded. Shapes: lab_res=(1356486, 8), flowsheets=(6646460, 8), med_admin=(270921, 8), procedures=(118629, 8), baseline=(3980, 38), diagnosis=(441520, 8)
2026-04-12 14:56:52 | INFO     | src.dataloader | --------------------------------------------------------------------------------
2026-04-12 14:56:52 | INFO     | src.dataloader | Data type casting completed.
2026-04-12 14:56:53 | INFO     | src.dataloader | Concatenated all data into a single DataFrame with shape (8834016, 46) and columns ['EncounterEpicCsn', 'Event_DateTime', 'Type', 'Event_Grouper', 'Event_Name', 'NumericValue', 'Value', 'Flag', 'PrimaryMrn', 'EncounterEpicCsn_right', 'AdmissionDateValue', 'DischargeDateValue', 'Arrival_Instant', 'FirstAdmissionOrderInstant', 'InpatientAdmissionInstant', 'Admitted_from_ED', 'PatientClass', 'InpatientAdmissionPatientClass', 'HospitalService', 'AdmittingDepartment', 'DischargeDepartment', 'AdmissionType', 'AdmissionSource', 'AdmissionOrigin', 'PrincipalProblem', 'PrimaryCodedDiagnosis', 'PrimaryCodedProcedureKey', 'Death_Flag', 'Original_POA_Condition', 'Sepsis_Category', 'Baseline_SBP', 'Baseline_RespiratoryRate', 'Baseline_PulseRate', 'Baseline_Creatinine', 'Baseline_Platelets', 'Baseline_Bilirubin', 'Baseline_eGFR', 'Baseline_WBC', 'Suspected_Infection_Time', 'Suspected_Infection_Criteria_Met', 'Cancer_Registry_YN', 'HIV_Registry_YN', 'Immunocrompromised_Registry_YN', 'CKD_Dialysis_Registry_YN', 'Solid_Organ_Transplant_Registry_YN', 'Pregnancy_Registry_YN']
2026-04-12 14:56:56 | INFO     | src.dataloader | Dropped duplicate rows. Before: 8834016, After: 8814652, Dropped: 19364
2026-04-12 14:56:56 | INFO     | src.dataloader | Filtering out rows with null EncounterEpicCsn or Event_DateTime
2026-04-12 14:56:56 | INFO     | src.dataloader | After filtering, df_all has shape (8814652, 46)
2026-04-12 14:56:56 | INFO     | __main__ | Initial data loaded. Saving dataframe to ../Sepsis-data/data/output/raw_data_phase2_v2/df_all.parquet
2026-04-12 14:56:57 | INFO     | __main__ | =================================================================================
2026-04-12 14:56:57 | INFO     | src.events.infectiondetection | Detecting infection with antibiotic and culture criteria
2026-04-12 14:56:57 | INFO     | src.events.infectiondetection | Detected 7890 infections with antibiotic and culture criteria
2026-04-12 14:56:57 | INFO     | src.events.infectiondetection | Detecting infection with lactate and culture criteria
2026-04-12 14:56:59 | INFO     | src.events.infectiondetection | Detected 6646 infections with lactate and culture criteria
2026-04-12 14:56:59 | INFO     | src.events.infectiondetection | Detecting infection with code sepsis order criteria
2026-04-12 14:56:59 | INFO     | src.events.infectiondetection | Detected 1682 infections with code sepsis order criteria
2026-04-12 14:56:59 | INFO     | src.events.infectiondetection | Detecting infection with suspected infection criteria
2026-04-12 14:56:59 | INFO     | src.events.infectiondetection | Detected 901 infections with suspected infection criteria
2026-04-12 14:56:59 | INFO     | src.events.infectiondetection | --------------------------------------------------------------------------------
2026-04-12 14:56:59 | INFO     | src.events.infectiondetection | Combining infection detection results from all criteria
2026-04-12 14:56:59 | INFO     | src.events.infectiondetection | Combined infection detection results has 17119 rows and columns: ['EncounterEpicCsn', 'criterion', 'infect_dt', 'suspicion_infection_type']
2026-04-12 14:56:59 | INFO     | __main__ | Infection data detected. Saving dataframe to ../Sepsis-data/data/output/raw_data_phase2_v2/df_infect_long.parquet
2026-04-12 14:56:59 | INFO     | __main__ | =================================================================================
2026-04-12 14:57:02 | INFO     | __main__ | SIRS flags calculated. Saving dataframe to ../Sepsis-data/data/output/raw_data_phase2_v2/df_sirs.parquet
2026-04-12 14:57:03 | INFO     | __main__ | =================================================================================
2026-04-12 14:57:03 | INFO     | src.events.aggregator | Created reference table with 2536039 rows based on unique combinations of EncounterEpicCsn and Event_DateTime
2026-04-12 14:57:03 | INFO     | src.events.aggregator | Aggregating feature last_temp_8h using last over last 480.0 minutes for events in Temperature
2026-04-12 14:57:04 | INFO     | src.events.aggregator | Joining aggregated feature last_temp_8h back to reference table
2026-04-12 14:57:05 | INFO     | src.events.aggregator | Feature last_temp_8h aggregated and joined. Current reference table now has 2536039 rows and 3 columns.
2026-04-12 14:57:05 | INFO     | src.events.aggregator | --------------------------------------------------------------------------------
2026-04-12 14:57:05 | INFO     | src.events.aggregator | Aggregating feature last_pulse_8h using last over last 480.0 minutes for events in Pulse
2026-04-12 14:57:13 | INFO     | src.events.aggregator | Joining aggregated feature last_pulse_8h back to reference table
2026-04-12 14:57:13 | INFO     | src.events.aggregator | Feature last_pulse_8h aggregated and joined. Current reference table now has 2536039 rows and 4 columns.
2026-04-12 14:57:13 | INFO     | src.events.aggregator | --------------------------------------------------------------------------------
2026-04-12 14:57:13 | INFO     | src.events.aggregator | Aggregating feature last_resp_8h using last over last 480.0 minutes for events in Respirations
2026-04-12 14:57:19 | INFO     | src.events.aggregator | Joining aggregated feature last_resp_8h back to reference table
2026-04-12 14:57:19 | INFO     | src.events.aggregator | Feature last_resp_8h aggregated and joined. Current reference table now has 2536039 rows and 5 columns.
2026-04-12 14:57:19 | INFO     | src.events.aggregator | --------------------------------------------------------------------------------
2026-04-12 14:57:19 | INFO     | src.events.aggregator | Aggregating feature last_sbp_8h using last over last 480.0 minutes for events in Systolic Blood Pressure
2026-04-12 14:57:23 | INFO     | src.events.aggregator | Joining aggregated feature last_sbp_8h back to reference table
2026-04-12 14:57:23 | INFO     | src.events.aggregator | Feature last_sbp_8h aggregated and joined. Current reference table now has 2536039 rows and 6 columns.
2026-04-12 14:57:23 | INFO     | src.events.aggregator | --------------------------------------------------------------------------------
2026-04-12 14:57:23 | INFO     | src.events.aggregator | Aggregating feature last_map_8h using last over last 480.0 minutes for events in Arterial Blood Pressure Mean
2026-04-12 14:57:26 | INFO     | src.events.aggregator | Joining aggregated feature last_map_8h back to reference table
2026-04-12 14:57:26 | INFO     | src.events.aggregator | Feature last_map_8h aggregated and joined. Current reference table now has 2536039 rows and 7 columns.
2026-04-12 14:57:26 | INFO     | src.events.aggregator | --------------------------------------------------------------------------------
2026-04-12 14:57:26 | INFO     | src.events.aggregator | Aggregating feature last_wbc_12h using last over last 720.0 minutes for events in WBC
2026-04-12 14:57:27 | INFO     | src.events.aggregator | Joining aggregated feature last_wbc_12h back to reference table
2026-04-12 14:57:27 | INFO     | src.events.aggregator | Feature last_wbc_12h aggregated and joined. Current reference table now has 2536039 rows and 8 columns.
2026-04-12 14:57:27 | INFO     | src.events.aggregator | --------------------------------------------------------------------------------
2026-04-12 14:57:27 | INFO     | src.events.aggregator | Aggregating feature last_creatinine_12h using last over last 720.0 minutes for events in Creatinine
2026-04-12 14:57:27 | INFO     | src.events.aggregator | Joining aggregated feature last_creatinine_12h back to reference table
2026-04-12 14:57:27 | INFO     | src.events.aggregator | Feature last_creatinine_12h aggregated and joined. Current reference table now has 2536039 rows and 9 columns.
2026-04-12 14:57:27 | INFO     | src.events.aggregator | --------------------------------------------------------------------------------
2026-04-12 14:57:27 | INFO     | src.events.aggregator | Aggregating feature last_egfr_12h using last over last 720.0 minutes for events in eGFR
2026-04-12 14:57:28 | INFO     | src.events.aggregator | Joining aggregated feature last_egfr_12h back to reference table
2026-04-12 14:57:28 | INFO     | src.events.aggregator | Feature last_egfr_12h aggregated and joined. Current reference table now has 2536039 rows and 10 columns.
2026-04-12 14:57:28 | INFO     | src.events.aggregator | --------------------------------------------------------------------------------
2026-04-12 14:57:28 | INFO     | src.events.aggregator | Aggregating feature last_bilirubin_12h using last over last 720.0 minutes for events in Bilirubin
2026-04-12 14:57:29 | INFO     | src.events.aggregator | Joining aggregated feature last_bilirubin_12h back to reference table
2026-04-12 14:57:29 | INFO     | src.events.aggregator | Feature last_bilirubin_12h aggregated and joined. Current reference table now has 2536039 rows and 11 columns.
2026-04-12 14:57:29 | INFO     | src.events.aggregator | --------------------------------------------------------------------------------
2026-04-12 14:57:29 | INFO     | src.events.aggregator | Aggregating feature last_lactate_6h using last over last 360.0 minutes for events in Lactate
2026-04-12 14:57:30 | INFO     | src.events.aggregator | Joining aggregated feature last_lactate_6h back to reference table
2026-04-12 14:57:30 | INFO     | src.events.aggregator | Feature last_lactate_6h aggregated and joined. Current reference table now has 2536039 rows and 12 columns.
2026-04-12 14:57:30 | INFO     | src.events.aggregator | --------------------------------------------------------------------------------
2026-04-12 14:57:30 | INFO     | src.events.aggregator | Aggregating feature last_platelets_24h using last over last 1440.0 minutes for events in Platelets
2026-04-12 14:57:30 | INFO     | src.events.aggregator | Joining aggregated feature last_platelets_24h back to reference table
2026-04-12 14:57:31 | INFO     | src.events.aggregator | Feature last_platelets_24h aggregated and joined. Current reference table now has 2536039 rows and 13 columns.
2026-04-12 14:57:31 | INFO     | src.events.aggregator | --------------------------------------------------------------------------------
2026-04-12 14:57:31 | INFO     | src.events.aggregator | Aggregating feature last_inr_12h using last over last 720.0 minutes for events in INR
2026-04-12 14:57:31 | INFO     | src.events.aggregator | Joining aggregated feature last_inr_12h back to reference table
2026-04-12 14:57:31 | INFO     | src.events.aggregator | Feature last_inr_12h aggregated and joined. Current reference table now has 2536039 rows and 14 columns.
2026-04-12 14:57:31 | INFO     | src.events.aggregator | --------------------------------------------------------------------------------
2026-04-12 14:57:31 | INFO     | src.events.aggregator | Aggregating feature last_aptt_24h using last over last 1440.0 minutes for events in APTT
2026-04-12 14:57:32 | INFO     | src.events.aggregator | Joining aggregated feature last_aptt_24h back to reference table
2026-04-12 14:57:32 | INFO     | src.events.aggregator | Feature last_aptt_24h aggregated and joined. Current reference table now has 2536039 rows and 15 columns.
2026-04-12 14:57:32 | INFO     | src.events.aggregator | --------------------------------------------------------------------------------
2026-04-12 14:57:32 | INFO     | src.events.aggregator | Aggregating feature last_gcs_12h using last over last 720.0 minutes for events in Glasgow Coma Score
2026-04-12 14:57:33 | INFO     | src.events.aggregator | Joining aggregated feature last_gcs_12h back to reference table
2026-04-12 14:57:33 | INFO     | src.events.aggregator | Feature last_gcs_12h aggregated and joined. Current reference table now has 2536039 rows and 16 columns.
2026-04-12 14:57:33 | INFO     | src.events.aggregator | --------------------------------------------------------------------------------
2026-04-12 14:57:33 | INFO     | src.events.aggregator | Aggregating feature last_vasopressin_24h using last over last 1440.0 minutes for events in Vasopressin
2026-04-12 14:57:34 | INFO     | src.events.aggregator | Joining aggregated feature last_vasopressin_24h back to reference table
2026-04-12 14:57:34 | INFO     | src.events.aggregator | Feature last_vasopressin_24h aggregated and joined. Current reference table now has 2536039 rows and 17 columns.
2026-04-12 14:57:34 | INFO     | src.events.aggregator | --------------------------------------------------------------------------------
2026-04-12 14:57:34 | INFO     | src.events.aggregator | Aggregating feature last_phenylephrine_24h using last over last 1440.0 minutes for events in Phenylephrine
2026-04-12 14:57:34 | INFO     | src.events.aggregator | Joining aggregated feature last_phenylephrine_24h back to reference table
2026-04-12 14:57:34 | INFO     | src.events.aggregator | Feature last_phenylephrine_24h aggregated and joined. Current reference table now has 2536039 rows and 18 columns.
2026-04-12 14:57:34 | INFO     | src.events.aggregator | --------------------------------------------------------------------------------
2026-04-12 14:57:34 | INFO     | src.events.aggregator | Aggregating feature last_norepinephrine_24h using last over last 1440.0 minutes for events in Norepinephrine
2026-04-12 14:57:35 | INFO     | src.events.aggregator | Joining aggregated feature last_norepinephrine_24h back to reference table
2026-04-12 14:57:35 | INFO     | src.events.aggregator | Feature last_norepinephrine_24h aggregated and joined. Current reference table now has 2536039 rows and 19 columns.
2026-04-12 14:57:35 | INFO     | src.events.aggregator | --------------------------------------------------------------------------------
2026-04-12 14:57:35 | INFO     | src.events.aggregator | Aggregating feature last_epinephrine_24h using last over last 1440.0 minutes for events in Epinephrine
2026-04-12 14:57:36 | INFO     | src.events.aggregator | Joining aggregated feature last_epinephrine_24h back to reference table
2026-04-12 14:57:36 | INFO     | src.events.aggregator | Feature last_epinephrine_24h aggregated and joined. Current reference table now has 2536039 rows and 20 columns.
2026-04-12 14:57:36 | INFO     | src.events.aggregator | --------------------------------------------------------------------------------
2026-04-12 14:57:36 | INFO     | src.events.aggregator | All features aggregated and joined back to reference table.
2026-04-12 14:57:36 | INFO     | __main__ | Aggregated features saved. Saving dataframe to ../Sepsis-data/data/output/raw_data_phase2_v2/df_agg.parquet
2026-04-12 14:57:36 | INFO     | __main__ | =================================================================================
2026-04-12 14:57:36 | INFO     | src.events.ventprocessor | Computing Vent Status
2026-04-12 14:57:36 | INFO     | src.events.ventprocessor | Joining vent events to the aggregated table from EventAggregator
2026-04-12 14:57:40 | INFO     | __main__ | Aggregated features with vent status saved. Saving dataframe to ../Sepsis-data/data/output/raw_data_phase2_v2/df_agg_vent.parquet
2026-04-12 14:57:40 | INFO     | __main__ | =================================================================================
2026-04-12 14:57:40 | INFO     | __main__ | Joining baseline values to aggregated dataframe. Baseline columns: ['Baseline_Creatinine', 'Baseline_eGFR', 'Baseline_Bilirubin', 'Baseline_Platelets', 'Baseline_SBP', 'Baseline_RespiratoryRate', 'Baseline_PulseRate', 'Baseline_WBC']
2026-04-12 14:57:42 | INFO     | src.events.organdysfunction.organdysfunction | (IF needed) Joining baseline values to aggregated dataframe for organ dysfunction calculation.
2026-04-12 14:57:42 | INFO     | src.events.organdysfunction.organdysfunction | Calculating pulmonary dysfunction flag.
2026-04-12 14:57:42 | INFO     | src.events.organdysfunction.organdysfunction | ----------------------------------------------------------------------------------
2026-04-12 14:57:42 | INFO     | src.events.organdysfunction.organdysfunction | Calculating coagulation dysfunction flag.
2026-04-12 14:57:42 | INFO     | src.events.organdysfunction.organdysfunction | ----------------------------------------------------------------------------------
2026-04-12 14:57:42 | INFO     | src.events.organdysfunction.organdysfunction | Calculating cardiovascular dysfunction flag.
2026-04-12 14:57:42 | INFO     | src.events.organdysfunction.organdysfunction | ----------------------------------------------------------------------------------
2026-04-12 14:57:42 | INFO     | src.events.organdysfunction.organdysfunction | Calculating renal dysfunction flag.
2026-04-12 14:57:42 | INFO     | src.events.organdysfunction.organdysfunction | ----------------------------------------------------------------------------------
2026-04-12 14:57:42 | INFO     | src.events.organdysfunction.organdysfunction | Calculating hepatic dysfunction flag.
2026-04-12 14:57:42 | INFO     | src.events.organdysfunction.organdysfunction | ----------------------------------------------------------------------------------
2026-04-12 14:57:42 | INFO     | src.events.organdysfunction.organdysfunction | Calculating neurological dysfunction flag.
2026-04-12 14:57:42 | INFO     | src.events.organdysfunction.organdysfunction | ----------------------------------------------------------------------------------
2026-04-12 14:57:42 | INFO     | src.events.organdysfunction.organdysfunction | Joining organ dysfunction flag dataframes to create final organ dysfunction dataframe.
2026-04-12 14:57:44 | INFO     | src.events.organdysfunction.organdysfunction | All flag frames are the same length and have the same indices.
2026-04-12 14:57:44 | INFO     | src.events.organdysfunction.organdysfunction | ----------------------------------------------------------------------------------
2026-04-12 14:57:44 | INFO     | src.events.organdysfunction.organdysfunction | Calculating total organ dysfunction flag by summing individual organ dysfunction flags.
2026-04-12 14:57:44 | INFO     | __main__ | Organ dysfunction labels saved. Saving dataframe to ../Sepsis-data/data/output/raw_data_phase2_v2/df_organdysfunction.parquet
2026-04-12 14:57:44 | INFO     | __main__ | =================================================================================
2026-04-12 14:57:44 | INFO     | src.events.septicshock | Calculating septic shock criteria.
2026-04-12 14:57:44 | INFO     | src.events.septicshock | Calculating SBP<90 flag for septic shock criteria.
2026-04-12 14:57:44 | INFO     | src.events.septicshock | Calculating SBP delta>40 flag for septic shock criteria.
2026-04-12 14:57:44 | INFO     | src.events.septicshock | -----------------------------------------------------------------------------------
2026-04-12 14:57:44 | INFO     | src.events.septicshock | Calculating MAP<65 flag for septic shock criteria.
2026-04-12 14:57:44 | INFO     | src.events.septicshock | -----------------------------------------------------------------------------------
2026-04-12 14:57:44 | INFO     | src.events.septicshock | Calculating lactate>4 flag for septic shock criteria.
2026-04-12 14:57:44 | INFO     | src.events.septicshock | -----------------------------------------------------------------------------------
2026-04-12 14:57:44 | INFO     | src.events.septicshock | Calculating vasopressor flag for septic shock criteria.
2026-04-12 14:57:44 | INFO     | src.events.septicshock | -----------------------------------------------------------------------------------
2026-04-12 14:57:44 | INFO     | __main__ | Septic shock labels saved. Saving dataframe to ../Sepsis-data/data/output/raw_data_phase2_v2/df_septicshock.parquet
2026-04-12 14:57:44 | INFO     | __main__ | Loading dataframes from ../Sepsis-data/data/output/raw_data_phase2_v2
2026-04-12 14:58:16 | INFO     | __main__ | Sepsis 1 labels saved. Saving dataframe to ../Sepsis-data/data/output/raw_data_phase2_v2/df_sepsis1.parquet
2026-04-12 14:58:16 | INFO     | __main__ | Sepsis 2 labels saved. Saving dataframe to ../Sepsis-data/data/output/raw_data_phase2_v2/df_sepsis2.parquet
2026-04-12 14:58:16 | INFO     | __main__ | Sepsis 3 labels saved. Saving dataframe to ../Sepsis-data/data/output/raw_data_phase2_v2/df_sepsis3.parquet
2026-04-12 14:58:16 | INFO     | __main__ | =================================================================================
2026-04-12 15:04:33 | INFO     | __main__ | Loading dataframes from ../Sepsis-data/data/output/raw_data_phase2_v2
2026-04-12 15:04:34 | INFO     | src.analysis.basic | Loading dataframes from ../Sepsis-data/data/output/raw_data_phase2_v2
2026-04-12 15:15:40 | INFO     | __main__ | Loading dataframes from ../Sepsis-data/data/output/raw_data_phase2_v2
2026-04-12 15:15:40 | INFO     | src.analysis.basic | Loading dataframes from ../Sepsis-data/data/output/raw_data_phase2_v2
2026-04-12 15:24:21 | INFO     | __main__ | Loading dataframes from ../Sepsis-data/data/output/raw_data_phase2_v2
2026-04-12 15:24:22 | INFO     | src.analysis.basic | Loading dataframes from ../Sepsis-data/data/output/raw_data_phase2_v2
2026-04-12 19:26:58 | INFO     | __main__ | Loading dataframes from ../Sepsis-data/data/output/raw_data_phase2_v2
2026-04-12 19:27:03 | INFO     | src.analysis.basic | Loading dataframes from ../Sepsis-data/data/output/raw_data_phase2_v2
2026-04-12 19:55:18 | INFO     | __main__ | Loading dataframes from ../Sepsis-data/data/output/raw_data_phase2_v2
2026-04-12 19:55:19 | INFO     | src.analysis.basic | Loading dataframes from ../Sepsis-data/data/output/raw_data_phase2_v2
2026-04-12 19:56:05 | INFO     | __main__ | Loading dataframes from ../Sepsis-data/data/output/raw_data_phase2_v2
2026-04-12 19:56:06 | INFO     | src.analysis.basic | Loading dataframes from ../Sepsis-data/data/output/raw_data_phase2_v2
2026-04-12 19:57:32 | INFO     | __main__ | Loading dataframes from ../Sepsis-data/data/output/raw_data_phase2_v2
2026-04-12 19:57:33 | INFO     | src.analysis.basic | Loading dataframes from ../Sepsis-data/data/output/raw_data_phase2_v2
2026-04-12 20:07:42 | INFO     | __main__ | Loading dataframes from ../Sepsis-data/data/output/raw_data_phase2_v2
2026-04-12 20:19:16 | INFO     | __main__ | Loading dataframes from ../Sepsis-data/data/output/raw_data_phase2_v2
2026-04-12 20:20:30 | INFO     | __main__ | Loading dataframes from ../Sepsis-data/data/output/raw_data_phase2_v2
2026-04-12 20:23:20 | INFO     | __main__ | Loading dataframes from ../Sepsis-data/data/output/raw_data_phase2_v2
2026-04-12 20:23:51 | INFO     | __main__ | Loading dataframes from ../Sepsis-data/data/output/raw_data_phase2_v2
2026-04-12 20:27:22 | INFO     | __main__ | Loading dataframes from ../Sepsis-data/data/output/raw_data_phase2_v2
2026-04-12 20:28:07 | INFO     | __main__ | Loading dataframes from ../Sepsis-data/data/output/raw_data_phase2_v2
2026-04-12 20:33:44 | INFO     | __main__ | Loading dataframes from ../Sepsis-data/data/output/raw_data_phase2_v2
2026-04-12 20:34:27 | INFO     | __main__ | Sepsis 1 labels saved. Saving dataframe to ../Sepsis-data/data/output/raw_data_phase2_v2/df_sepsis1.parquet
2026-04-12 20:34:27 | INFO     | __main__ | Sepsis 2 labels saved. Saving dataframe to ../Sepsis-data/data/output/raw_data_phase2_v2/df_sepsis2.parquet
2026-04-12 20:34:27 | INFO     | __main__ | Sepsis 3 labels saved. Saving dataframe to ../Sepsis-data/data/output/raw_data_phase2_v2/df_sepsis3.parquet
2026-04-12 20:34:27 | INFO     | __main__ | =================================================================================
2026-04-12 20:34:27 | INFO     | __main__ | Loading dataframes from ../Sepsis-data/data/output/raw_data_phase2_v2
2026-04-12 20:34:27 | INFO     | src.analysis.basic | Loading dataframes from ../Sepsis-data/data/output/raw_data_phase2_v2
2026-04-12 20:36:32 | INFO     | __main__ | Loading dataframes from ../Sepsis-data/data/output/raw_data_phase2_v2
2026-04-12 20:36:33 | INFO     | src.analysis.basic | Loading dataframes from ../Sepsis-data/data/output/raw_data_phase2_v2
2026-04-12 20:46:05 | INFO     | __main__ | Loading dataframes from ../Sepsis-data/data/output/raw_data_phase2_v2
2026-04-12 20:46:06 | INFO     | src.analysis.basic | Loading dataframes from ../Sepsis-data/data/output/raw_data_phase2_v2
2026-04-12 20:48:37 | INFO     | __main__ | Loading dataframes from ../Sepsis-data/data/output/raw_data_phase2_v2
2026-04-12 20:48:38 | INFO     | src.analysis.basic | Loading dataframes from ../Sepsis-data/data/output/raw_data_phase2_v2
2026-04-12 21:00:33 | INFO     | __main__ | Loading dataframes from ../Sepsis-data/data/output/raw_data_phase2_v2
2026-04-12 21:00:34 | INFO     | src.analysis.basic | Loading dataframes from ../Sepsis-data/data/output/raw_data_phase2_v2
2026-04-12 21:01:31 | INFO     | __main__ | Loading dataframes from ../Sepsis-data/data/output/raw_data_phase2_v2
2026-04-12 21:01:32 | INFO     | src.analysis.basic | Loading dataframes from ../Sepsis-data/data/output/raw_data_phase2_v2
2026-04-12 21:01:55 | INFO     | __main__ | Loading dataframes from ../Sepsis-data/data/output/raw_data_phase2_v2
2026-04-12 21:01:56 | INFO     | src.analysis.basic | Loading dataframes from ../Sepsis-data/data/output/raw_data_phase2_v2
2026-04-12 21:59:44 | INFO     | __main__ | Loading dataframes from ../Sepsis-data/data/output/raw_data_phase2_v2
2026-04-12 21:59:45 | INFO     | src.analysis.basic | Loading dataframes from ../Sepsis-data/data/output/raw_data_phase2_v2
2026-04-12 22:00:04 | INFO     | __main__ | Loading dataframes from ../Sepsis-data/data/output/raw_data_phase2_v2
2026-04-12 22:00:05 | INFO     | src.analysis.basic | Loading dataframes from ../Sepsis-data/data/output/raw_data_phase2_v2
2026-04-12 22:02:10 | INFO     | __main__ | Loading dataframes from ../Sepsis-data/data/output/raw_data_phase2_v2
2026-04-12 22:02:11 | INFO     | src.analysis.basic | Loading dataframes from ../Sepsis-data/data/output/raw_data_phase2_v2
2026-04-12 22:06:43 | INFO     | __main__ | Loading dataframes from ../Sepsis-data/data/output/raw_data_phase2_v2
2026-04-12 22:06:44 | INFO     | src.analysis.basic | Loading dataframes from ../Sepsis-data/data/output/raw_data_phase2_v2
2026-04-12 22:17:02 | INFO     | __main__ | Loading dataframes from ../Sepsis-data/data/output/raw_data_phase2_v2
2026-04-12 22:17:03 | INFO     | src.analysis.basic | Loading dataframes from ../Sepsis-data/data/output/raw_data_phase2_v2
2026-04-12 22:20:51 | INFO     | __main__ | Loading dataframes from ../Sepsis-data/data/output/raw_data_phase2_v2
2026-04-12 22:20:52 | INFO     | src.analysis.basic | Loading dataframes from ../Sepsis-data/data/output/raw_data_phase2_v2
2026-04-12 22:31:48 | INFO     | __main__ | Loading dataframes from ../Sepsis-data/data/output/raw_data_phase2_v2
2026-04-12 22:31:49 | INFO     | src.analysis.basic | Loading dataframes from ../Sepsis-data/data/output/raw_data_phase2_v2
2026-04-12 22:32:51 | INFO     | __main__ | Loading dataframes from ../Sepsis-data/data/output/raw_data_phase2_v2
2026-04-12 22:32:52 | INFO     | src.analysis.basic | Loading dataframes from ../Sepsis-data/data/output/raw_data_phase2_v2
2026-04-12 22:34:53 | INFO     | __main__ | Loading dataframes from ../Sepsis-data/data/output/raw_data_phase2_v2
2026-04-12 22:34:54 | INFO     | src.analysis.basic | Loading dataframes from ../Sepsis-data/data/output/raw_data_phase2_v2
2026-04-12 22:41:49 | INFO     | __main__ | Loading dataframes from ../Sepsis-data/data/output/raw_data_phase2_v2
2026-04-12 22:41:50 | INFO     | src.analysis.basic | Loading dataframes from ../Sepsis-data/data/output/raw_data_phase2_v2
2026-04-12 22:42:17 | INFO     | __main__ | Loading dataframes from ../Sepsis-data/data/output/raw_data_phase2_v2
2026-04-12 22:42:18 | INFO     | src.analysis.basic | Loading dataframes from ../Sepsis-data/data/output/raw_data_phase2_v2
2026-04-12 22:45:11 | INFO     | __main__ | Loading dataframes from ../Sepsis-data/data/output/raw_data_phase2_v2
2026-04-12 22:45:12 | INFO     | src.analysis.basic | Loading dataframes from ../Sepsis-data/data/output/raw_data_phase2_v2
2026-04-12 22:50:23 | INFO     | __main__ | Loading dataframes from ../Sepsis-data/data/output/raw_data_phase2_v2
2026-04-12 22:50:24 | INFO     | src.analysis.basic | Loading dataframes from ../Sepsis-data/data/output/raw_data_phase2_v2
2026-04-12 22:51:54 | INFO     | __main__ | Loading dataframes from ../Sepsis-data/data/output/raw_data_phase2_v2
2026-04-12 22:51:55 | INFO     | src.analysis.basic | Loading dataframes from ../Sepsis-data/data/output/raw_data_phase2_v2
2026-04-12 22:53:34 | INFO     | __main__ | Loading dataframes from ../Sepsis-data/data/output/raw_data_phase2_v2
2026-04-12 22:53:35 | INFO     | src.analysis.basic | Loading dataframes from ../Sepsis-data/data/output/raw_data_phase2_v2
2026-04-12 22:55:07 | INFO     | __main__ | Loading dataframes from ../Sepsis-data/data/output/raw_data_phase2_v2
2026-04-12 22:55:08 | INFO     | src.analysis.basic | Loading dataframes from ../Sepsis-data/data/output/raw_data_phase2_v2
2026-04-12 22:56:27 | INFO     | __main__ | Loading dataframes from ../Sepsis-data/data/output/raw_data_phase2_v2
2026-04-12 22:56:28 | INFO     | src.analysis.basic | Loading dataframes from ../Sepsis-data/data/output/raw_data_phase2_v2
2026-04-12 23:10:49 | INFO     | __main__ | Loading dataframes from ../Sepsis-data/data/output/raw_data_phase2_v2
2026-04-12 23:10:50 | INFO     | src.analysis.basic | Loading dataframes from ../Sepsis-data/data/output/raw_data_phase2_v2
2026-04-12 23:23:29 | INFO     | __main__ | Loading dataframes from ../Sepsis-data/data/output/raw_data_phase2_v2
2026-04-12 23:23:30 | INFO     | src.analysis.basic | Loading dataframes from ../Sepsis-data/data/output/raw_data_phase2_v2
2026-04-12 23:24:36 | INFO     | __main__ | Loading dataframes from ../Sepsis-data/data/output/raw_data_phase2_v2
2026-04-12 23:24:37 | INFO     | src.analysis.basic | Loading dataframes from ../Sepsis-data/data/output/raw_data_phase2_v2
2026-04-12 23:27:46 | INFO     | __main__ | Loading dataframes from ../Sepsis-data/data/output/raw_data_phase2_v2
2026-04-12 23:27:47 | INFO     | src.analysis.basic | Loading dataframes from ../Sepsis-data/data/output/raw_data_phase2_v2
2026-04-12 23:28:16 | INFO     | __main__ | Loading dataframes from ../Sepsis-data/data/output/raw_data_phase2_v2
2026-04-12 23:28:17 | INFO     | src.analysis.basic | Loading dataframes from ../Sepsis-data/data/output/raw_data_phase2_v2
2026-04-12 23:29:40 | INFO     | __main__ | Loading dataframes from ../Sepsis-data/data/output/raw_data_phase2_v2
2026-04-12 23:29:41 | INFO     | src.analysis.basic | Loading dataframes from ../Sepsis-data/data/output/raw_data_phase2_v2
2026-04-12 23:30:58 | INFO     | __main__ | Loading dataframes from ../Sepsis-data/data/output/raw_data_phase2_v2
2026-04-12 23:30:59 | INFO     | src.analysis.basic | Loading dataframes from ../Sepsis-data/data/output/raw_data_phase2_v2
2026-04-12 23:35:42 | INFO     | __main__ | Loading dataframes from ../Sepsis-data/data/output/raw_data_phase2_v2
2026-04-12 23:35:43 | INFO     | src.analysis.basic | Loading dataframes from ../Sepsis-data/data/output/raw_data_phase2_v2
2026-04-12 23:36:05 | INFO     | __main__ | Loading dataframes from ../Sepsis-data/data/output/raw_data_phase2_v2
2026-04-12 23:36:06 | INFO     | src.analysis.basic | Loading dataframes from ../Sepsis-data/data/output/raw_data_phase2_v2
2026-04-12 23:41:35 | INFO     | __main__ | Loading dataframes from ../Sepsis-data/data/output/raw_data_phase2_v2
2026-04-12 23:41:36 | INFO     | src.analysis.basic | Loading dataframes from ../Sepsis-data/data/output/raw_data_phase2_v2
2026-04-12 23:52:05 | INFO     | __main__ | Loading dataframes from ../Sepsis-data/data/output/raw_data_phase2_v2
2026-04-12 23:52:06 | INFO     | src.analysis.basic | Loading dataframes from ../Sepsis-data/data/output/raw_data_phase2_v2
2026-04-12 23:57:08 | INFO     | __main__ | Loading dataframes from ../Sepsis-data/data/output/raw_data_phase2_v2
2026-04-12 23:57:09 | INFO     | src.analysis.basic | Loading dataframes from ../Sepsis-data/data/output/raw_data_phase2_v2
2026-04-12 23:57:35 | INFO     | __main__ | Loading dataframes from ../Sepsis-data/data/output/raw_data_phase2_v2
2026-04-12 23:57:36 | INFO     | src.analysis.basic | Loading dataframes from ../Sepsis-data/data/output/raw_data_phase2_v2
2026-04-12 23:58:34 | INFO     | __main__ | Loading dataframes from ../Sepsis-data/data/output/raw_data_phase2_v2
2026-04-12 23:58:35 | INFO     | src.analysis.basic | Loading dataframes from ../Sepsis-data/data/output/raw_data_phase2_v2
2026-04-12 23:59:09 | INFO     | __main__ | Loading dataframes from ../Sepsis-data/data/output/raw_data_phase2_v2
2026-04-12 23:59:10 | INFO     | src.analysis.basic | Loading dataframes from ../Sepsis-data/data/output/raw_data_phase2_v2
2026-04-13 00:13:49 | INFO     | __main__ | Loading dataframes from ../Sepsis-data/data/output/raw_data_phase2_v2
2026-04-13 00:13:50 | INFO     | src.analysis.basic | Loading dataframes from ../Sepsis-data/data/output/raw_data_phase2_v2
2026-04-13 00:14:21 | INFO     | __main__ | Loading dataframes from ../Sepsis-data/data/output/raw_data_phase2_v2
2026-04-13 00:14:22 | INFO     | src.analysis.basic | Loading dataframes from ../Sepsis-data/data/output/raw_data_phase2_v2
2026-04-13 00:16:36 | INFO     | __main__ | Loading dataframes from ../Sepsis-data/data/output/raw_data_phase2_v2
2026-04-13 00:16:37 | INFO     | src.analysis.basic | Loading dataframes from ../Sepsis-data/data/output/raw_data_phase2_v2
2026-04-13 00:18:24 | INFO     | __main__ | Loading dataframes from ../Sepsis-data/data/output/raw_data_phase2_v2
2026-04-13 00:18:25 | INFO     | src.analysis.basic | Loading dataframes from ../Sepsis-data/data/output/raw_data_phase2_v2
2026-04-13 00:19:15 | INFO     | __main__ | Loading dataframes from ../Sepsis-data/data/output/raw_data_phase2_v2
2026-04-13 00:19:16 | INFO     | src.analysis.basic | Loading dataframes from ../Sepsis-data/data/output/raw_data_phase2_v2
2026-04-13 00:20:17 | INFO     | __main__ | Loading dataframes from ../Sepsis-data/data/output/raw_data_phase2_v2
2026-04-13 00:20:18 | INFO     | src.analysis.basic | Loading dataframes from ../Sepsis-data/data/output/raw_data_phase2_v2
2026-04-13 00:20:40 | INFO     | __main__ | Loading dataframes from ../Sepsis-data/data/output/raw_data_phase2_v2
2026-04-13 00:20:41 | INFO     | src.analysis.basic | Loading dataframes from ../Sepsis-data/data/output/raw_data_phase2_v2
2026-04-13 00:32:28 | INFO     | __main__ | Loading dataframes from ../Sepsis-data/data/output/raw_data_phase2_v2
2026-04-13 00:32:29 | INFO     | src.analysis.basic | Loading dataframes from ../Sepsis-data/data/output/raw_data_phase2_v2
2026-04-13 00:35:49 | INFO     | __main__ | Loading dataframes from ../Sepsis-data/data/output/raw_data_phase2_v2
2026-04-13 00:35:50 | INFO     | src.analysis.basic | Loading dataframes from ../Sepsis-data/data/output/raw_data_phase2_v2
2026-04-13 00:39:53 | INFO     | __main__ | Loading dataframes from ../Sepsis-data/data/output/raw_data_phase2_v2
2026-04-13 00:39:54 | INFO     | src.analysis.basic | Loading dataframes from ../Sepsis-data/data/output/raw_data_phase2_v2
2026-04-13 00:51:34 | INFO     | __main__ | Loading dataframes from ../Sepsis-data/data/output/raw_data_phase2_v2
2026-04-13 00:51:35 | INFO     | src.analysis.basic | Loading dataframes from ../Sepsis-data/data/output/raw_data_phase2_v2
2026-04-13 00:57:47 | INFO     | __main__ | Loading dataframes from ../Sepsis-data/data/output/raw_data_phase2_v2
2026-04-13 00:57:48 | INFO     | src.analysis.basic | Loading dataframes from ../Sepsis-data/data/output/raw_data_phase2_v2
2026-04-13 01:03:11 | INFO     | __main__ | Loading dataframes from ../Sepsis-data/data/output/raw_data_phase2_v2
2026-04-13 01:03:12 | INFO     | src.analysis.basic | Loading dataframes from ../Sepsis-data/data/output/raw_data_phase2_v2
2026-04-13 01:05:28 | INFO     | __main__ | Loading dataframes from ../Sepsis-data/data/output/raw_data_phase2_v2
2026-04-13 01:05:29 | INFO     | src.analysis.basic | Loading dataframes from ../Sepsis-data/data/output/raw_data_phase2_v2
2026-04-13 01:10:45 | INFO     | __main__ | Loading dataframes from ../Sepsis-data/data/output/raw_data_phase2_v2
2026-04-13 01:10:46 | INFO     | src.analysis.basic | Loading dataframes from ../Sepsis-data/data/output/raw_data_phase2_v2
2026-04-13 01:12:02 | INFO     | __main__ | Loading dataframes from ../Sepsis-data/data/output/raw_data_phase2_v2
2026-04-13 01:12:03 | INFO     | src.analysis.basic | Loading dataframes from ../Sepsis-data/data/output/raw_data_phase2_v2
2026-04-13 01:20:00 | INFO     | __main__ | Loading dataframes from ../Sepsis-data/data/output/raw_data_phase2_v2
2026-04-13 01:20:01 | INFO     | src.analysis.basic | Loading dataframes from ../Sepsis-data/data/output/raw_data_phase2_v2
2026-04-13 01:20:45 | INFO     | __main__ | Loading dataframes from ../Sepsis-data/data/output/raw_data_phase2_v2
2026-04-13 01:20:46 | INFO     | src.analysis.basic | Loading dataframes from ../Sepsis-data/data/output/raw_data_phase2_v2
2026-04-13 01:24:40 | INFO     | __main__ | Loading dataframes from ../Sepsis-data/data/output/raw_data_phase2_v2
2026-04-13 01:24:41 | INFO     | src.analysis.basic | Loading dataframes from ../Sepsis-data/data/output/raw_data_phase2_v2
2026-04-13 01:26:29 | INFO     | __main__ | Loading dataframes from ../Sepsis-data/data/output/raw_data_phase2_v2
2026-04-13 01:26:30 | INFO     | src.analysis.basic | Loading dataframes from ../Sepsis-data/data/output/raw_data_phase2_v2
2026-04-13 01:30:55 | INFO     | __main__ | Loading dataframes from ../Sepsis-data/data/output/raw_data_phase2_v2
2026-04-13 01:30:56 | INFO     | src.analysis.basic | Loading dataframes from ../Sepsis-data/data/output/raw_data_phase2_v2
2026-04-13 01:31:44 | INFO     | __main__ | Loading dataframes from ../Sepsis-data/data/output/raw_data_phase2_v2
2026-04-13 01:31:45 | INFO     | src.analysis.basic | Loading dataframes from ../Sepsis-data/data/output/raw_data_phase2_v2
2026-04-13 01:35:55 | INFO     | __main__ | Loading dataframes from ../Sepsis-data/data/output/raw_data_phase2_v2
2026-04-13 01:35:57 | INFO     | src.analysis.basic | Loading dataframes from ../Sepsis-data/data/output/raw_data_phase2_v2
2026-04-13 01:46:31 | INFO     | __main__ | Loading dataframes from ../Sepsis-data/data/output/raw_data_phase2_v2
2026-04-13 01:46:33 | INFO     | src.analysis.basic | Loading dataframes from ../Sepsis-data/data/output/raw_data_phase2_v2
2026-04-13 01:55:17 | INFO     | __main__ | Loading dataframes from ../Sepsis-data/data/output/raw_data_phase2_v2
2026-04-13 01:55:18 | INFO     | src.analysis.basic | Loading dataframes from ../Sepsis-data/data/output/raw_data_phase2_v2
2026-04-13 01:57:41 | INFO     | __main__ | Loading dataframes from ../Sepsis-data/data/output/raw_data_phase2_v2
2026-04-13 01:57:42 | INFO     | src.analysis.basic | Loading dataframes from ../Sepsis-data/data/output/raw_data_phase2_v2
2026-04-13 01:58:08 | INFO     | __main__ | Loading dataframes from ../Sepsis-data/data/output/raw_data_phase2_v2
2026-04-13 01:58:09 | INFO     | src.analysis.basic | Loading dataframes from ../Sepsis-data/data/output/raw_data_phase2_v2
2026-04-13 02:01:15 | INFO     | __main__ | Loading dataframes from ../Sepsis-data/data/output/raw_data_phase2_v2
2026-04-13 02:01:16 | INFO     | src.analysis.basic | Loading dataframes from ../Sepsis-data/data/output/raw_data_phase2_v2
2026-04-13 02:03:30 | INFO     | __main__ | Loading dataframes from ../Sepsis-data/data/output/raw_data_phase2_v2
2026-04-13 02:03:31 | INFO     | src.analysis.basic | Loading dataframes from ../Sepsis-data/data/output/raw_data_phase2_v2
2026-04-13 02:05:14 | INFO     | __main__ | Loading dataframes from ../Sepsis-data/data/output/raw_data_phase2_v2
2026-04-13 02:05:15 | INFO     | src.analysis.basic | Loading dataframes from ../Sepsis-data/data/output/raw_data_phase2_v2
2026-04-13 02:13:05 | INFO     | __main__ | Loading dataframes from ../Sepsis-data/data/output/raw_data_phase2_v2
2026-04-13 02:13:06 | INFO     | src.analysis.basic | Loading dataframes from ../Sepsis-data/data/output/raw_data_phase2_v2
2026-04-13 02:14:28 | INFO     | __main__ | Loading dataframes from ../Sepsis-data/data/output/raw_data_phase2_v2
2026-04-13 02:14:29 | INFO     | src.analysis.basic | Loading dataframes from ../Sepsis-data/data/output/raw_data_phase2_v2
2026-04-13 02:24:57 | INFO     | __main__ | Loading dataframes from ../Sepsis-data/data/output/raw_data_phase2_v2
2026-04-13 02:24:58 | INFO     | src.analysis.basic | Loading dataframes from ../Sepsis-data/data/output/raw_data_phase2_v2
2026-04-13 02:29:02 | INFO     | __main__ | Loading dataframes from ../Sepsis-data/data/output/raw_data_phase2_v2
2026-04-13 02:29:03 | INFO     | src.analysis.basic | Loading dataframes from ../Sepsis-data/data/output/raw_data_phase2_v2
2026-04-13 08:46:19 | INFO     | __main__ | Loading dataframes from ../Sepsis-data/data/output/raw_data_phase2_v2
2026-04-13 08:56:23 | INFO     | __main__ | Loading dataframes from ../Sepsis-data/data/output/raw_data_phase2_v2
2026-04-13 09:19:38 | INFO     | src.analysis.basic | Loading dataframes from ../Sepsis-data/data/output/raw_data_phase2_v2
2026-04-13 09:26:43 | INFO     | __main__ | Loading dataframes from ../Sepsis-data/data/output/raw_data_phase2_v2
2026-04-13 09:26:44 | INFO     | src.analysis.basic | Loading dataframes from ../Sepsis-data/data/output/raw_data_phase2_v2
2026-04-13 09:33:34 | INFO     | __main__ | Loading dataframes from ../Sepsis-data/data/output/raw_data_phase2_v2
2026-04-13 09:33:35 | INFO     | src.analysis.basic | Loading dataframes from ../Sepsis-data/data/output/raw_data_phase2_v2
2026-04-13 09:35:05 | INFO     | __main__ | Loading dataframes from ../Sepsis-data/data/output/raw_data_phase2_v2
2026-04-13 09:35:06 | INFO     | src.analysis.basic | Loading dataframes from ../Sepsis-data/data/output/raw_data_phase2_v2
2026-04-13 09:37:36 | INFO     | __main__ | Loading dataframes from ../Sepsis-data/data/output/raw_data_phase2_v2
2026-04-13 09:37:37 | INFO     | src.analysis.basic | Loading dataframes from ../Sepsis-data/data/output/raw_data_phase2_v2
2026-04-13 09:40:34 | INFO     | __main__ | Loading dataframes from ../Sepsis-data/data/output/raw_data_phase2_v2
2026-04-13 09:40:35 | INFO     | src.analysis.basic | Loading dataframes from ../Sepsis-data/data/output/raw_data_phase2_v2
2026-04-13 09:44:46 | INFO     | __main__ | Loading dataframes from ../Sepsis-data/data/output/raw_data_phase2_v2
2026-04-13 09:44:47 | INFO     | src.analysis.basic | Loading dataframes from ../Sepsis-data/data/output/raw_data_phase2_v2
2026-04-13 09:45:50 | INFO     | __main__ | Loading dataframes from ../Sepsis-data/data/output/raw_data_phase2_v2
2026-04-13 09:45:51 | INFO     | src.analysis.basic | Loading dataframes from ../Sepsis-data/data/output/raw_data_phase2_v2
2026-04-13 09:57:19 | INFO     | __main__ | Loading dataframes from ../Sepsis-data/data/output/raw_data_phase2_v2
2026-04-13 09:57:20 | INFO     | src.analysis.basic | Loading dataframes from ../Sepsis-data/data/output/raw_data_phase2_v2
2026-04-13 09:59:24 | INFO     | __main__ | Loading dataframes from ../Sepsis-data/data/output/raw_data_phase2_v2
2026-04-13 09:59:25 | INFO     | src.analysis.basic | Loading dataframes from ../Sepsis-data/data/output/raw_data_phase2_v2
2026-04-13 10:03:47 | INFO     | __main__ | Loading dataframes from ../Sepsis-data/data/output/raw_data_phase2_v2
2026-04-13 10:03:48 | INFO     | src.analysis.basic | Loading dataframes from ../Sepsis-data/data/output/raw_data_phase2_v2
2026-04-13 10:05:08 | INFO     | __main__ | Loading dataframes from ../Sepsis-data/data/output/raw_data_phase2_v2
2026-04-13 10:05:09 | INFO     | src.analysis.basic | Loading dataframes from ../Sepsis-data/data/output/raw_data_phase2_v2
2026-04-13 10:06:16 | INFO     | __main__ | Loading dataframes from ../Sepsis-data/data/output/raw_data_phase2_v2
2026-04-13 10:06:17 | INFO     | src.analysis.basic | Loading dataframes from ../Sepsis-data/data/output/raw_data_phase2_v2
2026-04-13 10:06:53 | INFO     | __main__ | Loading dataframes from ../Sepsis-data/data/output/raw_data_phase2_v2
2026-04-13 10:06:54 | INFO     | src.analysis.basic | Loading dataframes from ../Sepsis-data/data/output/raw_data_phase2_v2
2026-04-13 10:19:31 | INFO     | __main__ | Loading dataframes from ../Sepsis-data/data/output/raw_data_phase2_v2
2026-04-13 10:19:32 | INFO     | src.analysis.basic | Loading dataframes from ../Sepsis-data/data/output/raw_data_phase2_v2
2026-04-13 10:20:23 | INFO     | __main__ | Loading dataframes from ../Sepsis-data/data/output/raw_data_phase2_v2
2026-04-13 10:20:24 | INFO     | src.analysis.basic | Loading dataframes from ../Sepsis-data/data/output/raw_data_phase2_v2
2026-04-13 10:26:42 | INFO     | __main__ | Loading dataframes from ../Sepsis-data/data/output/raw_data_phase2_v2
2026-04-13 10:26:43 | INFO     | src.analysis.basic | Loading dataframes from ../Sepsis-data/data/output/raw_data_phase2_v2
2026-04-13 10:26:46 | INFO     | __main__ | Loading dataframes from ../Sepsis-data/data/output/raw_data_phase2_v2
2026-04-13 10:26:47 | INFO     | src.analysis.basic | Loading dataframes from ../Sepsis-data/data/output/raw_data_phase2_v2
2026-04-13 10:27:43 | INFO     | __main__ | Loading dataframes from ../Sepsis-data/data/output/raw_data_phase2_v2
2026-04-13 10:27:44 | INFO     | src.analysis.basic | Loading dataframes from ../Sepsis-data/data/output/raw_data_phase2_v2
2026-04-13 10:35:49 | INFO     | __main__ | Loading dataframes from ../Sepsis-data/data/output/raw_data_phase2_v2
2026-04-13 10:35:50 | INFO     | src.analysis.basic | Loading dataframes from ../Sepsis-data/data/output/raw_data_phase2_v2
2026-04-13 10:36:48 | INFO     | __main__ | Loading dataframes from ../Sepsis-data/data/output/raw_data_phase2_v2
2026-04-13 10:36:49 | INFO     | src.analysis.basic | Loading dataframes from ../Sepsis-data/data/output/raw_data_phase2_v2
2026-04-13 10:37:51 | INFO     | __main__ | Loading dataframes from ../Sepsis-data/data/output/raw_data_phase2_v2
2026-04-13 10:37:52 | INFO     | src.analysis.basic | Loading dataframes from ../Sepsis-data/data/output/raw_data_phase2_v2
2026-04-13 10:38:15 | INFO     | __main__ | Loading dataframes from ../Sepsis-data/data/output/raw_data_phase2_v2
2026-04-13 10:38:16 | INFO     | src.analysis.basic | Loading dataframes from ../Sepsis-data/data/output/raw_data_phase2_v2
2026-04-13 10:41:41 | INFO     | __main__ | Loading dataframes from ../Sepsis-data/data/output/raw_data_phase2_v2
2026-04-13 10:41:42 | INFO     | src.analysis.basic | Loading dataframes from ../Sepsis-data/data/output/raw_data_phase2_v2
2026-04-13 10:52:52 | INFO     | __main__ | Loading dataframes from ../Sepsis-data/data/output/raw_data_phase2_v2
2026-04-13 10:52:53 | INFO     | src.analysis.basic | Loading dataframes from ../Sepsis-data/data/output/raw_data_phase2_v2
2026-04-13 11:01:55 | INFO     | __main__ | Loading dataframes from ../Sepsis-data/data/output/raw_data_phase2_v2
2026-04-13 11:01:56 | INFO     | src.analysis.basic | Loading dataframes from ../Sepsis-data/data/output/raw_data_phase2_v2
2026-04-13 11:02:20 | INFO     | __main__ | Loading dataframes from ../Sepsis-data/data/output/raw_data_phase2_v2
2026-04-13 11:02:21 | INFO     | src.analysis.basic | Loading dataframes from ../Sepsis-data/data/output/raw_data_phase2_v2
2026-04-13 11:03:06 | INFO     | __main__ | Loading dataframes from ../Sepsis-data/data/output/raw_data_phase2_v2
2026-04-13 11:03:07 | INFO     | src.analysis.basic | Loading dataframes from ../Sepsis-data/data/output/raw_data_phase2_v2
2026-04-13 11:04:10 | INFO     | __main__ | Loading dataframes from ../Sepsis-data/data/output/raw_data_phase2_v2
2026-04-13 11:04:11 | INFO     | src.analysis.basic | Loading dataframes from ../Sepsis-data/data/output/raw_data_phase2_v2
2026-04-13 11:05:14 | INFO     | __main__ | Loading dataframes from ../Sepsis-data/data/output/raw_data_phase2_v2
2026-04-13 11:05:15 | INFO     | src.analysis.basic | Loading dataframes from ../Sepsis-data/data/output/raw_data_phase2_v2
2026-04-13 11:12:30 | INFO     | __main__ | Loading dataframes from ../Sepsis-data/data/output/raw_data_phase2_v2
2026-04-13 11:12:31 | INFO     | src.analysis.basic | Loading dataframes from ../Sepsis-data/data/output/raw_data_phase2_v2
2026-04-13 11:15:52 | INFO     | __main__ | Loading dataframes from ../Sepsis-data/data/output/raw_data_phase2_v2
2026-04-13 11:15:53 | INFO     | src.analysis.basic | Loading dataframes from ../Sepsis-data/data/output/raw_data_phase2_v2
2026-04-13 11:20:41 | INFO     | __main__ | Loading dataframes from ../Sepsis-data/data/output/raw_data_phase2_v2
2026-04-13 11:20:42 | INFO     | src.analysis.basic | Loading dataframes from ../Sepsis-data/data/output/raw_data_phase2_v2
2026-04-13 11:27:02 | INFO     | __main__ | Loading dataframes from ../Sepsis-data/data/output/raw_data_phase2_v2
2026-04-13 11:27:03 | INFO     | src.analysis.basic | Loading dataframes from ../Sepsis-data/data/output/raw_data_phase2_v2
2026-04-13 11:27:51 | INFO     | __main__ | Loading dataframes from ../Sepsis-data/data/output/raw_data_phase2_v2
2026-04-13 11:27:52 | INFO     | src.analysis.basic | Loading dataframes from ../Sepsis-data/data/output/raw_data_phase2_v2
2026-04-13 11:44:55 | INFO     | __main__ | Loading dataframes from ../Sepsis-data/data/output/raw_data_phase2_v2
2026-04-13 11:44:56 | INFO     | src.analysis.basic | Loading dataframes from ../Sepsis-data/data/output/raw_data_phase2_v2
2026-04-13 11:46:55 | INFO     | __main__ | Loading dataframes from ../Sepsis-data/data/output/raw_data_phase2_v2
2026-04-13 11:46:56 | INFO     | src.analysis.basic | Loading dataframes from ../Sepsis-data/data/output/raw_data_phase2_v2
2026-04-13 11:57:33 | INFO     | __main__ | Loading dataframes from ../Sepsis-data/data/output/raw_data_phase2_v2
2026-04-13 11:57:34 | INFO     | src.analysis.basic | Loading dataframes from ../Sepsis-data/data/output/raw_data_phase2_v2
2026-04-13 11:57:54 | INFO     | __main__ | Loading dataframes from ../Sepsis-data/data/output/raw_data_phase2_v2
2026-04-13 11:59:48 | INFO     | __main__ | Loading dataframes from ../Sepsis-data/data/output/raw_data_phase2_v2
2026-04-13 11:59:49 | INFO     | src.analysis.basic | Loading dataframes from ../Sepsis-data/data/output/raw_data_phase2_v2
2026-04-13 12:14:47 | INFO     | __main__ | Loading dataframes from ../Sepsis-data/data/output/raw_data_phase2_v2
2026-04-13 12:14:49 | INFO     | src.analysis.basic | Loading dataframes from ../Sepsis-data/data/output/raw_data_phase2_v2
2026-04-13 12:23:58 | INFO     | __main__ | Loading dataframes from ../Sepsis-data/data/output/raw_data_phase2_v2
2026-04-13 12:23:59 | INFO     | src.analysis.basic | Loading dataframes from ../Sepsis-data/data/output/raw_data_phase2_v2
2026-04-13 12:36:12 | INFO     | __main__ | Loading dataframes from ../Sepsis-data/data/output/raw_data_phase2_v2
2026-04-13 12:36:14 | INFO     | src.analysis.basic | Loading dataframes from ../Sepsis-data/data/output/raw_data_phase2_v2
2026-04-13 12:42:03 | INFO     | __main__ | Loading dataframes from ../Sepsis-data/data/output/raw_data_phase2_v2
2026-04-13 12:42:04 | INFO     | src.analysis.basic | Loading dataframes from ../Sepsis-data/data/output/raw_data_phase2_v2
2026-04-13 13:01:06 | INFO     | __main__ | Loading dataframes from ../Sepsis-data/data/output/raw_data_phase2_v2
2026-04-13 13:01:07 | INFO     | src.analysis.basic | Loading dataframes from ../Sepsis-data/data/output/raw_data_phase2_v2
2026-04-13 13:02:01 | INFO     | __main__ | Loading dataframes from ../Sepsis-data/data/output/raw_data_phase2_v2
2026-04-13 13:02:02 | INFO     | src.analysis.basic | Loading dataframes from ../Sepsis-data/data/output/raw_data_phase2_v2
2026-04-13 13:03:25 | INFO     | __main__ | Loading dataframes from ../Sepsis-data/data/output/raw_data_phase2_v2
2026-04-13 13:03:27 | INFO     | src.analysis.basic | Loading dataframes from ../Sepsis-data/data/output/raw_data_phase2_v2
2026-04-13 13:06:06 | INFO     | __main__ | Loading dataframes from ../Sepsis-data/data/output/raw_data_phase2_v2
2026-04-13 13:06:07 | INFO     | src.analysis.basic | Loading dataframes from ../Sepsis-data/data/output/raw_data_phase2_v2
2026-04-13 13:07:23 | INFO     | __main__ | Loading dataframes from ../Sepsis-data/data/output/raw_data_phase2_v2
2026-04-13 13:07:24 | INFO     | src.analysis.basic | Loading dataframes from ../Sepsis-data/data/output/raw_data_phase2_v2
2026-04-13 13:08:40 | INFO     | __main__ | Loading dataframes from ../Sepsis-data/data/output/raw_data_phase2_v2
2026-04-13 13:08:41 | INFO     | src.analysis.basic | Loading dataframes from ../Sepsis-data/data/output/raw_data_phase2_v2
2026-04-13 13:11:42 | INFO     | __main__ | Loading dataframes from ../Sepsis-data/data/output/raw_data_phase2_v2
2026-04-13 13:11:43 | INFO     | src.analysis.basic | Loading dataframes from ../Sepsis-data/data/output/raw_data_phase2_v2
2026-04-13 13:14:43 | INFO     | __main__ | Loading dataframes from ../Sepsis-data/data/output/raw_data_phase2_v2
2026-04-13 13:14:44 | INFO     | src.analysis.basic | Loading dataframes from ../Sepsis-data/data/output/raw_data_phase2_v2
2026-04-13 13:21:22 | INFO     | __main__ | Loading dataframes from ../Sepsis-data/data/output/raw_data_phase2_v2
2026-04-13 13:21:23 | INFO     | src.analysis.basic | Loading dataframes from ../Sepsis-data/data/output/raw_data_phase2_v2
2026-04-13 13:25:49 | INFO     | __main__ | Loading dataframes from ../Sepsis-data/data/output/raw_data_phase2_v2
2026-04-13 13:25:50 | INFO     | src.analysis.basic | Loading dataframes from ../Sepsis-data/data/output/raw_data_phase2_v2
2026-04-13 13:27:19 | INFO     | __main__ | Loading dataframes from ../Sepsis-data/data/output/raw_data_phase2_v2
2026-04-13 13:27:20 | INFO     | src.analysis.basic | Loading dataframes from ../Sepsis-data/data/output/raw_data_phase2_v2
2026-04-13 13:28:31 | INFO     | __main__ | Loading dataframes from ../Sepsis-data/data/output/raw_data_phase2_v2
2026-04-13 13:28:32 | INFO     | src.analysis.basic | Loading dataframes from ../Sepsis-data/data/output/raw_data_phase2_v2
2026-04-13 13:55:45 | INFO     | __main__ | Loading dataframes from ../Sepsis-data/data/output/raw_data_phase2_v2
2026-04-13 13:55:46 | INFO     | src.analysis.basic | Loading dataframes from ../Sepsis-data/data/output/raw_data_phase2_v2
2026-04-13 14:08:06 | INFO     | __main__ | Loading dataframes from ../Sepsis-data/data/output/raw_data_phase2_v2
2026-04-13 14:08:07 | INFO     | src.analysis.basic | Loading dataframes from ../Sepsis-data/data/output/raw_data_phase2_v2
2026-04-13 15:07:12 | INFO     | __main__ | Loading dataframes from ../Sepsis-data/data/output/raw_data_phase2_v2
2026-04-13 15:08:45 | INFO     | __main__ | Loading dataframes from ../Sepsis-data/data/output/raw_data_phase2_v2
2026-04-13 15:31:49 | INFO     | src.dataloader | Loading data from ../Sepsis-data/data/raw_data_phase2_v2
2026-04-13 15:31:50 | INFO     | src.dataloader | Data loaded. Shapes: lab_res=(1356486, 8), flowsheets=(6646460, 8), med_admin=(270921, 8), procedures=(118629, 8), baseline=(3982, 38), diagnosis=(441520, 8)
2026-04-13 15:31:50 | INFO     | src.dataloader | --------------------------------------------------------------------------------
2026-04-13 15:31:50 | INFO     | src.dataloader | Data type casting completed.
2026-04-13 15:31:52 | INFO     | src.dataloader | Concatenated all data into a single DataFrame with shape (8834016, 46) and columns ['EncounterEpicCsn', 'Event_DateTime', 'Type', 'Event_Grouper', 'Event_Name', 'NumericValue', 'Value', 'Flag', 'PrimaryMrn', 'EncounterEpicCsn_right', 'AdmissionDateValue', 'DischargeDateValue', 'Arrival_Instant', 'FirstAdmissionOrderInstant', 'InpatientAdmissionInstant', 'Admitted_from_ED', 'PatientClass', 'InpatientAdmissionPatientClass', 'HospitalService', 'AdmittingDepartment', 'DischargeDepartment', 'AdmissionType', 'AdmissionSource', 'AdmissionOrigin', 'PrincipalProblem', 'PrimaryCodedDiagnosis', 'PrimaryCodedProcedureKey', 'Death_Flag', 'Original_POA_Condition', 'Sepsis_Category', 'Baseline_SBP', 'Baseline_RespiratoryRate', 'Baseline_PulseRate', 'Baseline_Creatinine', 'Baseline_Platelets', 'Baseline_Bilirubin', 'Baseline_eGFR', 'Baseline_WBC', 'First_Suspected_Infection_Time', 'Suspected_Infection_Criteria_Met', 'Cancer_Registry_YN', 'HIV_Registry_YN', 'Immunocrompromised_Registry_YN', 'CKD_Dialysis_Registry_YN', 'Solid_Organ_Transplant_Registry_YN', 'Pregnancy_Registry_YN']
2026-04-13 15:31:54 | INFO     | src.dataloader | Dropped duplicate rows. Before: 8834016, After: 8814652, Dropped: 19364
2026-04-13 15:31:54 | INFO     | src.dataloader | Filtering out rows with null EncounterEpicCsn or Event_DateTime
2026-04-13 15:31:54 | INFO     | src.dataloader | After filtering, df_all has shape (8814652, 46)
2026-04-13 15:31:54 | INFO     | __main__ | Initial data loaded. Saving dataframe to ../Sepsis-data/data/output/raw_data_phase2_v2/df_all.parquet
2026-04-13 15:31:55 | INFO     | __main__ | =================================================================================
2026-04-13 15:31:55 | INFO     | src.events.infectiondetection | Detecting infection with antibiotic and culture criteria
2026-04-13 15:31:56 | INFO     | src.events.infectiondetection | Detected 7890 infections with antibiotic and culture criteria
2026-04-13 15:31:56 | INFO     | src.events.infectiondetection | Detecting infection with lactate and culture criteria
2026-04-13 15:31:56 | INFO     | src.events.infectiondetection | Detected 6646 infections with lactate and culture criteria
2026-04-13 15:31:56 | INFO     | src.events.infectiondetection | Detecting infection with code sepsis order criteria
2026-04-13 15:31:56 | INFO     | src.events.infectiondetection | Detected 1682 infections with code sepsis order criteria
2026-04-13 15:31:56 | INFO     | src.events.infectiondetection | Detecting infection with suspected infection criteria
2026-04-13 15:31:56 | INFO     | src.events.infectiondetection | Detected 901 infections with suspected infection criteria
2026-04-13 15:31:56 | INFO     | src.events.infectiondetection | --------------------------------------------------------------------------------
2026-04-13 15:31:56 | INFO     | src.events.infectiondetection | Combining infection detection results from all criteria
2026-04-13 15:31:56 | INFO     | src.events.infectiondetection | Combined infection detection results has 17119 rows and columns: ['EncounterEpicCsn', 'criterion', 'infect_dt', 'suspicion_infection_type']
2026-04-13 15:31:56 | INFO     | __main__ | Infection data detected. Saving dataframe to ../Sepsis-data/data/output/raw_data_phase2_v2/df_infect_long.parquet
2026-04-13 15:31:57 | INFO     | __main__ | =================================================================================
2026-04-13 15:31:59 | INFO     | __main__ | SIRS flags calculated. Saving dataframe to ../Sepsis-data/data/output/raw_data_phase2_v2/df_sirs.parquet
2026-04-13 15:32:00 | INFO     | __main__ | =================================================================================
2026-04-13 15:32:00 | INFO     | src.events.aggregator | Created reference table with 2536039 rows based on unique combinations of EncounterEpicCsn and Event_DateTime
2026-04-13 15:32:00 | INFO     | src.events.aggregator | Aggregating feature last_temp_8h using last over last 480.0 minutes for events in Temperature
2026-04-13 15:32:02 | INFO     | src.events.aggregator | Joining aggregated feature last_temp_8h back to reference table
2026-04-13 15:32:02 | INFO     | src.events.aggregator | Feature last_temp_8h aggregated and joined. Current reference table now has 2536039 rows and 3 columns.
2026-04-13 15:32:02 | INFO     | src.events.aggregator | --------------------------------------------------------------------------------
2026-04-13 15:32:02 | INFO     | src.events.aggregator | Aggregating feature last_pulse_8h using last over last 480.0 minutes for events in Pulse
2026-04-13 15:32:10 | INFO     | src.events.aggregator | Joining aggregated feature last_pulse_8h back to reference table
2026-04-13 15:32:11 | INFO     | src.events.aggregator | Feature last_pulse_8h aggregated and joined. Current reference table now has 2536039 rows and 4 columns.
2026-04-13 15:32:11 | INFO     | src.events.aggregator | --------------------------------------------------------------------------------
2026-04-13 15:32:11 | INFO     | src.events.aggregator | Aggregating feature last_resp_8h using last over last 480.0 minutes for events in Respirations
2026-04-13 15:32:17 | INFO     | src.events.aggregator | Joining aggregated feature last_resp_8h back to reference table
2026-04-13 15:32:18 | INFO     | src.events.aggregator | Feature last_resp_8h aggregated and joined. Current reference table now has 2536039 rows and 5 columns.
2026-04-13 15:32:18 | INFO     | src.events.aggregator | --------------------------------------------------------------------------------
2026-04-13 15:32:18 | INFO     | src.events.aggregator | Aggregating feature last_sbp_8h using last over last 480.0 minutes for events in Systolic Blood Pressure
2026-04-13 15:32:21 | INFO     | src.events.aggregator | Joining aggregated feature last_sbp_8h back to reference table
2026-04-13 15:32:21 | INFO     | src.events.aggregator | Feature last_sbp_8h aggregated and joined. Current reference table now has 2536039 rows and 6 columns.
2026-04-13 15:32:21 | INFO     | src.events.aggregator | --------------------------------------------------------------------------------
2026-04-13 15:32:21 | INFO     | src.events.aggregator | Aggregating feature last_map_8h using last over last 480.0 minutes for events in Arterial Blood Pressure Mean
2026-04-13 15:32:24 | INFO     | src.events.aggregator | Joining aggregated feature last_map_8h back to reference table
2026-04-13 15:32:24 | INFO     | src.events.aggregator | Feature last_map_8h aggregated and joined. Current reference table now has 2536039 rows and 7 columns.
2026-04-13 15:32:24 | INFO     | src.events.aggregator | --------------------------------------------------------------------------------
2026-04-13 15:32:24 | INFO     | src.events.aggregator | Aggregating feature last_wbc_12h using last over last 720.0 minutes for events in WBC
2026-04-13 15:32:25 | INFO     | src.events.aggregator | Joining aggregated feature last_wbc_12h back to reference table
2026-04-13 15:32:25 | INFO     | src.events.aggregator | Feature last_wbc_12h aggregated and joined. Current reference table now has 2536039 rows and 8 columns.
2026-04-13 15:32:25 | INFO     | src.events.aggregator | --------------------------------------------------------------------------------
2026-04-13 15:32:25 | INFO     | src.events.aggregator | Aggregating feature last_creatinine_12h using last over last 720.0 minutes for events in Creatinine
2026-04-13 15:32:26 | INFO     | src.events.aggregator | Joining aggregated feature last_creatinine_12h back to reference table
2026-04-13 15:32:26 | INFO     | src.events.aggregator | Feature last_creatinine_12h aggregated and joined. Current reference table now has 2536039 rows and 9 columns.
2026-04-13 15:32:26 | INFO     | src.events.aggregator | --------------------------------------------------------------------------------
2026-04-13 15:32:26 | INFO     | src.events.aggregator | Aggregating feature last_egfr_12h using last over last 720.0 minutes for events in eGFR
2026-04-13 15:32:27 | INFO     | src.events.aggregator | Joining aggregated feature last_egfr_12h back to reference table
2026-04-13 15:32:27 | INFO     | src.events.aggregator | Feature last_egfr_12h aggregated and joined. Current reference table now has 2536039 rows and 10 columns.
2026-04-13 15:32:27 | INFO     | src.events.aggregator | --------------------------------------------------------------------------------
2026-04-13 15:32:27 | INFO     | src.events.aggregator | Aggregating feature last_bilirubin_12h using last over last 720.0 minutes for events in Bilirubin
2026-04-13 15:32:28 | INFO     | src.events.aggregator | Joining aggregated feature last_bilirubin_12h back to reference table
2026-04-13 15:32:28 | INFO     | src.events.aggregator | Feature last_bilirubin_12h aggregated and joined. Current reference table now has 2536039 rows and 11 columns.
2026-04-13 15:32:28 | INFO     | src.events.aggregator | --------------------------------------------------------------------------------
2026-04-13 15:32:28 | INFO     | src.events.aggregator | Aggregating feature last_lactate_6h using last over last 360.0 minutes for events in Lactate
2026-04-13 15:32:29 | INFO     | src.events.aggregator | Joining aggregated feature last_lactate_6h back to reference table
2026-04-13 15:32:29 | INFO     | src.events.aggregator | Feature last_lactate_6h aggregated and joined. Current reference table now has 2536039 rows and 12 columns.
2026-04-13 15:32:29 | INFO     | src.events.aggregator | --------------------------------------------------------------------------------
2026-04-13 15:32:29 | INFO     | src.events.aggregator | Aggregating feature last_platelets_24h using last over last 1440.0 minutes for events in Platelets
2026-04-13 15:32:30 | INFO     | src.events.aggregator | Joining aggregated feature last_platelets_24h back to reference table
2026-04-13 15:32:30 | INFO     | src.events.aggregator | Feature last_platelets_24h aggregated and joined. Current reference table now has 2536039 rows and 13 columns.
2026-04-13 15:32:30 | INFO     | src.events.aggregator | --------------------------------------------------------------------------------
2026-04-13 15:32:30 | INFO     | src.events.aggregator | Aggregating feature last_inr_12h using last over last 720.0 minutes for events in INR
2026-04-13 15:32:31 | INFO     | src.events.aggregator | Joining aggregated feature last_inr_12h back to reference table
2026-04-13 15:32:31 | INFO     | src.events.aggregator | Feature last_inr_12h aggregated and joined. Current reference table now has 2536039 rows and 14 columns.
2026-04-13 15:32:31 | INFO     | src.events.aggregator | --------------------------------------------------------------------------------
2026-04-13 15:32:31 | INFO     | src.events.aggregator | Aggregating feature last_aptt_24h using last over last 1440.0 minutes for events in APTT
2026-04-13 15:32:31 | INFO     | src.events.aggregator | Joining aggregated feature last_aptt_24h back to reference table
2026-04-13 15:32:31 | INFO     | src.events.aggregator | Feature last_aptt_24h aggregated and joined. Current reference table now has 2536039 rows and 15 columns.
2026-04-13 15:32:31 | INFO     | src.events.aggregator | --------------------------------------------------------------------------------
2026-04-13 15:32:31 | INFO     | src.events.aggregator | Aggregating feature last_gcs_12h using last over last 720.0 minutes for events in Glasgow Coma Score
2026-04-13 15:32:33 | INFO     | src.events.aggregator | Joining aggregated feature last_gcs_12h back to reference table
2026-04-13 15:32:33 | INFO     | src.events.aggregator | Feature last_gcs_12h aggregated and joined. Current reference table now has 2536039 rows and 16 columns.
2026-04-13 15:32:33 | INFO     | src.events.aggregator | --------------------------------------------------------------------------------
2026-04-13 15:32:33 | INFO     | src.events.aggregator | Aggregating feature last_vasopressin_24h using last over last 1440.0 minutes for events in Vasopressin
2026-04-13 15:32:34 | INFO     | src.events.aggregator | Joining aggregated feature last_vasopressin_24h back to reference table
2026-04-13 15:32:34 | INFO     | src.events.aggregator | Feature last_vasopressin_24h aggregated and joined. Current reference table now has 2536039 rows and 17 columns.
2026-04-13 15:32:34 | INFO     | src.events.aggregator | --------------------------------------------------------------------------------
2026-04-13 15:32:34 | INFO     | src.events.aggregator | Aggregating feature last_phenylephrine_24h using last over last 1440.0 minutes for events in Phenylephrine
2026-04-13 15:32:35 | INFO     | src.events.aggregator | Joining aggregated feature last_phenylephrine_24h back to reference table
2026-04-13 15:32:35 | INFO     | src.events.aggregator | Feature last_phenylephrine_24h aggregated and joined. Current reference table now has 2536039 rows and 18 columns.
2026-04-13 15:32:35 | INFO     | src.events.aggregator | --------------------------------------------------------------------------------
2026-04-13 15:32:35 | INFO     | src.events.aggregator | Aggregating feature last_norepinephrine_24h using last over last 1440.0 minutes for events in Norepinephrine
2026-04-13 15:32:35 | INFO     | src.events.aggregator | Joining aggregated feature last_norepinephrine_24h back to reference table
2026-04-13 15:32:35 | INFO     | src.events.aggregator | Feature last_norepinephrine_24h aggregated and joined. Current reference table now has 2536039 rows and 19 columns.
2026-04-13 15:32:35 | INFO     | src.events.aggregator | --------------------------------------------------------------------------------
2026-04-13 15:32:35 | INFO     | src.events.aggregator | Aggregating feature last_epinephrine_24h using last over last 1440.0 minutes for events in Epinephrine
2026-04-13 15:32:36 | INFO     | src.events.aggregator | Joining aggregated feature last_epinephrine_24h back to reference table
2026-04-13 15:32:36 | INFO     | src.events.aggregator | Feature last_epinephrine_24h aggregated and joined. Current reference table now has 2536039 rows and 20 columns.
2026-04-13 15:32:36 | INFO     | src.events.aggregator | --------------------------------------------------------------------------------
2026-04-13 15:32:36 | INFO     | src.events.aggregator | All features aggregated and joined back to reference table.
2026-04-13 15:32:36 | INFO     | __main__ | Aggregated features saved. Saving dataframe to ../Sepsis-data/data/output/raw_data_phase2_v2/df_agg.parquet
2026-04-13 15:32:36 | INFO     | __main__ | =================================================================================
2026-04-13 15:32:37 | INFO     | src.events.ventprocessor | Computing Vent Status
2026-04-13 15:32:37 | INFO     | src.events.ventprocessor | Joining vent events to the aggregated table from EventAggregator
2026-04-13 15:32:41 | INFO     | __main__ | Aggregated features with vent status saved. Saving dataframe to ../Sepsis-data/data/output/raw_data_phase2_v2/df_agg_vent.parquet
2026-04-13 15:32:41 | INFO     | __main__ | =================================================================================
2026-04-13 15:32:41 | INFO     | __main__ | Joining baseline values to aggregated dataframe. Baseline columns: ['Baseline_Creatinine', 'Baseline_eGFR', 'Baseline_Bilirubin', 'Baseline_Platelets', 'Baseline_SBP', 'Baseline_RespiratoryRate', 'Baseline_PulseRate', 'Baseline_WBC']
2026-04-13 15:32:43 | INFO     | src.events.organdysfunction.organdysfunction | (IF needed) Joining baseline values to aggregated dataframe for organ dysfunction calculation.
2026-04-13 15:32:43 | INFO     | src.events.organdysfunction.organdysfunction | Calculating pulmonary dysfunction flag.
2026-04-13 15:32:43 | INFO     | src.events.organdysfunction.organdysfunction | ----------------------------------------------------------------------------------
2026-04-13 15:32:43 | INFO     | src.events.organdysfunction.organdysfunction | Calculating coagulation dysfunction flag.
2026-04-13 15:32:43 | INFO     | src.events.organdysfunction.organdysfunction | ----------------------------------------------------------------------------------
2026-04-13 15:32:43 | INFO     | src.events.organdysfunction.organdysfunction | Calculating cardiovascular dysfunction flag.
2026-04-13 15:32:43 | INFO     | src.events.organdysfunction.organdysfunction | ----------------------------------------------------------------------------------
2026-04-13 15:32:43 | INFO     | src.events.organdysfunction.organdysfunction | Calculating renal dysfunction flag.
2026-04-13 15:32:43 | INFO     | src.events.organdysfunction.organdysfunction | ----------------------------------------------------------------------------------
2026-04-13 15:32:43 | INFO     | src.events.organdysfunction.organdysfunction | Calculating hepatic dysfunction flag.
2026-04-13 15:32:43 | INFO     | src.events.organdysfunction.organdysfunction | ----------------------------------------------------------------------------------
2026-04-13 15:32:43 | INFO     | src.events.organdysfunction.organdysfunction | Calculating neurological dysfunction flag.
2026-04-13 15:32:43 | INFO     | src.events.organdysfunction.organdysfunction | ----------------------------------------------------------------------------------
2026-04-13 15:32:43 | INFO     | src.events.organdysfunction.organdysfunction | Joining organ dysfunction flag dataframes to create final organ dysfunction dataframe.
2026-04-13 15:32:45 | INFO     | src.events.organdysfunction.organdysfunction | All flag frames are the same length and have the same indices.
2026-04-13 15:32:45 | INFO     | src.events.organdysfunction.organdysfunction | ----------------------------------------------------------------------------------
2026-04-13 15:32:45 | INFO     | src.events.organdysfunction.organdysfunction | Calculating total organ dysfunction flag by summing individual organ dysfunction flags.
2026-04-13 15:32:45 | INFO     | __main__ | Organ dysfunction labels saved. Saving dataframe to ../Sepsis-data/data/output/raw_data_phase2_v2/df_organdysfunction.parquet
2026-04-13 15:32:45 | INFO     | __main__ | =================================================================================
2026-04-13 15:32:45 | INFO     | src.events.septicshock | Calculating septic shock criteria.
2026-04-13 15:32:45 | INFO     | src.events.septicshock | Calculating SBP<90 flag for septic shock criteria.
2026-04-13 15:32:45 | INFO     | src.events.septicshock | Calculating SBP delta>40 flag for septic shock criteria.
2026-04-13 15:32:45 | INFO     | src.events.septicshock | -----------------------------------------------------------------------------------
2026-04-13 15:32:45 | INFO     | src.events.septicshock | Calculating MAP<65 flag for septic shock criteria.
2026-04-13 15:32:45 | INFO     | src.events.septicshock | -----------------------------------------------------------------------------------
2026-04-13 15:32:45 | INFO     | src.events.septicshock | Calculating lactate>4 flag for septic shock criteria.
2026-04-13 15:32:45 | INFO     | src.events.septicshock | -----------------------------------------------------------------------------------
2026-04-13 15:32:45 | INFO     | src.events.septicshock | Calculating vasopressor flag for septic shock criteria.
2026-04-13 15:32:45 | INFO     | src.events.septicshock | -----------------------------------------------------------------------------------
2026-04-13 15:32:45 | INFO     | __main__ | Septic shock labels saved. Saving dataframe to ../Sepsis-data/data/output/raw_data_phase2_v2/df_septicshock.parquet
2026-04-13 15:32:45 | INFO     | __main__ | Loading dataframes from ../Sepsis-data/data/output/raw_data_phase2_v2
2026-04-13 15:33:24 | INFO     | __main__ | Sepsis 1 labels saved. Saving dataframe to ../Sepsis-data/data/output/raw_data_phase2_v2/df_sepsis1.parquet
2026-04-13 15:33:24 | INFO     | __main__ | Sepsis 2 labels saved. Saving dataframe to ../Sepsis-data/data/output/raw_data_phase2_v2/df_sepsis2.parquet
2026-04-13 15:33:24 | INFO     | __main__ | Sepsis 3 labels saved. Saving dataframe to ../Sepsis-data/data/output/raw_data_phase2_v2/df_sepsis3.parquet
2026-04-13 15:33:24 | INFO     | __main__ | =================================================================================
2026-04-13 15:34:00 | INFO     | __main__ | Loading dataframes from ../Sepsis-data/data/output/raw_data_phase2_v2
2026-04-13 15:42:10 | INFO     | __main__ | Loading dataframes from ../Sepsis-data/data/output/raw_data_phase2_v2
2026-04-13 15:46:21 | INFO     | __main__ | Loading dataframes from ../Sepsis-data/data/output/raw_data_phase2_v2
2026-04-13 15:46:41 | INFO     | __main__ | Loading dataframes from ../Sepsis-data/data/output/raw_data_phase2_v2
2026-04-13 15:51:15 | INFO     | __main__ | Loading dataframes from ../Sepsis-data/data/output/raw_data_phase2_v2
2026-04-13 15:51:53 | INFO     | __main__ | Loading dataframes from ../Sepsis-data/data/output/raw_data_phase2_v2
2026-04-13 16:31:23 | INFO     | __main__ | Loading dataframes from ../Sepsis-data/data/output/raw_data_phase2_v2
2026-04-13 16:31:24 | INFO     | src.events.analysis | Loading dataframes from ../Sepsis-data/data/output/raw_data_phase2_v2
2026-04-13 16:37:14 | INFO     | __main__ | Loading dataframes from ../Sepsis-data/data/output/raw_data_phase2_v2
2026-04-13 16:37:15 | INFO     | src.events.analysis | Loading dataframes from ../Sepsis-data/data/output/raw_data_phase2_v2
2026-04-13 16:40:32 | INFO     | __main__ | Loading dataframes from ../Sepsis-data/data/output/raw_data_phase2_v2
2026-04-13 16:40:33 | INFO     | src.events.analysis | Loading dataframes from ../Sepsis-data/data/output/raw_data_phase2_v2
2026-04-13 16:42:13 | INFO     | __main__ | Loading dataframes from ../Sepsis-data/data/output/raw_data_phase2_v2
2026-04-13 16:42:14 | INFO     | src.events.analysis | Loading dataframes from ../Sepsis-data/data/output/raw_data_phase2_v2
2026-04-13 17:03:21 | INFO     | __main__ | Loading dataframes from ../Sepsis-data/data/output/raw_data_phase2_v2
2026-04-13 17:03:22 | INFO     | src.events.analysis | Loading dataframes from ../Sepsis-data/data/output/raw_data_phase2_v2
2026-04-13 17:04:31 | INFO     | __main__ | Loading dataframes from ../Sepsis-data/data/output/raw_data_phase2_v2
2026-04-13 17:04:32 | INFO     | src.events.analysis | Loading dataframes from ../Sepsis-data/data/output/raw_data_phase2_v2
2026-04-13 17:04:54 | INFO     | __main__ | Loading dataframes from ../Sepsis-data/data/output/raw_data_phase2_v2
2026-04-13 17:04:55 | INFO     | src.events.analysis | Loading dataframes from ../Sepsis-data/data/output/raw_data_phase2_v2
2026-04-13 17:08:01 | INFO     | __main__ | Loading dataframes from ../Sepsis-data/data/output/raw_data_phase2_v2
2026-04-13 17:08:02 | INFO     | src.events.analysis | Loading dataframes from ../Sepsis-data/data/output/raw_data_phase2_v2
2026-04-13 17:08:26 | INFO     | __main__ | Loading dataframes from ../Sepsis-data/data/output/raw_data_phase2_v2
2026-04-13 17:08:27 | INFO     | src.events.analysis | Loading dataframes from ../Sepsis-data/data/output/raw_data_phase2_v2
2026-04-13 19:37:42 | INFO     | src.dataloader | Loading data from ../Sepsis-data/data/raw_data_phase2_v2
2026-04-13 19:37:43 | INFO     | src.dataloader | Data loaded. Shapes: lab_res=(1356486, 8), flowsheets=(6646460, 8), med_admin=(270921, 8), procedures=(118629, 8), baseline=(3982, 38), diagnosis=(441520, 8)
2026-04-13 19:37:43 | INFO     | src.dataloader | --------------------------------------------------------------------------------
2026-04-13 19:37:43 | INFO     | src.dataloader | Data type casting completed.
2026-04-13 19:37:44 | INFO     | src.dataloader | Concatenated all data into a single DataFrame with shape (8834016, 46) and columns ['EncounterEpicCsn', 'Event_DateTime', 'Type', 'Event_Grouper', 'Event_Name', 'NumericValue', 'Value', 'Flag', 'PrimaryMrn', 'EncounterEpicCsn_right', 'AdmissionDateValue', 'DischargeDateValue', 'Arrival_Instant', 'InpatientAdmissionInstant', 'Admitted_from_ED', 'PatientClass', 'InpatientAdmissionPatientClass', 'HospitalService', 'LengthOfStayInDays', 'AdmittingDepartment', 'DischargeDepartment', 'AdmissionType', 'AdmissionSource', 'AdmissionOrigin', 'PrincipalProblem', 'PrimaryCodedDiagnosis', 'PrimaryCodedProcedureKey', 'Death_Flag', 'Original_POA_Condition', 'Sepsis_Category', 'Baseline_SBP', 'Baseline_RespiratoryRate', 'Baseline_PulseRate', 'Baseline_Creatinine', 'Baseline_Platelets', 'Baseline_Bilirubin', 'Baseline_eGFR', 'Baseline_WBC', 'First_Suspected_Infection_Time', 'Suspected_Infection_Criteria_Met', 'Cancer_Registry_YN', 'HIV_Registry_YN', 'Immunocrompromised_Registry_YN', 'CKD_Dialysis_Registry_YN', 'Solid_Organ_Transplant_Registry_YN', 'Pregnancy_Registry_YN']
2026-04-13 19:37:47 | INFO     | src.dataloader | Dropped duplicate rows. Before: 8834016, After: 8814652, Dropped: 19364
2026-04-13 19:37:47 | INFO     | src.dataloader | Filtering out rows with null EncounterEpicCsn or Event_DateTime
2026-04-13 19:37:47 | INFO     | src.dataloader | After filtering, df_all has shape (8814652, 46)
2026-04-13 19:37:47 | INFO     | __main__ | Initial data loaded. Saving dataframe to ../Sepsis-data/data/output/raw_data_phase2_v2/df_all.parquet
2026-04-13 19:37:48 | INFO     | __main__ | =================================================================================
2026-04-13 19:37:48 | INFO     | src.events.infectiondetection | Detecting infection with antibiotic and culture criteria
2026-04-13 19:37:48 | INFO     | src.events.infectiondetection | Detected 7890 infections with antibiotic and culture criteria
2026-04-13 19:37:48 | INFO     | src.events.infectiondetection | Detecting infection with lactate and culture criteria
2026-04-13 19:37:50 | INFO     | src.events.infectiondetection | Detected 6646 infections with lactate and culture criteria
2026-04-13 19:37:50 | INFO     | src.events.infectiondetection | Detecting infection with code sepsis order criteria
2026-04-13 19:37:50 | INFO     | src.events.infectiondetection | Detected 1682 infections with code sepsis order criteria
2026-04-13 19:37:50 | INFO     | src.events.infectiondetection | Detecting infection with suspected infection criteria
2026-04-13 19:37:50 | INFO     | src.events.infectiondetection | Detected 901 infections with suspected infection criteria
2026-04-13 19:37:50 | INFO     | src.events.infectiondetection | --------------------------------------------------------------------------------
2026-04-13 19:37:50 | INFO     | src.events.infectiondetection | Combining infection detection results from all criteria
2026-04-13 19:37:50 | INFO     | src.events.infectiondetection | Combined infection detection results has 17119 rows and columns: ['EncounterEpicCsn', 'criterion', 'infect_dt', 'suspicion_infection_type']
2026-04-13 19:37:50 | INFO     | __main__ | Infection data detected. Saving dataframe to ../Sepsis-data/data/output/raw_data_phase2_v2/df_infect_long.parquet
2026-04-13 19:37:50 | INFO     | __main__ | =================================================================================
2026-04-13 19:37:53 | INFO     | __main__ | SIRS flags calculated. Saving dataframe to ../Sepsis-data/data/output/raw_data_phase2_v2/df_sirs.parquet
2026-04-13 19:37:53 | INFO     | __main__ | =================================================================================
2026-04-13 19:37:54 | INFO     | src.events.aggregator | Created reference table with 2536039 rows based on unique combinations of EncounterEpicCsn and Event_DateTime
2026-04-13 19:37:54 | INFO     | src.events.aggregator | Aggregating feature last_temp_8h using last over last 480.0 minutes for events in Temperature
2026-04-13 19:37:56 | INFO     | src.events.aggregator | Joining aggregated feature last_temp_8h back to reference table
2026-04-13 19:37:56 | INFO     | src.events.aggregator | Feature last_temp_8h aggregated and joined. Current reference table now has 2536039 rows and 3 columns.
2026-04-13 19:37:56 | INFO     | src.events.aggregator | --------------------------------------------------------------------------------
2026-04-13 19:37:56 | INFO     | src.events.aggregator | Aggregating feature last_pulse_8h using last over last 480.0 minutes for events in Pulse
2026-04-13 19:38:04 | INFO     | src.events.aggregator | Joining aggregated feature last_pulse_8h back to reference table
2026-04-13 19:38:04 | INFO     | src.events.aggregator | Feature last_pulse_8h aggregated and joined. Current reference table now has 2536039 rows and 4 columns.
2026-04-13 19:38:04 | INFO     | src.events.aggregator | --------------------------------------------------------------------------------
2026-04-13 19:38:04 | INFO     | src.events.aggregator | Aggregating feature last_resp_8h using last over last 480.0 minutes for events in Respirations
2026-04-13 19:38:11 | INFO     | src.events.aggregator | Joining aggregated feature last_resp_8h back to reference table
2026-04-13 19:38:11 | INFO     | src.events.aggregator | Feature last_resp_8h aggregated and joined. Current reference table now has 2536039 rows and 5 columns.
2026-04-13 19:38:11 | INFO     | src.events.aggregator | --------------------------------------------------------------------------------
2026-04-13 19:38:11 | INFO     | src.events.aggregator | Aggregating feature last_sbp_8h using last over last 480.0 minutes for events in Systolic Blood Pressure
2026-04-13 19:38:14 | INFO     | src.events.aggregator | Joining aggregated feature last_sbp_8h back to reference table
2026-04-13 19:38:14 | INFO     | src.events.aggregator | Feature last_sbp_8h aggregated and joined. Current reference table now has 2536039 rows and 6 columns.
2026-04-13 19:38:14 | INFO     | src.events.aggregator | --------------------------------------------------------------------------------
2026-04-13 19:38:14 | INFO     | src.events.aggregator | Aggregating feature last_map_8h using last over last 480.0 minutes for events in Arterial Blood Pressure Mean
2026-04-13 19:38:18 | INFO     | src.events.aggregator | Joining aggregated feature last_map_8h back to reference table
2026-04-13 19:38:18 | INFO     | src.events.aggregator | Feature last_map_8h aggregated and joined. Current reference table now has 2536039 rows and 7 columns.
2026-04-13 19:38:18 | INFO     | src.events.aggregator | --------------------------------------------------------------------------------
2026-04-13 19:38:18 | INFO     | src.events.aggregator | Aggregating feature last_wbc_12h using last over last 720.0 minutes for events in WBC
2026-04-13 19:38:19 | INFO     | src.events.aggregator | Joining aggregated feature last_wbc_12h back to reference table
2026-04-13 19:38:19 | INFO     | src.events.aggregator | Feature last_wbc_12h aggregated and joined. Current reference table now has 2536039 rows and 8 columns.
2026-04-13 19:38:19 | INFO     | src.events.aggregator | --------------------------------------------------------------------------------
2026-04-13 19:38:19 | INFO     | src.events.aggregator | Aggregating feature last_creatinine_12h using last over last 720.0 minutes for events in Creatinine
2026-04-13 19:38:20 | INFO     | src.events.aggregator | Joining aggregated feature last_creatinine_12h back to reference table
2026-04-13 19:38:20 | INFO     | src.events.aggregator | Feature last_creatinine_12h aggregated and joined. Current reference table now has 2536039 rows and 9 columns.
2026-04-13 19:38:20 | INFO     | src.events.aggregator | --------------------------------------------------------------------------------
2026-04-13 19:38:20 | INFO     | src.events.aggregator | Aggregating feature last_egfr_12h using last over last 720.0 minutes for events in eGFR
2026-04-13 19:38:21 | INFO     | src.events.aggregator | Joining aggregated feature last_egfr_12h back to reference table
2026-04-13 19:38:21 | INFO     | src.events.aggregator | Feature last_egfr_12h aggregated and joined. Current reference table now has 2536039 rows and 10 columns.
2026-04-13 19:38:21 | INFO     | src.events.aggregator | --------------------------------------------------------------------------------
2026-04-13 19:38:21 | INFO     | src.events.aggregator | Aggregating feature last_bilirubin_12h using last over last 720.0 minutes for events in Bilirubin
2026-04-13 19:38:21 | INFO     | src.events.aggregator | Joining aggregated feature last_bilirubin_12h back to reference table
2026-04-13 19:38:21 | INFO     | src.events.aggregator | Feature last_bilirubin_12h aggregated and joined. Current reference table now has 2536039 rows and 11 columns.
2026-04-13 19:38:21 | INFO     | src.events.aggregator | --------------------------------------------------------------------------------
2026-04-13 19:38:21 | INFO     | src.events.aggregator | Aggregating feature last_lactate_6h using last over last 360.0 minutes for events in Lactate
2026-04-13 19:38:22 | INFO     | src.events.aggregator | Joining aggregated feature last_lactate_6h back to reference table
2026-04-13 19:38:22 | INFO     | src.events.aggregator | Feature last_lactate_6h aggregated and joined. Current reference table now has 2536039 rows and 12 columns.
2026-04-13 19:38:22 | INFO     | src.events.aggregator | --------------------------------------------------------------------------------
2026-04-13 19:38:22 | INFO     | src.events.aggregator | Aggregating feature last_platelets_24h using last over last 1440.0 minutes for events in Platelets
2026-04-13 19:38:23 | INFO     | src.events.aggregator | Joining aggregated feature last_platelets_24h back to reference table
2026-04-13 19:38:23 | INFO     | src.events.aggregator | Feature last_platelets_24h aggregated and joined. Current reference table now has 2536039 rows and 13 columns.
2026-04-13 19:38:23 | INFO     | src.events.aggregator | --------------------------------------------------------------------------------
2026-04-13 19:38:23 | INFO     | src.events.aggregator | Aggregating feature last_inr_12h using last over last 720.0 minutes for events in INR
2026-04-13 19:38:24 | INFO     | src.events.aggregator | Joining aggregated feature last_inr_12h back to reference table
2026-04-13 19:38:24 | INFO     | src.events.aggregator | Feature last_inr_12h aggregated and joined. Current reference table now has 2536039 rows and 14 columns.
2026-04-13 19:38:24 | INFO     | src.events.aggregator | --------------------------------------------------------------------------------
2026-04-13 19:38:24 | INFO     | src.events.aggregator | Aggregating feature last_aptt_24h using last over last 1440.0 minutes for events in APTT
2026-04-13 19:38:24 | INFO     | src.events.aggregator | Joining aggregated feature last_aptt_24h back to reference table
2026-04-13 19:38:24 | INFO     | src.events.aggregator | Feature last_aptt_24h aggregated and joined. Current reference table now has 2536039 rows and 15 columns.
2026-04-13 19:38:24 | INFO     | src.events.aggregator | --------------------------------------------------------------------------------
2026-04-13 19:38:24 | INFO     | src.events.aggregator | Aggregating feature last_gcs_12h using last over last 720.0 minutes for events in Glasgow Coma Score
2026-04-13 19:38:26 | INFO     | src.events.aggregator | Joining aggregated feature last_gcs_12h back to reference table
2026-04-13 19:38:26 | INFO     | src.events.aggregator | Feature last_gcs_12h aggregated and joined. Current reference table now has 2536039 rows and 16 columns.
2026-04-13 19:38:26 | INFO     | src.events.aggregator | --------------------------------------------------------------------------------
2026-04-13 19:38:26 | INFO     | src.events.aggregator | Aggregating feature last_vasopressin_24h using last over last 1440.0 minutes for events in Vasopressin
2026-04-13 19:38:27 | INFO     | src.events.aggregator | Joining aggregated feature last_vasopressin_24h back to reference table
2026-04-13 19:38:27 | INFO     | src.events.aggregator | Feature last_vasopressin_24h aggregated and joined. Current reference table now has 2536039 rows and 17 columns.
2026-04-13 19:38:27 | INFO     | src.events.aggregator | --------------------------------------------------------------------------------
2026-04-13 19:38:27 | INFO     | src.events.aggregator | Aggregating feature last_phenylephrine_24h using last over last 1440.0 minutes for events in Phenylephrine
2026-04-13 19:38:27 | INFO     | src.events.aggregator | Joining aggregated feature last_phenylephrine_24h back to reference table
2026-04-13 19:38:27 | INFO     | src.events.aggregator | Feature last_phenylephrine_24h aggregated and joined. Current reference table now has 2536039 rows and 18 columns.
2026-04-13 19:38:27 | INFO     | src.events.aggregator | --------------------------------------------------------------------------------
2026-04-13 19:38:27 | INFO     | src.events.aggregator | Aggregating feature last_norepinephrine_24h using last over last 1440.0 minutes for events in Norepinephrine
2026-04-13 19:38:28 | INFO     | src.events.aggregator | Joining aggregated feature last_norepinephrine_24h back to reference table
2026-04-13 19:38:28 | INFO     | src.events.aggregator | Feature last_norepinephrine_24h aggregated and joined. Current reference table now has 2536039 rows and 19 columns.
2026-04-13 19:38:28 | INFO     | src.events.aggregator | --------------------------------------------------------------------------------
2026-04-13 19:38:28 | INFO     | src.events.aggregator | Aggregating feature last_epinephrine_24h using last over last 1440.0 minutes for events in Epinephrine
2026-04-13 19:38:29 | INFO     | src.events.aggregator | Joining aggregated feature last_epinephrine_24h back to reference table
2026-04-13 19:38:29 | INFO     | src.events.aggregator | Feature last_epinephrine_24h aggregated and joined. Current reference table now has 2536039 rows and 20 columns.
2026-04-13 19:38:29 | INFO     | src.events.aggregator | --------------------------------------------------------------------------------
2026-04-13 19:38:29 | INFO     | src.events.aggregator | All features aggregated and joined back to reference table.
2026-04-13 19:38:29 | INFO     | __main__ | Aggregated features saved. Saving dataframe to ../Sepsis-data/data/output/raw_data_phase2_v2/df_agg.parquet
2026-04-13 19:38:29 | INFO     | __main__ | =================================================================================
2026-04-13 19:38:29 | INFO     | src.events.ventprocessor | Computing Vent Status
2026-04-13 19:38:29 | INFO     | src.events.ventprocessor | Joining vent events to the aggregated table from EventAggregator
2026-04-13 19:38:33 | INFO     | __main__ | Aggregated features with vent status saved. Saving dataframe to ../Sepsis-data/data/output/raw_data_phase2_v2/df_agg_vent.parquet
2026-04-13 19:38:33 | INFO     | __main__ | =================================================================================
2026-04-13 19:38:33 | INFO     | __main__ | Joining baseline values to aggregated dataframe. Baseline columns: ['Baseline_Creatinine', 'Baseline_eGFR', 'Baseline_Bilirubin', 'Baseline_Platelets', 'Baseline_SBP', 'Baseline_RespiratoryRate', 'Baseline_PulseRate', 'Baseline_WBC']
2026-04-13 19:38:35 | INFO     | src.events.organdysfunction.organdysfunction | (IF needed) Joining baseline values to aggregated dataframe for organ dysfunction calculation.
2026-04-13 19:38:36 | INFO     | src.events.organdysfunction.organdysfunction | Calculating pulmonary dysfunction flag.
2026-04-13 19:38:36 | INFO     | src.events.organdysfunction.organdysfunction | ----------------------------------------------------------------------------------
2026-04-13 19:38:36 | INFO     | src.events.organdysfunction.organdysfunction | Calculating coagulation dysfunction flag.
2026-04-13 19:38:36 | INFO     | src.events.organdysfunction.organdysfunction | ----------------------------------------------------------------------------------
2026-04-13 19:38:36 | INFO     | src.events.organdysfunction.organdysfunction | Calculating cardiovascular dysfunction flag.
2026-04-13 19:38:36 | INFO     | src.events.organdysfunction.organdysfunction | ----------------------------------------------------------------------------------
2026-04-13 19:38:36 | INFO     | src.events.organdysfunction.organdysfunction | Calculating renal dysfunction flag.
2026-04-13 19:38:36 | INFO     | src.events.organdysfunction.organdysfunction | ----------------------------------------------------------------------------------
2026-04-13 19:38:36 | INFO     | src.events.organdysfunction.organdysfunction | Calculating hepatic dysfunction flag.
2026-04-13 19:38:36 | INFO     | src.events.organdysfunction.organdysfunction | ----------------------------------------------------------------------------------
2026-04-13 19:38:36 | INFO     | src.events.organdysfunction.organdysfunction | Calculating neurological dysfunction flag.
2026-04-13 19:38:36 | INFO     | src.events.organdysfunction.organdysfunction | ----------------------------------------------------------------------------------
2026-04-13 19:38:36 | INFO     | src.events.organdysfunction.organdysfunction | Joining organ dysfunction flag dataframes to create final organ dysfunction dataframe.
2026-04-13 19:38:37 | INFO     | src.events.organdysfunction.organdysfunction | All flag frames are the same length and have the same indices.
2026-04-13 19:38:37 | INFO     | src.events.organdysfunction.organdysfunction | ----------------------------------------------------------------------------------
2026-04-13 19:38:37 | INFO     | src.events.organdysfunction.organdysfunction | Calculating total organ dysfunction flag by summing individual organ dysfunction flags.
2026-04-13 19:38:37 | INFO     | __main__ | Organ dysfunction labels saved. Saving dataframe to ../Sepsis-data/data/output/raw_data_phase2_v2/df_organdysfunction.parquet
2026-04-13 19:38:37 | INFO     | __main__ | =================================================================================
2026-04-13 19:38:37 | INFO     | src.events.septicshock | Calculating septic shock criteria.
2026-04-13 19:38:37 | INFO     | src.events.septicshock | Calculating SBP<90 flag for septic shock criteria.
2026-04-13 19:38:37 | INFO     | src.events.septicshock | Calculating SBP delta>40 flag for septic shock criteria.
2026-04-13 19:38:37 | INFO     | src.events.septicshock | -----------------------------------------------------------------------------------
2026-04-13 19:38:37 | INFO     | src.events.septicshock | Calculating MAP<65 flag for septic shock criteria.
2026-04-13 19:38:37 | INFO     | src.events.septicshock | -----------------------------------------------------------------------------------
2026-04-13 19:38:37 | INFO     | src.events.septicshock | Calculating lactate>4 flag for septic shock criteria.
2026-04-13 19:38:37 | INFO     | src.events.septicshock | -----------------------------------------------------------------------------------
2026-04-13 19:38:37 | INFO     | src.events.septicshock | Calculating vasopressor flag for septic shock criteria.
2026-04-13 19:38:37 | INFO     | src.events.septicshock | -----------------------------------------------------------------------------------
2026-04-13 19:38:37 | INFO     | __main__ | Septic shock labels saved. Saving dataframe to ../Sepsis-data/data/output/raw_data_phase2_v2/df_septicshock.parquet
2026-04-13 19:38:37 | INFO     | __main__ | Loading dataframes from ../Sepsis-data/data/output/raw_data_phase2_v2
2026-04-13 19:39:14 | INFO     | __main__ | Sepsis 1 labels saved. Saving dataframe to ../Sepsis-data/data/output/raw_data_phase2_v2/df_sepsis1.parquet
2026-04-13 19:39:14 | INFO     | __main__ | Sepsis 2 labels saved. Saving dataframe to ../Sepsis-data/data/output/raw_data_phase2_v2/df_sepsis2.parquet
2026-04-13 19:39:14 | INFO     | __main__ | Sepsis 3 labels saved. Saving dataframe to ../Sepsis-data/data/output/raw_data_phase2_v2/df_sepsis3.parquet
2026-04-13 19:39:14 | INFO     | __main__ | =================================================================================
2026-04-13 19:39:40 | INFO     | __main__ | Loading dataframes from ../Sepsis-data/data/output/raw_data_phase2_v2
2026-04-13 19:39:41 | INFO     | src.events.analysis | Loading dataframes from ../Sepsis-data/data/output/raw_data_phase2_v2
2026-04-13 19:43:51 | INFO     | __main__ | Loading dataframes from ../Sepsis-data/data/output/raw_data_phase2_v2
2026-04-13 19:43:52 | INFO     | src.events.analysis | Loading dataframes from ../Sepsis-data/data/output/raw_data_phase2_v2
2026-04-13 19:44:20 | INFO     | __main__ | Loading dataframes from ../Sepsis-data/data/output/raw_data_phase2_v2
2026-04-13 19:44:21 | INFO     | src.events.analysis | Loading dataframes from ../Sepsis-data/data/output/raw_data_phase2_v2
2026-04-13 19:44:47 | INFO     | __main__ | Loading dataframes from ../Sepsis-data/data/output/raw_data_phase2_v2
2026-04-13 19:44:49 | INFO     | src.events.analysis | Loading dataframes from ../Sepsis-data/data/output/raw_data_phase2_v2
2026-04-13 19:47:01 | INFO     | __main__ | Loading dataframes from ../Sepsis-data/data/output/raw_data_phase2_v2
2026-04-13 19:47:03 | INFO     | src.events.analysis | Loading dataframes from ../Sepsis-data/data/output/raw_data_phase2_v2
2026-04-13 20:27:08 | INFO     | __main__ | Loading dataframes from ../Sepsis-data/data/output/raw_data_phase2_v2
2026-04-13 20:27:09 | INFO     | src.events.analysis | Loading dataframes from ../Sepsis-data/data/output/raw_data_phase2_v2
2026-04-13 20:50:51 | INFO     | __main__ | Loading dataframes from ../Sepsis-data/data/output/raw_data_phase2_v2
2026-04-13 20:50:52 | INFO     | src.events.analysis | Loading dataframes from ../Sepsis-data/data/output/raw_data_phase2_v2
2026-04-13 20:53:38 | INFO     | __main__ | Loading dataframes from ../Sepsis-data/data/output/raw_data_phase2_v2
2026-04-13 20:53:39 | INFO     | src.events.analysis | Loading dataframes from ../Sepsis-data/data/output/raw_data_phase2_v2
2026-04-13 20:55:22 | INFO     | __main__ | Loading dataframes from ../Sepsis-data/data/output/raw_data_phase2_v2
2026-04-13 20:55:23 | INFO     | src.events.analysis | Loading dataframes from ../Sepsis-data/data/output/raw_data_phase2_v2
2026-04-13 20:58:02 | INFO     | __main__ | Loading dataframes from ../Sepsis-data/data/output/raw_data_phase2_v2
2026-04-13 20:58:03 | INFO     | src.events.analysis | Loading dataframes from ../Sepsis-data/data/output/raw_data_phase2_v2
2026-04-13 20:59:27 | INFO     | __main__ | Loading dataframes from ../Sepsis-data/data/output/raw_data_phase2_v2
2026-04-13 20:59:28 | INFO     | src.events.analysis | Loading dataframes from ../Sepsis-data/data/output/raw_data_phase2_v2
2026-04-13 21:02:10 | INFO     | __main__ | Loading dataframes from ../Sepsis-data/data/output/raw_data_phase2_v2
2026-04-13 21:02:11 | INFO     | src.events.analysis | Loading dataframes from ../Sepsis-data/data/output/raw_data_phase2_v2
2026-04-13 21:49:49 | INFO     | __main__ | Loading dataframes from ../Sepsis-data/data/output/raw_data_phase2_v2
2026-04-13 21:49:50 | INFO     | src.events.analysis | Loading dataframes from ../Sepsis-data/data/output/raw_data_phase2_v2
2026-04-13 22:16:36 | INFO     | __main__ | Loading dataframes from ../Sepsis-data/data/output/raw_data_phase2_v2
2026-04-13 22:16:37 | INFO     | src.events.analysis | Loading dataframes from ../Sepsis-data/data/output/raw_data_phase2_v2
2026-04-13 22:32:03 | INFO     | __main__ | Loading dataframes from ../Sepsis-data/data/output/raw_data_phase2_v2
2026-04-13 22:32:04 | INFO     | src.events.analysis | Loading dataframes from ../Sepsis-data/data/output/raw_data_phase2_v2
2026-04-13 22:35:00 | INFO     | __main__ | Loading dataframes from ../Sepsis-data/data/output/raw_data_phase2_v2
2026-04-13 22:35:01 | INFO     | src.events.analysis | Loading dataframes from ../Sepsis-data/data/output/raw_data_phase2_v2
2026-04-13 22:43:17 | INFO     | __main__ | Loading dataframes from ../Sepsis-data/data/output/raw_data_phase2_v2
2026-04-13 22:43:18 | INFO     | src.events.analysis | Loading dataframes from ../Sepsis-data/data/output/raw_data_phase2_v2
2026-04-14 07:34:49 | INFO     | __main__ | Loading dataframes from ../Sepsis-data/data/output/raw_data_phase2_v2
2026-04-14 07:34:56 | INFO     | src.events.analysis | Loading dataframes from ../Sepsis-data/data/output/raw_data_phase2_v2
2026-04-14 07:35:50 | INFO     | __main__ | Loading dataframes from ../Sepsis-data/data/output/raw_data_phase2_v2
2026-04-14 07:35:51 | INFO     | src.events.analysis | Loading dataframes from ../Sepsis-data/data/output/raw_data_phase2_v2
2026-04-14 07:44:59 | INFO     | __main__ | Loading dataframes from ../Sepsis-data/data/output/raw_data_phase2_v2
2026-04-14 07:45:01 | INFO     | src.events.analysis | Loading dataframes from ../Sepsis-data/data/output/raw_data_phase2_v2
2026-04-14 07:59:18 | INFO     | __main__ | Loading dataframes from ../Sepsis-data/data/output/raw_data_phase2_v2
2026-04-14 07:59:20 | INFO     | src.events.analysis | Loading dataframes from ../Sepsis-data/data/output/raw_data_phase2_v2
2026-04-14 08:01:05 | INFO     | __main__ | Loading dataframes from ../Sepsis-data/data/output/raw_data_phase2_v2
2026-04-14 08:01:07 | INFO     | src.events.analysis | Loading dataframes from ../Sepsis-data/data/output/raw_data_phase2_v2
2026-04-14 08:03:28 | INFO     | __main__ | Loading dataframes from ../Sepsis-data/data/output/raw_data_phase2_v2
2026-04-14 08:03:30 | INFO     | src.events.analysis | Loading dataframes from ../Sepsis-data/data/output/raw_data_phase2_v2
2026-04-14 08:04:17 | INFO     | __main__ | Loading dataframes from ../Sepsis-data/data/output/raw_data_phase2_v2
2026-04-14 08:04:19 | INFO     | src.events.analysis | Loading dataframes from ../Sepsis-data/data/output/raw_data_phase2_v2
2026-04-14 08:05:18 | INFO     | __main__ | Loading dataframes from ../Sepsis-data/data/output/raw_data_phase2_v2
2026-04-14 08:05:20 | INFO     | src.events.analysis | Loading dataframes from ../Sepsis-data/data/output/raw_data_phase2_v2
2026-04-14 08:13:04 | INFO     | __main__ | Loading dataframes from ../Sepsis-data/data/output/raw_data_phase2_v2
2026-04-14 08:13:05 | INFO     | src.events.analysis | Loading dataframes from ../Sepsis-data/data/output/raw_data_phase2_v2
2026-04-14 08:16:23 | INFO     | __main__ | Loading dataframes from ../Sepsis-data/data/output/raw_data_phase2_v2
2026-04-14 08:16:25 | INFO     | src.events.analysis | Loading dataframes from ../Sepsis-data/data/output/raw_data_phase2_v2
2026-04-14 08:18:36 | INFO     | __main__ | Loading dataframes from ../Sepsis-data/data/output/raw_data_phase2_v2
2026-04-14 08:18:38 | INFO     | src.events.analysis | Loading dataframes from ../Sepsis-data/data/output/raw_data_phase2_v2
2026-04-14 08:19:44 | INFO     | __main__ | Loading dataframes from ../Sepsis-data/data/output/raw_data_phase2_v2
2026-04-14 08:19:46 | INFO     | src.events.analysis | Loading dataframes from ../Sepsis-data/data/output/raw_data_phase2_v2
2026-04-14 08:21:41 | INFO     | __main__ | Loading dataframes from ../Sepsis-data/data/output/raw_data_phase2_v2
2026-04-14 08:21:43 | INFO     | src.events.analysis | Loading dataframes from ../Sepsis-data/data/output/raw_data_phase2_v2
2026-04-14 08:24:06 | INFO     | __main__ | Loading dataframes from ../Sepsis-data/data/output/raw_data_phase2_v2
2026-04-14 08:24:08 | INFO     | src.events.analysis | Loading dataframes from ../Sepsis-data/data/output/raw_data_phase2_v2
2026-04-14 08:26:33 | INFO     | __main__ | Loading dataframes from ../Sepsis-data/data/output/raw_data_phase2_v2
2026-04-14 08:26:35 | INFO     | src.events.analysis | Loading dataframes from ../Sepsis-data/data/output/raw_data_phase2_v2
2026-04-14 08:27:02 | INFO     | __main__ | Loading dataframes from ../Sepsis-data/data/output/raw_data_phase2_v2
2026-04-14 08:27:04 | INFO     | src.events.analysis | Loading dataframes from ../Sepsis-data/data/output/raw_data_phase2_v2
2026-04-14 08:31:27 | INFO     | __main__ | Loading dataframes from ../Sepsis-data/data/output/raw_data_phase2_v2
2026-04-14 08:31:29 | INFO     | src.events.analysis | Loading dataframes from ../Sepsis-data/data/output/raw_data_phase2_v2
2026-04-14 08:34:28 | INFO     | __main__ | Loading dataframes from ../Sepsis-data/data/output/raw_data_phase2_v2
2026-04-14 08:34:30 | INFO     | src.events.analysis | Loading dataframes from ../Sepsis-data/data/output/raw_data_phase2_v2
2026-04-14 08:36:55 | INFO     | __main__ | Loading dataframes from ../Sepsis-data/data/output/raw_data_phase2_v2
2026-04-14 08:36:57 | INFO     | src.events.analysis | Loading dataframes from ../Sepsis-data/data/output/raw_data_phase2_v2
2026-04-14 08:38:55 | INFO     | __main__ | Loading dataframes from ../Sepsis-data/data/output/raw_data_phase2_v2
2026-04-14 08:38:57 | INFO     | src.events.analysis | Loading dataframes from ../Sepsis-data/data/output/raw_data_phase2_v2
2026-04-14 09:04:21 | INFO     | __main__ | Loading dataframes from ../Sepsis-data/data/output/raw_data_phase2_v2
2026-04-14 09:04:22 | INFO     | src.events.analysis | Loading dataframes from ../Sepsis-data/data/output/raw_data_phase2_v2
2026-04-14 09:05:19 | INFO     | __main__ | Loading dataframes from ../Sepsis-data/data/output/raw_data_phase2_v2
2026-04-14 09:05:20 | INFO     | src.events.analysis | Loading dataframes from ../Sepsis-data/data/output/raw_data_phase2_v2
2026-04-14 09:18:30 | INFO     | __main__ | Loading dataframes from ../Sepsis-data/data/output/raw_data_phase2_v2
2026-04-14 09:18:32 | INFO     | src.events.analysis | Loading dataframes from ../Sepsis-data/data/output/raw_data_phase2_v2
2026-04-14 09:22:54 | INFO     | __main__ | Loading dataframes from ../Sepsis-data/data/output/raw_data_phase2_v2
2026-04-14 09:22:56 | INFO     | src.events.analysis | Loading dataframes from ../Sepsis-data/data/output/raw_data_phase2_v2
2026-04-14 09:34:42 | INFO     | __main__ | Loading dataframe from ../Sepsis-data/data/output/raw_data_phase2_v2/df_all.parquet
2026-04-14 09:48:36 | INFO     | __main__ | Loading dataframe from ../Sepsis-data/data/output/raw_data_phase2_v2/df_all.parquet
2026-04-14 09:50:02 | INFO     | __main__ | Loading dataframes from ../Sepsis-data/data/output/raw_data_phase2_v2
2026-04-14 09:50:04 | INFO     | src.events.analysis | Loading dataframes from ../Sepsis-data/data/output/raw_data_phase2_v2
2026-04-14 09:50:33 | INFO     | __main__ | Loading dataframes from ../Sepsis-data/data/output/raw_data_phase2_v2
2026-04-14 09:50:35 | INFO     | src.events.analysis | Loading dataframes from ../Sepsis-data/data/output/raw_data_phase2_v2
2026-04-14 09:52:11 | INFO     | __main__ | Loading dataframes from ../Sepsis-data/data/output/raw_data_phase2_v2
2026-04-14 09:52:13 | INFO     | src.events.analysis | Loading dataframes from ../Sepsis-data/data/output/raw_data_phase2_v2
2026-04-14 09:54:53 | INFO     | __main__ | Loading dataframes from ../Sepsis-data/data/output/raw_data_phase2_v2
2026-04-14 09:54:55 | INFO     | src.events.analysis | Loading dataframes from ../Sepsis-data/data/output/raw_data_phase2_v2
2026-04-14 09:56:29 | INFO     | __main__ | Loading dataframes from ../Sepsis-data/data/output/raw_data_phase2_v2
2026-04-14 09:56:31 | INFO     | src.events.analysis | Loading dataframes from ../Sepsis-data/data/output/raw_data_phase2_v2
2026-04-14 10:03:00 | INFO     | __main__ | Loading dataframes from ../Sepsis-data/data/output/raw_data_phase2_v2
2026-04-14 10:03:02 | INFO     | src.events.analysis | Loading dataframes from ../Sepsis-data/data/output/raw_data_phase2_v2
2026-04-14 10:04:11 | INFO     | __main__ | Loading dataframes from ../Sepsis-data/data/output/raw_data_phase2_v2
2026-04-14 10:04:12 | INFO     | src.events.analysis | Loading dataframes from ../Sepsis-data/data/output/raw_data_phase2_v2
2026-04-14 10:05:47 | INFO     | __main__ | Loading dataframes from ../Sepsis-data/data/output/raw_data_phase2_v2
2026-04-14 10:05:49 | INFO     | src.events.analysis | Loading dataframes from ../Sepsis-data/data/output/raw_data_phase2_v2
2026-04-14 10:07:54 | INFO     | __main__ | Loading dataframes from ../Sepsis-data/data/output/raw_data_phase2_v2
2026-04-14 10:07:56 | INFO     | src.events.analysis | Loading dataframes from ../Sepsis-data/data/output/raw_data_phase2_v2
2026-04-14 10:10:00 | INFO     | __main__ | Loading dataframes from ../Sepsis-data/data/output/raw_data_phase2_v2
2026-04-14 10:10:02 | INFO     | src.events.analysis | Loading dataframes from ../Sepsis-data/data/output/raw_data_phase2_v2
2026-04-14 10:21:39 | INFO     | __main__ | Loading dataframes from ../Sepsis-data/data/output/raw_data_phase2_v2
2026-04-14 10:21:40 | INFO     | src.events.analysis | Loading dataframes from ../Sepsis-data/data/output/raw_data_phase2_v2
2026-04-14 10:22:36 | INFO     | __main__ | Loading dataframes from ../Sepsis-data/data/output/raw_data_phase2_v2
2026-04-14 10:22:38 | INFO     | src.events.analysis | Loading dataframes from ../Sepsis-data/data/output/raw_data_phase2_v2
2026-04-14 10:23:16 | INFO     | __main__ | Loading dataframes from ../Sepsis-data/data/output/raw_data_phase2_v2
2026-04-14 10:23:18 | INFO     | src.events.analysis | Loading dataframes from ../Sepsis-data/data/output/raw_data_phase2_v2
2026-04-14 10:25:56 | INFO     | __main__ | Loading dataframes from ../Sepsis-data/data/output/raw_data_phase2_v2
2026-04-14 10:25:58 | INFO     | src.events.analysis | Loading dataframes from ../Sepsis-data/data/output/raw_data_phase2_v2
2026-04-14 10:27:24 | INFO     | __main__ | Loading dataframes from ../Sepsis-data/data/output/raw_data_phase2_v2
2026-04-14 10:27:26 | INFO     | src.events.analysis | Loading dataframes from ../Sepsis-data/data/output/raw_data_phase2_v2
2026-04-14 10:33:07 | INFO     | __main__ | Loading dataframes from ../Sepsis-data/data/output/raw_data_phase2_v2
2026-04-14 10:33:09 | INFO     | src.events.analysis | Loading dataframes from ../Sepsis-data/data/output/raw_data_phase2_v2
2026-04-14 10:38:01 | INFO     | __main__ | Loading dataframes from ../Sepsis-data/data/output/raw_data_phase2_v2
2026-04-14 10:38:03 | INFO     | src.events.analysis | Loading dataframes from ../Sepsis-data/data/output/raw_data_phase2_v2
2026-04-14 10:59:00 | INFO     | __main__ | Loading dataframes from ../Sepsis-data/data/output/raw_data_phase2_v2
2026-04-14 10:59:06 | INFO     | src.events.analysis | Loading dataframes from ../Sepsis-data/data/output/raw_data_phase2_v2
2026-04-14 11:05:04 | INFO     | __main__ | Loading dataframes from ../Sepsis-data/data/output/raw_data_phase2_v2
2026-04-14 11:05:06 | INFO     | src.events.analysis | Loading dataframes from ../Sepsis-data/data/output/raw_data_phase2_v2
2026-04-14 11:06:50 | INFO     | __main__ | Loading dataframes from ../Sepsis-data/data/output/raw_data_phase2_v2
2026-04-14 11:06:52 | INFO     | src.events.analysis | Loading dataframes from ../Sepsis-data/data/output/raw_data_phase2_v2
2026-04-14 11:08:17 | INFO     | __main__ | Loading dataframes from ../Sepsis-data/data/output/raw_data_phase2_v2
2026-04-14 11:08:19 | INFO     | src.events.analysis | Loading dataframes from ../Sepsis-data/data/output/raw_data_phase2_v2
2026-04-14 11:11:59 | INFO     | __main__ | Loading dataframes from ../Sepsis-data/data/output/raw_data_phase2_v2
2026-04-14 11:12:01 | INFO     | src.events.analysis | Loading dataframes from ../Sepsis-data/data/output/raw_data_phase2_v2
2026-04-14 11:13:11 | INFO     | __main__ | Loading dataframes from ../Sepsis-data/data/output/raw_data_phase2_v2
2026-04-14 11:13:13 | INFO     | src.events.analysis | Loading dataframes from ../Sepsis-data/data/output/raw_data_phase2_v2
2026-04-14 11:14:13 | INFO     | __main__ | Loading dataframes from ../Sepsis-data/data/output/raw_data_phase2_v2
2026-04-14 11:14:15 | INFO     | src.events.analysis | Loading dataframes from ../Sepsis-data/data/output/raw_data_phase2_v2
2026-04-14 11:16:03 | INFO     | __main__ | Loading dataframes from ../Sepsis-data/data/output/raw_data_phase2_v2
2026-04-14 11:16:05 | INFO     | src.events.analysis | Loading dataframes from ../Sepsis-data/data/output/raw_data_phase2_v2
2026-04-14 11:16:29 | INFO     | __main__ | Loading dataframes from ../Sepsis-data/data/output/raw_data_phase2_v2
2026-04-14 11:16:31 | INFO     | src.events.analysis | Loading dataframes from ../Sepsis-data/data/output/raw_data_phase2_v2
2026-04-14 11:16:54 | INFO     | __main__ | Loading dataframes from ../Sepsis-data/data/output/raw_data_phase2_v2
2026-04-14 11:16:56 | INFO     | src.events.analysis | Loading dataframes from ../Sepsis-data/data/output/raw_data_phase2_v2
2026-04-14 11:19:24 | INFO     | __main__ | Loading dataframes from ../Sepsis-data/data/output/raw_data_phase2_v2
2026-04-14 11:19:26 | INFO     | src.events.analysis | Loading dataframes from ../Sepsis-data/data/output/raw_data_phase2_v2
2026-04-14 11:19:44 | INFO     | __main__ | Loading dataframes from ../Sepsis-data/data/output/raw_data_phase2_v2
2026-04-14 11:19:45 | INFO     | src.events.analysis | Loading dataframes from ../Sepsis-data/data/output/raw_data_phase2_v2
2026-04-14 11:21:13 | INFO     | __main__ | Loading dataframes from ../Sepsis-data/data/output/raw_data_phase2_v2
2026-04-14 11:21:15 | INFO     | src.events.analysis | Loading dataframes from ../Sepsis-data/data/output/raw_data_phase2_v2
2026-04-14 11:22:24 | INFO     | __main__ | Loading dataframes from ../Sepsis-data/data/output/raw_data_phase2_v2
2026-04-14 11:22:25 | INFO     | src.events.analysis | Loading dataframes from ../Sepsis-data/data/output/raw_data_phase2_v2
2026-04-14 11:24:23 | INFO     | __main__ | Loading dataframes from ../Sepsis-data/data/output/raw_data_phase2_v2
2026-04-14 11:24:25 | INFO     | src.events.analysis | Loading dataframes from ../Sepsis-data/data/output/raw_data_phase2_v2
2026-04-14 11:25:33 | INFO     | __main__ | Loading dataframes from ../Sepsis-data/data/output/raw_data_phase2_v2
2026-04-14 11:25:35 | INFO     | src.events.analysis | Loading dataframes from ../Sepsis-data/data/output/raw_data_phase2_v2
2026-04-14 11:26:58 | INFO     | __main__ | Loading dataframes from ../Sepsis-data/data/output/raw_data_phase2_v2
2026-04-14 11:27:00 | INFO     | src.events.analysis | Loading dataframes from ../Sepsis-data/data/output/raw_data_phase2_v2
2026-04-14 11:33:08 | INFO     | __main__ | Loading dataframes from ../Sepsis-data/data/output/raw_data_phase2_v2
2026-04-14 11:33:09 | INFO     | src.events.analysis | Loading dataframes from ../Sepsis-data/data/output/raw_data_phase2_v2
2026-04-14 11:40:02 | INFO     | __main__ | Loading dataframes from ../Sepsis-data/data/output/raw_data_phase2_v2
2026-04-14 11:40:04 | INFO     | src.events.analysis | Loading dataframes from ../Sepsis-data/data/output/raw_data_phase2_v2
2026-04-14 11:42:42 | INFO     | __main__ | Loading dataframes from ../Sepsis-data/data/output/raw_data_phase2_v2
2026-04-14 11:42:44 | INFO     | src.events.analysis | Loading dataframes from ../Sepsis-data/data/output/raw_data_phase2_v2
2026-04-14 11:43:19 | INFO     | __main__ | Loading dataframes from ../Sepsis-data/data/output/raw_data_phase2_v2
2026-04-14 11:43:21 | INFO     | src.events.analysis | Loading dataframes from ../Sepsis-data/data/output/raw_data_phase2_v2
2026-04-14 11:44:15 | INFO     | __main__ | Loading dataframes from ../Sepsis-data/data/output/raw_data_phase2_v2
2026-04-14 11:44:17 | INFO     | src.events.analysis | Loading dataframes from ../Sepsis-data/data/output/raw_data_phase2_v2
2026-04-14 12:54:58 | INFO     | __main__ | Loading dataframes from ../Sepsis-data/data/output/raw_data_phase2_v2
2026-04-14 12:55:00 | INFO     | src.events.analysis | Loading dataframes from ../Sepsis-data/data/output/raw_data_phase2_v2
2026-04-14 12:57:35 | INFO     | __main__ | Loading dataframes from ../Sepsis-data/data/output/raw_data_phase2_v2
2026-04-14 12:57:37 | INFO     | src.events.analysis | Loading dataframes from ../Sepsis-data/data/output/raw_data_phase2_v2
2026-04-14 13:01:50 | INFO     | __main__ | Loading dataframes from ../Sepsis-data/data/output/raw_data_phase2_v2
2026-04-14 13:01:52 | INFO     | src.events.analysis | Loading dataframes from ../Sepsis-data/data/output/raw_data_phase2_v2
2026-04-14 13:07:34 | INFO     | __main__ | Loading dataframes from ../Sepsis-data/data/output/raw_data_phase2_v2
2026-04-14 13:07:36 | INFO     | src.events.analysis | Loading dataframes from ../Sepsis-data/data/output/raw_data_phase2_v2
2026-04-14 13:07:53 | INFO     | __main__ | Loading dataframes from ../Sepsis-data/data/output/raw_data_phase2_v2
2026-04-14 13:07:55 | INFO     | src.events.analysis | Loading dataframes from ../Sepsis-data/data/output/raw_data_phase2_v2
2026-04-14 13:16:03 | INFO     | __main__ | Loading dataframes from ../Sepsis-data/data/output/raw_data_phase2_v2
2026-04-14 13:16:05 | INFO     | src.events.analysis | Loading dataframes from ../Sepsis-data/data/output/raw_data_phase2_v2
2026-04-14 13:40:29 | INFO     | __main__ | Loading dataframes from ../Sepsis-data/data/output/raw_data_phase2_v2
2026-04-14 13:40:31 | INFO     | src.events.analysis | Loading dataframes from ../Sepsis-data/data/output/raw_data_phase2_v2
2026-04-14 13:42:18 | INFO     | __main__ | Loading dataframes from ../Sepsis-data/data/output/raw_data_phase2_v2
2026-04-14 13:42:20 | INFO     | src.events.analysis | Loading dataframes from ../Sepsis-data/data/output/raw_data_phase2_v2
2026-04-14 13:42:51 | INFO     | __main__ | Loading dataframes from ../Sepsis-data/data/output/raw_data_phase2_v2
2026-04-14 13:42:53 | INFO     | src.events.analysis | Loading dataframes from ../Sepsis-data/data/output/raw_data_phase2_v2
2026-04-14 13:43:47 | INFO     | __main__ | Loading dataframes from ../Sepsis-data/data/output/raw_data_phase2_v2
2026-04-14 13:43:48 | INFO     | src.events.analysis | Loading dataframes from ../Sepsis-data/data/output/raw_data_phase2_v2
2026-04-14 13:44:31 | INFO     | __main__ | Loading dataframes from ../Sepsis-data/data/output/raw_data_phase2_v2
2026-04-14 13:44:32 | INFO     | src.events.analysis | Loading dataframes from ../Sepsis-data/data/output/raw_data_phase2_v2
2026-04-14 13:56:04 | INFO     | __main__ | Loading dataframes from ../Sepsis-data/data/output/raw_data_phase2_v2
2026-04-14 13:56:06 | INFO     | src.events.analysis | Loading dataframes from ../Sepsis-data/data/output/raw_data_phase2_v2
2026-04-14 14:40:44 | INFO     | __main__ | Loading dataframes from ../Sepsis-data/data/output/raw_data_phase2_v2
2026-04-14 14:40:46 | INFO     | src.events.analysis | Loading dataframes from ../Sepsis-data/data/output/raw_data_phase2_v2
2026-04-14 14:47:40 | INFO     | __main__ | Loading dataframes from ../Sepsis-data/data/output/raw_data_phase2_v2
2026-04-14 14:47:42 | INFO     | src.events.analysis | Loading dataframes from ../Sepsis-data/data/output/raw_data_phase2_v2
2026-04-14 14:48:36 | INFO     | __main__ | Loading dataframes from ../Sepsis-data/data/output/raw_data_phase2_v2
2026-04-14 14:48:38 | INFO     | src.events.analysis | Loading dataframes from ../Sepsis-data/data/output/raw_data_phase2_v2
2026-04-14 14:51:50 | INFO     | __main__ | Loading dataframes from ../Sepsis-data/data/output/raw_data_phase2_v2
2026-04-14 14:51:52 | INFO     | src.events.analysis | Loading dataframes from ../Sepsis-data/data/output/raw_data_phase2_v2
2026-04-14 14:53:02 | INFO     | __main__ | Loading dataframes from ../Sepsis-data/data/output/raw_data_phase2_v2
2026-04-14 14:53:03 | INFO     | src.events.analysis | Loading dataframes from ../Sepsis-data/data/output/raw_data_phase2_v2
2026-04-14 14:59:47 | INFO     | __main__ | Loading dataframes from ../Sepsis-data/data/output/raw_data_phase2_v2
2026-04-14 14:59:49 | INFO     | src.events.analysis | Loading dataframes from ../Sepsis-data/data/output/raw_data_phase2_v2
2026-04-14 15:00:27 | INFO     | __main__ | Loading dataframes from ../Sepsis-data/data/output/raw_data_phase2_v2
2026-04-14 15:00:29 | INFO     | src.events.analysis | Loading dataframes from ../Sepsis-data/data/output/raw_data_phase2_v2
2026-04-14 15:01:06 | INFO     | __main__ | Loading dataframes from ../Sepsis-data/data/output/raw_data_phase2_v2
2026-04-14 15:01:07 | INFO     | src.events.analysis | Loading dataframes from ../Sepsis-data/data/output/raw_data_phase2_v2
2026-05-19 13:39:38 | INFO     | src.dataloader | Loading data from /work/InternalMedicine/s223850/Sepsis-data/data/raw_data_phase2_v2
2026-05-19 13:39:40 | INFO     | src.dataloader | Data loaded. Shapes: lab_res=(1356486, 8), flowsheets=(6646460, 8), med_admin=(270921, 8), procedures=(118629, 8), baseline=(3982, 38), diagnosis=(441520, 8)
2026-05-19 13:39:40 | INFO     | src.dataloader | --------------------------------------------------------------------------------
2026-05-19 13:43:57 | INFO     | src.dataloader | Loading data from /work/InternalMedicine/s223850/Sepsis-data/data/raw_data_phase2_v2
2026-05-19 13:43:59 | INFO     | src.dataloader | Data loaded. Shapes: lab_res=(1356486, 8), flowsheets=(6646460, 8), med_admin=(270921, 8), procedures=(118629, 8), baseline=(3982, 38), diagnosis=(441520, 8)
2026-05-19 13:43:59 | INFO     | src.dataloader | --------------------------------------------------------------------------------
2026-05-19 13:44:03 | INFO     | src.dataloader | Converting blood pressure values to systolic blood pressure in flowsheets data.
2026-05-19 13:52:22 | INFO     | src.dataloader | Loading data from /work/InternalMedicine/s223850/Sepsis-data/data/raw_data_phase2_v2
2026-05-19 13:52:23 | INFO     | src.dataloader | Data loaded. Shapes: lab_res=(1356486, 8), flowsheets=(6646460, 8), med_admin=(270921, 8), procedures=(118629, 8), baseline=(3982, 38), diagnosis=(441520, 8)
2026-05-19 13:52:23 | INFO     | src.dataloader | --------------------------------------------------------------------------------
2026-05-19 13:52:53 | INFO     | src.dataloader | Converting blood pressure values to systolic blood pressure in flowsheets data.
2026-05-19 13:52:54 | INFO     | src.dataloader | Data type casting completed.
2026-05-19 13:52:56 | INFO     | src.dataloader | Concatenated all data into a single DataFrame with shape (8834016, 46) and columns ['EncounterEpicCsn', 'Event_DateTime', 'Type', 'Event_Grouper', 'Event_Name', 'NumericValue', 'Value', 'Flag', 'PrimaryMrn', 'EncounterEpicCsn_right', 'AdmissionDateValue', 'DischargeDateValue', 'Arrival_Instant', 'InpatientAdmissionInstant', 'Admitted_from_ED', 'PatientClass', 'InpatientAdmissionPatientClass', 'HospitalService', 'LengthOfStayInDays', 'AdmittingDepartment', 'DischargeDepartment', 'AdmissionType', 'AdmissionSource', 'AdmissionOrigin', 'PrincipalProblem', 'PrimaryCodedDiagnosis', 'PrimaryCodedProcedureKey', 'Death_Flag', 'Original_POA_Condition', 'Sepsis_Category', 'Baseline_SBP', 'Baseline_RespiratoryRate', 'Baseline_PulseRate', 'Baseline_Creatinine', 'Baseline_Platelets', 'Baseline_Bilirubin', 'Baseline_eGFR', 'Baseline_WBC', 'First_Suspected_Infection_Time', 'Suspected_Infection_Criteria_Met', 'Cancer_Registry_YN', 'HIV_Registry_YN', 'Immunocrompromised_Registry_YN', 'CKD_Dialysis_Registry_YN', 'Solid_Organ_Transplant_Registry_YN', 'Pregnancy_Registry_YN']
2026-05-19 13:52:58 | INFO     | src.dataloader | Dropped duplicate rows. Before: 8834016, After: 8814652, Dropped: 19364
2026-05-19 13:52:58 | INFO     | src.dataloader | Filtering out rows with null EncounterEpicCsn or Event_DateTime
2026-05-19 13:52:58 | INFO     | src.dataloader | After filtering, df_all has shape (8814652, 46)
2026-05-19 13:52:58 | INFO     | __main__ | Initial data loaded. Saving dataframe to /work/InternalMedicine/s223850/Sepsis-data/data/output/raw_data_phase2_v2/df_all.parquet
2026-05-19 13:53:00 | INFO     | __main__ | =================================================================================
2026-05-19 13:57:20 | INFO     | src.dataloader | Loading data from /work/InternalMedicine/s223850/Sepsis-data/data/raw_data_phase2_v2
2026-05-19 13:57:21 | INFO     | src.dataloader | Data loaded. Shapes: lab_res=(1356486, 8), flowsheets=(6646460, 8), med_admin=(270921, 8), procedures=(118629, 8), baseline=(3982, 38), diagnosis=(441520, 8)
2026-05-19 13:57:21 | INFO     | src.dataloader | --------------------------------------------------------------------------------
2026-05-19 13:57:22 | INFO     | src.dataloader | Converting blood pressure values to systolic blood pressure in flowsheets data.
2026-05-19 13:57:22 | INFO     | src.dataloader | Data type casting completed.
2026-05-19 13:57:24 | INFO     | src.dataloader | Concatenated all data into a single DataFrame with shape (8834016, 46) and columns ['EncounterEpicCsn', 'Event_DateTime', 'Type', 'Event_Grouper', 'Event_Name', 'NumericValue', 'Value', 'Flag', 'PrimaryMrn', 'EncounterEpicCsn_right', 'AdmissionDateValue', 'DischargeDateValue', 'Arrival_Instant', 'InpatientAdmissionInstant', 'Admitted_from_ED', 'PatientClass', 'InpatientAdmissionPatientClass', 'HospitalService', 'LengthOfStayInDays', 'AdmittingDepartment', 'DischargeDepartment', 'AdmissionType', 'AdmissionSource', 'AdmissionOrigin', 'PrincipalProblem', 'PrimaryCodedDiagnosis', 'PrimaryCodedProcedureKey', 'Death_Flag', 'Original_POA_Condition', 'Sepsis_Category', 'Baseline_SBP', 'Baseline_RespiratoryRate', 'Baseline_PulseRate', 'Baseline_Creatinine', 'Baseline_Platelets', 'Baseline_Bilirubin', 'Baseline_eGFR', 'Baseline_WBC', 'First_Suspected_Infection_Time', 'Suspected_Infection_Criteria_Met', 'Cancer_Registry_YN', 'HIV_Registry_YN', 'Immunocrompromised_Registry_YN', 'CKD_Dialysis_Registry_YN', 'Solid_Organ_Transplant_Registry_YN', 'Pregnancy_Registry_YN']
2026-05-19 13:57:26 | INFO     | src.dataloader | Dropped duplicate rows. Before: 8834016, After: 8814652, Dropped: 19364
2026-05-19 13:57:26 | INFO     | src.dataloader | Filtering out rows with null EncounterEpicCsn or Event_DateTime
2026-05-19 13:57:26 | INFO     | src.dataloader | After filtering, df_all has shape (8814652, 46)
2026-05-19 13:57:26 | INFO     | __main__ | Initial data loaded. Saving dataframe to /work/InternalMedicine/s223850/Sepsis-data/data/output/raw_data_phase2_v2/df_all.parquet
2026-05-19 13:57:28 | INFO     | __main__ | =================================================================================
2026-05-19 13:58:37 | INFO     | src.dataloader | Loading data from /work/InternalMedicine/s223850/Sepsis-data/data/raw_data_phase2_v2
2026-05-19 13:58:38 | INFO     | src.dataloader | Data loaded. Shapes: lab_res=(1356486, 8), flowsheets=(6646460, 8), med_admin=(270921, 8), procedures=(118629, 8), baseline=(3982, 38), diagnosis=(441520, 8)
2026-05-19 13:58:38 | INFO     | src.dataloader | --------------------------------------------------------------------------------
2026-05-19 13:58:39 | INFO     | src.dataloader | Converting blood pressure values to systolic blood pressure in flowsheets data.
2026-05-19 13:58:39 | INFO     | src.dataloader | Data type casting completed.
2026-05-19 13:58:41 | INFO     | src.dataloader | Concatenated all data into a single DataFrame with shape (8834016, 46) and columns ['EncounterEpicCsn', 'Event_DateTime', 'Type', 'Event_Grouper', 'Event_Name', 'NumericValue', 'Value', 'Flag', 'PrimaryMrn', 'EncounterEpicCsn_right', 'AdmissionDateValue', 'DischargeDateValue', 'Arrival_Instant', 'InpatientAdmissionInstant', 'Admitted_from_ED', 'PatientClass', 'InpatientAdmissionPatientClass', 'HospitalService', 'LengthOfStayInDays', 'AdmittingDepartment', 'DischargeDepartment', 'AdmissionType', 'AdmissionSource', 'AdmissionOrigin', 'PrincipalProblem', 'PrimaryCodedDiagnosis', 'PrimaryCodedProcedureKey', 'Death_Flag', 'Original_POA_Condition', 'Sepsis_Category', 'Baseline_SBP', 'Baseline_RespiratoryRate', 'Baseline_PulseRate', 'Baseline_Creatinine', 'Baseline_Platelets', 'Baseline_Bilirubin', 'Baseline_eGFR', 'Baseline_WBC', 'First_Suspected_Infection_Time', 'Suspected_Infection_Criteria_Met', 'Cancer_Registry_YN', 'HIV_Registry_YN', 'Immunocrompromised_Registry_YN', 'CKD_Dialysis_Registry_YN', 'Solid_Organ_Transplant_Registry_YN', 'Pregnancy_Registry_YN']
2026-05-19 13:58:44 | INFO     | src.dataloader | Dropped duplicate rows. Before: 8834016, After: 8814652, Dropped: 19364
2026-05-19 13:58:44 | INFO     | src.dataloader | Filtering out rows with null EncounterEpicCsn or Event_DateTime
2026-05-19 13:58:44 | INFO     | src.dataloader | After filtering, df_all has shape (8814652, 46)
2026-05-19 13:58:44 | INFO     | __main__ | Initial data loaded. Saving dataframe to /work/InternalMedicine/s223850/Sepsis-data/data/output/raw_data_phase2_v2/df_all.parquet
2026-05-19 13:58:45 | INFO     | __main__ | =================================================================================
2026-05-19 14:05:36 | INFO     | src.dataloader | Loading data from /work/InternalMedicine/s223850/Sepsis-data/data/raw_data_phase2_v2
2026-05-19 14:05:37 | INFO     | src.dataloader | Data loaded. Shapes: lab_res=(1356486, 8), flowsheets=(6646460, 8), med_admin=(270921, 8), procedures=(118629, 8), baseline=(3982, 38), diagnosis=(441520, 8)
2026-05-19 14:05:37 | INFO     | src.dataloader | --------------------------------------------------------------------------------
2026-05-19 14:05:37 | INFO     | src.dataloader | Converting blood pressure values to systolic blood pressure in flowsheets data.
2026-05-19 14:05:37 | INFO     | src.dataloader | Data type casting completed.
2026-05-19 14:05:40 | INFO     | src.dataloader | Concatenated all data into a single DataFrame with shape (8834016, 46) and columns ['EncounterEpicCsn', 'Event_DateTime', 'Type', 'Event_Grouper', 'Event_Name', 'NumericValue', 'Value', 'Flag', 'PrimaryMrn', 'EncounterEpicCsn_right', 'AdmissionDateValue', 'DischargeDateValue', 'Arrival_Instant', 'InpatientAdmissionInstant', 'Admitted_from_ED', 'PatientClass', 'InpatientAdmissionPatientClass', 'HospitalService', 'LengthOfStayInDays', 'AdmittingDepartment', 'DischargeDepartment', 'AdmissionType', 'AdmissionSource', 'AdmissionOrigin', 'PrincipalProblem', 'PrimaryCodedDiagnosis', 'PrimaryCodedProcedureKey', 'Death_Flag', 'Original_POA_Condition', 'Sepsis_Category', 'Baseline_SBP', 'Baseline_RespiratoryRate', 'Baseline_PulseRate', 'Baseline_Creatinine', 'Baseline_Platelets', 'Baseline_Bilirubin', 'Baseline_eGFR', 'Baseline_WBC', 'First_Suspected_Infection_Time', 'Suspected_Infection_Criteria_Met', 'Cancer_Registry_YN', 'HIV_Registry_YN', 'Immunocrompromised_Registry_YN', 'CKD_Dialysis_Registry_YN', 'Solid_Organ_Transplant_Registry_YN', 'Pregnancy_Registry_YN']
2026-05-19 14:05:42 | INFO     | src.dataloader | Dropped duplicate rows. Before: 8834016, After: 8814652, Dropped: 19364
2026-05-19 14:05:42 | INFO     | src.dataloader | Filtering out rows with null EncounterEpicCsn or Event_DateTime
2026-05-19 14:05:42 | INFO     | src.dataloader | After filtering, df_all has shape (8814652, 46)
2026-05-19 14:05:42 | INFO     | __main__ | Initial data loaded. Saving dataframe to /work/InternalMedicine/s223850/Sepsis-data/data/output/raw_data_phase2_v2/df_all.parquet
2026-05-19 14:05:44 | INFO     | __main__ | =================================================================================
2026-05-19 14:06:12 | INFO     | __main__ | Loading dataframe from /work/InternalMedicine/s223850/Sepsis-data/data/output/raw_data_phase2_v2/df_all.parquet
2026-05-19 14:13:53 | INFO     | __main__ | Loading dataframe from /work/InternalMedicine/s223850/Sepsis-data/data/output/raw_data_phase2_v2/df_all.parquet
2026-05-19 14:15:49 | INFO     | __main__ | Loading dataframe from /work/InternalMedicine/s223850/Sepsis-data/data/output/raw_data_phase2_v2/df_all.parquet
2026-05-19 14:17:34 | INFO     | __main__ | Loading dataframe from /work/InternalMedicine/s223850/Sepsis-data/data/output/raw_data_phase2_v2/df_all.parquet
2026-05-19 14:18:01 | INFO     | __main__ | Loading dataframe from /work/InternalMedicine/s223850/Sepsis-data/data/output/raw_data_phase2_v2/df_all.parquet
2026-05-19 14:18:41 | INFO     | __main__ | Loading dataframe from /work/InternalMedicine/s223850/Sepsis-data/data/output/raw_data_phase2_v2/df_all.parquet
2026-05-19 14:26:48 | INFO     | __main__ | Loading dataframe from /work/InternalMedicine/s223850/Sepsis-data/data/output/raw_data_phase2_v2/df_all.parquet
2026-05-19 14:30:51 | INFO     | __main__ | Loading dataframe from /work/InternalMedicine/s223850/Sepsis-data/data/output/raw_data_phase2_v2/df_all.parquet
2026-05-19 14:43:45 | INFO     | __main__ | Loading dataframe from /work/InternalMedicine/s223850/Sepsis-data/data/output/raw_data_phase2_v2/df_all.parquet
2026-05-19 15:02:11 | INFO     | __main__ | Loading dataframe from /work/InternalMedicine/s223850/Sepsis-data/data/output/raw_data_phase2_v2/df_all.parquet
2026-05-19 15:04:27 | INFO     | __main__ | Groupers with outlier values: shape: (4, 2)
┌────────────────────────┬───────┐
│ original_Event_Grouper ┆ count │
│ ---                    ┆ ---   │
│ str                    ┆ u64   │
╞════════════════════════╪═══════╡
│ Respirations           ┆ 5646  │
│ Blood Pressure         ┆ 83    │
│ Temperature            ┆ 98    │
│ Pulse                  ┆ 682   │
└────────────────────────┴───────┘
2026-05-19 15:04:27 | INFO     | __main__ | Layer 1 (Physiological bounds of vital signs) outlier removal applied. Saving dataframe to /work/InternalMedicine/s223850/Sepsis-data/data/output/raw_data_phase2_v2/df_all_layer1.parquet
2026-05-19 15:04:31 | INFO     | __main__ | =================================================================================
2026-05-19 15:05:22 | INFO     | __main__ | Loading dataframe from /work/InternalMedicine/s223850/Sepsis-data/data/output/raw_data_phase2_v2/df_all_layer1.parquet
2026-05-19 15:12:33 | INFO     | src.events.infectiondetection | Detecting infection with antibiotic and culture criteria
2026-05-19 15:32:46 | INFO     | __main__ | Loading dataframe from /work/InternalMedicine/s223850/Sepsis-data/data/output/raw_data_phase2_v2/df_all_layer1.parquet
2026-05-19 15:35:39 | INFO     | src.events.infectiondetection | Detecting infection with antibiotic and culture criteria
2026-05-19 15:36:07 | INFO     | __main__ | Loading dataframe from /work/InternalMedicine/s223850/Sepsis-data/data/output/raw_data_phase2_v2/df_all_layer1.parquet
2026-05-19 15:36:11 | INFO     | src.events.infectiondetection | Detecting infection with antibiotic and culture criteria
2026-05-19 15:37:01 | INFO     | __main__ | Loading dataframe from /work/InternalMedicine/s223850/Sepsis-data/data/output/raw_data_phase2_v2/df_all_layer1.parquet
2026-05-19 15:37:04 | INFO     | src.events.infectiondetection | Detecting infection with antibiotic and culture criteria
2026-05-19 15:43:35 | INFO     | __main__ | Loading dataframe from /work/InternalMedicine/s223850/Sepsis-data/data/output/raw_data_phase2_v2/df_all_layer1.parquet
2026-05-19 15:44:23 | INFO     | src.events.infectiondetection | Detecting infection with antibiotic and culture criteria
2026-05-19 16:36:26 | INFO     | __main__ | Loading dataframe from /work/InternalMedicine/s223850/Sepsis-data/data/output/raw_data_phase2_v2/df_all_layer1.parquet
2026-05-19 17:13:39 | INFO     | __main__ | Loading dataframe from /work/InternalMedicine/s223850/Sepsis-data/data/output/raw_data_phase2_v2/df_all_layer1.parquet
2026-05-19 17:33:26 | INFO     | __main__ | Loading dataframe from /work/InternalMedicine/s223850/Sepsis-data/data/output/raw_data_phase2_v2/df_all_layer1.parquet
2026-05-19 17:33:33 | INFO     | __main__ | SIRS flags calculated. Saving dataframe to /work/InternalMedicine/s223850/Sepsis-data/data/output/raw_data_phase2_v2/df_sirs.parquet
2026-05-19 19:38:16 | INFO     | __main__ | Loading dataframe from /work/InternalMedicine/s223850/Sepsis-data/data/output/raw_data_phase2_v2/df_all_layer1.parquet
2026-05-19 19:38:20 | INFO     | __main__ | SIRS flags calculated. Saving dataframe to /work/InternalMedicine/s223850/Sepsis-data/data/output/raw_data_phase2_v2/df_sirs.parquet
2026-05-19 19:38:21 | INFO     | __main__ | =================================================================================
2026-05-20 12:31:22 | INFO     | __main__ | Loading dataframe from /work/InternalMedicine/s223850/Sepsis-data/data/output/raw_data_phase2_v2/df_all_layer1.parquet
2026-05-20 12:34:52 | INFO     | __main__ | Loading dataframe from /work/InternalMedicine/s223850/Sepsis-data/data/output/raw_data_phase2_v2/df_all_layer1.parquet
2026-05-20 13:59:42 | INFO     | __main__ | Loading dataframe from /work/InternalMedicine/s223850/Sepsis-data/data/output/raw_data_phase2_v2/df_all_layer1.parquet
2026-05-20 14:00:08 | INFO     | __main__ | SIRS flags calculated. Saving dataframe to /work/InternalMedicine/s223850/Sepsis-data/data/output/raw_data_phase2_v2/df_sirs.parquet
2026-05-20 14:00:13 | INFO     | __main__ | =================================================================================
2026-05-20 14:00:16 | INFO     | __main__ | SIRS flags after filling nulls calculated. Saving dataframe to /work/InternalMedicine/s223850/Sepsis-data/data/output/raw_data_phase2_v2/df_sirs_filled.parquet
2026-05-20 14:00:18 | INFO     | __main__ | Groupers for which null values were filled: shape: (4, 2)
┌────────────────┬───────┐
│ Event_Grouper  ┆ count │
│ ---            ┆ ---   │
│ str            ┆ u64   │
╞════════════════╪═══════╡
│ Temperature    ┆ 3678  │
│ Pulse          ┆ 4432  │
│ Blood Pressure ┆ 3025  │
│ Respirations   ┆ 9008  │
└────────────────┴───────┘
2026-05-20 14:00:18 | INFO     | __main__ | =================================================================================
2026-05-20 14:01:56 | INFO     | src.events.aggregator | Created reference table with 2536039 rows based on unique combinations of EncounterEpicCsn and Event_DateTime
2026-05-20 14:02:14 | INFO     | src.events.aggregator | Aggregating feature last_temp_8h using last over last 480.0 minutes for events in Temperature
2026-05-20 14:11:24 | INFO     | __main__ | Loading dataframe from /work/InternalMedicine/s223850/Sepsis-data/data/output/raw_data_phase2_v2/df_all_layer1.parquet
2026-05-20 14:11:28 | INFO     | __main__ | SIRS flags calculated. Saving dataframe to /work/InternalMedicine/s223850/Sepsis-data/data/output/raw_data_phase2_v2/df_sirs.parquet
2026-05-20 14:11:29 | INFO     | __main__ | =================================================================================
2026-05-20 14:11:31 | INFO     | __main__ | SIRS flags after filling nulls calculated. Saving dataframe to /work/InternalMedicine/s223850/Sepsis-data/data/output/raw_data_phase2_v2/df_sirs_filled.parquet
2026-05-20 14:11:34 | INFO     | __main__ | Groupers for which null values were filled: shape: (4, 2)
┌────────────────┬───────┐
│ Event_Grouper  ┆ count │
│ ---            ┆ ---   │
│ str            ┆ u64   │
╞════════════════╪═══════╡
│ Respirations   ┆ 9008  │
│ Blood Pressure ┆ 3025  │
│ Pulse          ┆ 4432  │
│ Temperature    ┆ 3678  │
└────────────────┴───────┘
2026-05-20 14:11:34 | INFO     | __main__ | =================================================================================
2026-05-20 14:15:50 | INFO     | __main__ | Loading dataframe from /work/InternalMedicine/s223850/Sepsis-data/data/output/raw_data_phase2_v2/df_all_layer1.parquet
2026-05-20 14:15:51 | INFO     | __main__ | Loading dataframe from /work/InternalMedicine/s223850/Sepsis-data/data/output/raw_data_phase2_v2/df_all_layer1.parquet
2026-05-20 14:24:52 | INFO     | __main__ | SIRS flags calculated. Saving dataframe to /work/InternalMedicine/s223850/Sepsis-data/data/output/raw_data_phase2_v2/df_sirs.parquet
2026-05-20 14:24:53 | INFO     | __main__ | =================================================================================
2026-05-20 14:24:56 | INFO     | __main__ | SIRS flags after filling nulls calculated. Saving dataframe to /work/InternalMedicine/s223850/Sepsis-data/data/output/raw_data_phase2_v2/df_sirs_filled.parquet
2026-05-20 14:28:36 | INFO     | __main__ | Loading dataframe from /work/InternalMedicine/s223850/Sepsis-data/data/output/raw_data_phase2_v2/df_all_layer1.parquet
2026-05-20 14:28:37 | INFO     | __main__ | Loading dataframe from /work/InternalMedicine/s223850/Sepsis-data/data/output/raw_data_phase2_v2/df_all_layer1.parquet
2026-05-20 14:28:40 | INFO     | __main__ | SIRS flags calculated. Saving dataframe to /work/InternalMedicine/s223850/Sepsis-data/data/output/raw_data_phase2_v2/df_sirs.parquet
2026-05-20 14:28:41 | INFO     | __main__ | =================================================================================
2026-05-20 14:28:43 | INFO     | __main__ | SIRS flags after filling nulls calculated. Saving dataframe to /work/InternalMedicine/s223850/Sepsis-data/data/output/raw_data_phase2_v2/df_sirs_filled.parquet
2026-05-20 14:28:46 | INFO     | __main__ | Groupers for which null values were filled: shape: (4, 2)
┌────────────────┬───────┐
│ Event_Grouper  ┆ count │
│ ---            ┆ ---   │
│ str            ┆ u64   │
╞════════════════╪═══════╡
│ Temperature    ┆ 3678  │
│ Respirations   ┆ 9008  │
│ Blood Pressure ┆ 3025  │
│ Pulse          ┆ 4432  │
└────────────────┴───────┘
2026-05-20 14:28:46 | INFO     | __main__ | =================================================================================
2026-05-20 14:28:54 | INFO     | src.events.aggregator | Created reference table with 2536039 rows based on unique combinations of EncounterEpicCsn and Event_DateTime
2026-05-20 14:28:58 | INFO     | src.events.aggregator | Aggregating feature last_temp_8h using last over last 480.0 minutes for events in Temperature
2026-05-20 15:02:04 | INFO     | src.events.aggregator | Joining aggregated feature last_temp_8h back to reference table
2026-05-20 15:03:12 | INFO     | src.events.aggregator | Feature last_temp_8h aggregated and joined. Current reference table now has 2536039 rows and 3 columns.
2026-05-20 15:03:12 | INFO     | src.events.aggregator | --------------------------------------------------------------------------------
2026-05-20 15:03:12 | INFO     | src.events.aggregator | Aggregating feature last_pulse_8h using last over last 480.0 minutes for events in Pulse
2026-05-20 15:03:33 | INFO     | src.events.aggregator | Joining aggregated feature last_pulse_8h back to reference table
2026-05-20 15:04:04 | INFO     | src.events.aggregator | Feature last_pulse_8h aggregated and joined. Current reference table now has 2536039 rows and 4 columns.
2026-05-20 15:04:04 | INFO     | src.events.aggregator | --------------------------------------------------------------------------------
2026-05-20 15:04:04 | INFO     | src.events.aggregator | Aggregating feature last_resp_8h using last over last 480.0 minutes for events in Respirations
2026-05-20 15:04:10 | INFO     | src.events.aggregator | Joining aggregated feature last_resp_8h back to reference table
2026-05-20 15:04:10 | INFO     | src.events.aggregator | Feature last_resp_8h aggregated and joined. Current reference table now has 2536039 rows and 5 columns.
2026-05-20 15:04:10 | INFO     | src.events.aggregator | --------------------------------------------------------------------------------
2026-05-20 15:04:10 | INFO     | src.events.aggregator | Aggregating feature last_sbp_8h using last over last 480.0 minutes for events in Systolic Blood Pressure
2026-05-20 15:04:10 | INFO     | src.events.aggregator | Joining aggregated feature last_sbp_8h back to reference table
2026-05-20 15:04:10 | INFO     | src.events.aggregator | Feature last_sbp_8h aggregated and joined. Current reference table now has 2536039 rows and 6 columns.
2026-05-20 15:04:10 | INFO     | src.events.aggregator | --------------------------------------------------------------------------------
2026-05-20 15:04:10 | INFO     | src.events.aggregator | Aggregating feature last_map_8h using last over last 480.0 minutes for events in Arterial Blood Pressure Mean
2026-05-20 15:04:10 | INFO     | src.events.aggregator | Joining aggregated feature last_map_8h back to reference table
2026-05-20 15:04:10 | INFO     | src.events.aggregator | Feature last_map_8h aggregated and joined. Current reference table now has 2536039 rows and 7 columns.
2026-05-20 15:04:10 | INFO     | src.events.aggregator | --------------------------------------------------------------------------------
2026-05-20 15:04:10 | INFO     | src.events.aggregator | Aggregating feature last_wbc_12h using last over last 720.0 minutes for events in WBC
2026-05-20 15:04:11 | INFO     | src.events.aggregator | Joining aggregated feature last_wbc_12h back to reference table
2026-05-20 15:04:11 | INFO     | src.events.aggregator | Feature last_wbc_12h aggregated and joined. Current reference table now has 2536039 rows and 8 columns.
2026-05-20 15:04:11 | INFO     | src.events.aggregator | --------------------------------------------------------------------------------
2026-05-20 15:04:11 | INFO     | src.events.aggregator | Aggregating feature last_creatinine_12h using last over last 720.0 minutes for events in Creatinine
2026-05-20 15:04:12 | INFO     | src.events.aggregator | Joining aggregated feature last_creatinine_12h back to reference table
2026-05-20 15:04:12 | INFO     | src.events.aggregator | Feature last_creatinine_12h aggregated and joined. Current reference table now has 2536039 rows and 9 columns.
2026-05-20 15:04:12 | INFO     | src.events.aggregator | --------------------------------------------------------------------------------
2026-05-20 15:04:12 | INFO     | src.events.aggregator | Aggregating feature last_egfr_12h using last over last 720.0 minutes for events in eGFR
2026-05-20 15:04:12 | INFO     | src.events.aggregator | Joining aggregated feature last_egfr_12h back to reference table
2026-05-20 15:04:13 | INFO     | src.events.aggregator | Feature last_egfr_12h aggregated and joined. Current reference table now has 2536039 rows and 10 columns.
2026-05-20 15:04:13 | INFO     | src.events.aggregator | --------------------------------------------------------------------------------
2026-05-20 15:04:13 | INFO     | src.events.aggregator | Aggregating feature last_bilirubin_12h using last over last 720.0 minutes for events in Bilirubin
2026-05-20 15:04:13 | INFO     | src.events.aggregator | Joining aggregated feature last_bilirubin_12h back to reference table
2026-05-20 15:04:13 | INFO     | src.events.aggregator | Feature last_bilirubin_12h aggregated and joined. Current reference table now has 2536039 rows and 11 columns.
2026-05-20 15:04:13 | INFO     | src.events.aggregator | --------------------------------------------------------------------------------
2026-05-20 15:04:13 | INFO     | src.events.aggregator | Aggregating feature last_lactate_6h using last over last 360.0 minutes for events in Lactate
2026-05-20 15:04:14 | INFO     | src.events.aggregator | Joining aggregated feature last_lactate_6h back to reference table
2026-05-20 15:04:14 | INFO     | src.events.aggregator | Feature last_lactate_6h aggregated and joined. Current reference table now has 2536039 rows and 12 columns.
2026-05-20 15:04:14 | INFO     | src.events.aggregator | --------------------------------------------------------------------------------
2026-05-20 15:04:14 | INFO     | src.events.aggregator | Aggregating feature last_platelets_24h using last over last 1440.0 minutes for events in Platelets
2026-05-20 15:04:14 | INFO     | src.events.aggregator | Joining aggregated feature last_platelets_24h back to reference table
2026-05-20 15:04:14 | INFO     | src.events.aggregator | Feature last_platelets_24h aggregated and joined. Current reference table now has 2536039 rows and 13 columns.
2026-05-20 15:04:14 | INFO     | src.events.aggregator | --------------------------------------------------------------------------------
2026-05-20 15:04:14 | INFO     | src.events.aggregator | Aggregating feature last_inr_12h using last over last 720.0 minutes for events in INR
2026-05-20 15:04:15 | INFO     | src.events.aggregator | Joining aggregated feature last_inr_12h back to reference table
2026-05-20 15:04:15 | INFO     | src.events.aggregator | Feature last_inr_12h aggregated and joined. Current reference table now has 2536039 rows and 14 columns.
2026-05-20 15:04:15 | INFO     | src.events.aggregator | --------------------------------------------------------------------------------
2026-05-20 15:04:15 | INFO     | src.events.aggregator | Aggregating feature last_aptt_24h using last over last 1440.0 minutes for events in APTT
2026-05-20 15:04:15 | INFO     | src.events.aggregator | Joining aggregated feature last_aptt_24h back to reference table
2026-05-20 15:04:15 | INFO     | src.events.aggregator | Feature last_aptt_24h aggregated and joined. Current reference table now has 2536039 rows and 15 columns.
2026-05-20 15:04:15 | INFO     | src.events.aggregator | --------------------------------------------------------------------------------
2026-05-20 15:04:15 | INFO     | src.events.aggregator | Aggregating feature last_gcs_12h using last over last 720.0 minutes for events in Glasgow Coma Score
2026-05-20 15:04:16 | INFO     | src.events.aggregator | Joining aggregated feature last_gcs_12h back to reference table
2026-05-20 15:04:16 | INFO     | src.events.aggregator | Feature last_gcs_12h aggregated and joined. Current reference table now has 2536039 rows and 16 columns.
2026-05-20 15:04:16 | INFO     | src.events.aggregator | --------------------------------------------------------------------------------
2026-05-20 15:04:16 | INFO     | src.events.aggregator | Aggregating feature last_vasopressin_24h using last over last 1440.0 minutes for events in Vasopressin
2026-05-20 15:04:16 | INFO     | src.events.aggregator | Joining aggregated feature last_vasopressin_24h back to reference table
2026-05-20 15:04:16 | INFO     | src.events.aggregator | Feature last_vasopressin_24h aggregated and joined. Current reference table now has 2536039 rows and 17 columns.
2026-05-20 15:04:16 | INFO     | src.events.aggregator | --------------------------------------------------------------------------------
2026-05-20 15:04:16 | INFO     | src.events.aggregator | Aggregating feature last_phenylephrine_24h using last over last 1440.0 minutes for events in Phenylephrine
2026-05-20 15:04:17 | INFO     | src.events.aggregator | Joining aggregated feature last_phenylephrine_24h back to reference table
2026-05-20 15:04:17 | INFO     | src.events.aggregator | Feature last_phenylephrine_24h aggregated and joined. Current reference table now has 2536039 rows and 18 columns.
2026-05-20 15:04:17 | INFO     | src.events.aggregator | --------------------------------------------------------------------------------
2026-05-20 15:04:17 | INFO     | src.events.aggregator | Aggregating feature last_norepinephrine_24h using last over last 1440.0 minutes for events in Norepinephrine
2026-05-20 15:04:17 | INFO     | src.events.aggregator | Joining aggregated feature last_norepinephrine_24h back to reference table
2026-05-20 15:04:17 | INFO     | src.events.aggregator | Feature last_norepinephrine_24h aggregated and joined. Current reference table now has 2536039 rows and 19 columns.
2026-05-20 15:04:17 | INFO     | src.events.aggregator | --------------------------------------------------------------------------------
2026-05-20 15:04:17 | INFO     | src.events.aggregator | Aggregating feature last_epinephrine_24h using last over last 1440.0 minutes for events in Epinephrine
2026-05-20 15:04:18 | INFO     | src.events.aggregator | Joining aggregated feature last_epinephrine_24h back to reference table
2026-05-20 15:04:18 | INFO     | src.events.aggregator | Feature last_epinephrine_24h aggregated and joined. Current reference table now has 2536039 rows and 20 columns.
2026-05-20 15:04:18 | INFO     | src.events.aggregator | --------------------------------------------------------------------------------
2026-05-20 15:17:38 | INFO     | __main__ | Loading dataframe from /work/InternalMedicine/s223850/Sepsis-data/data/output/raw_data_phase2_v2/df_sirs_filled.parquet
2026-05-20 15:17:49 | INFO     | src.events.aggregator | Created reference table with 2536039 rows based on unique combinations of EncounterEpicCsn and Event_DateTime
2026-05-20 15:17:49 | INFO     | src.events.aggregator | Aggregating feature last_temp_8h using last over last 480.0 minutes for events in Temperature
2026-05-20 15:26:26 | INFO     | __main__ | Loading dataframe from /work/InternalMedicine/s223850/Sepsis-data/data/output/raw_data_phase2_v2/df_sirs_filled.parquet
2026-05-20 15:27:03 | INFO     | src.events.aggregator | Created reference table with 2536039 rows based on unique combinations of EncounterEpicCsn and Event_DateTime
2026-05-20 15:27:03 | INFO     | src.events.aggregator | Aggregating feature last_temp_8h using last over last 480.0 minutes for events in Temperature
2026-05-20 15:27:44 | INFO     | __main__ | Loading dataframe from /work/InternalMedicine/s223850/Sepsis-data/data/output/raw_data_phase2_v2/df_sirs_filled.parquet
2026-05-20 15:27:54 | INFO     | src.events.aggregator | Created reference table with 2536039 rows based on unique combinations of EncounterEpicCsn and Event_DateTime
2026-05-20 15:27:54 | INFO     | src.events.aggregator | Aggregating feature last_temp_8h using last over last 480.0 minutes for events in Temperature
2026-05-20 15:33:07 | INFO     | __main__ | Loading dataframe from /work/InternalMedicine/s223850/Sepsis-data/data/output/raw_data_phase2_v2/df_sirs_filled.parquet
2026-05-20 15:33:13 | INFO     | src.events.aggregator | Created reference table with 2536039 rows based on unique combinations of EncounterEpicCsn and Event_DateTime
2026-05-20 15:33:13 | INFO     | src.events.aggregator | Aggregating feature last_temp_8h using last over last 480.0 minutes for events in Temperature
2026-05-20 15:35:31 | INFO     | __main__ | Loading dataframe from /work/InternalMedicine/s223850/Sepsis-data/data/output/raw_data_phase2_v2/df_sirs_filled.parquet
2026-05-20 15:35:32 | INFO     | src.events.aggregator | Created reference table with 2536039 rows based on unique combinations of EncounterEpicCsn and Event_DateTime
2026-05-20 15:35:32 | INFO     | src.events.aggregator | Aggregating feature last_temp_8h using last over last 480.0 minutes for events in Temperature
2026-05-20 15:38:14 | INFO     | __main__ | Loading dataframe from /work/InternalMedicine/s223850/Sepsis-data/data/output/raw_data_phase2_v2/df_sirs_filled.parquet
2026-05-20 15:38:15 | INFO     | src.events.aggregator | Created reference table with 2536039 rows based on unique combinations of EncounterEpicCsn and Event_DateTime
2026-05-20 15:38:15 | INFO     | src.events.aggregator | Aggregating feature last_temp_8h using last over last 480.0 minutes for events in Temperature
2026-05-20 15:39:09 | INFO     | src.events.aggregator | Joining aggregated feature last_temp_8h back to reference table
2026-05-20 15:39:09 | INFO     | src.events.aggregator | Feature last_temp_8h aggregated and joined. Current reference table now has 2536039 rows and 3 columns.
2026-05-20 15:39:09 | INFO     | src.events.aggregator | --------------------------------------------------------------------------------
2026-05-20 15:39:09 | INFO     | src.events.aggregator | Aggregating feature last_pulse_8h using last over last 480.0 minutes for events in Pulse
2026-05-20 15:39:20 | INFO     | src.events.aggregator | Joining aggregated feature last_pulse_8h back to reference table
2026-05-20 15:39:20 | INFO     | src.events.aggregator | Feature last_pulse_8h aggregated and joined. Current reference table now has 2536039 rows and 4 columns.
2026-05-20 15:39:20 | INFO     | src.events.aggregator | --------------------------------------------------------------------------------
2026-05-20 15:39:20 | INFO     | src.events.aggregator | Aggregating feature last_resp_8h using last over last 480.0 minutes for events in Respirations
2026-05-20 15:39:27 | INFO     | src.events.aggregator | Joining aggregated feature last_resp_8h back to reference table
2026-05-20 15:39:27 | INFO     | src.events.aggregator | Feature last_resp_8h aggregated and joined. Current reference table now has 2536039 rows and 5 columns.
2026-05-20 15:39:27 | INFO     | src.events.aggregator | --------------------------------------------------------------------------------
2026-05-20 15:39:27 | INFO     | src.events.aggregator | Aggregating feature last_sbp_8h using last over last 480.0 minutes for events in Systolic Blood Pressure
2026-05-20 15:39:28 | INFO     | src.events.aggregator | Joining aggregated feature last_sbp_8h back to reference table
2026-05-20 15:39:28 | INFO     | src.events.aggregator | Feature last_sbp_8h aggregated and joined. Current reference table now has 2536039 rows and 6 columns.
2026-05-20 15:39:28 | INFO     | src.events.aggregator | --------------------------------------------------------------------------------
2026-05-20 15:39:28 | INFO     | src.events.aggregator | Aggregating feature last_map_8h using last over last 480.0 minutes for events in Arterial Blood Pressure Mean
2026-05-20 15:39:29 | INFO     | src.events.aggregator | Joining aggregated feature last_map_8h back to reference table
2026-05-20 15:39:29 | INFO     | src.events.aggregator | Feature last_map_8h aggregated and joined. Current reference table now has 2536039 rows and 7 columns.
2026-05-20 15:39:29 | INFO     | src.events.aggregator | --------------------------------------------------------------------------------
2026-05-20 15:39:29 | INFO     | src.events.aggregator | Aggregating feature last_wbc_12h using last over last 720.0 minutes for events in WBC
2026-05-20 15:39:30 | INFO     | src.events.aggregator | Joining aggregated feature last_wbc_12h back to reference table
2026-05-20 15:39:30 | INFO     | src.events.aggregator | Feature last_wbc_12h aggregated and joined. Current reference table now has 2536039 rows and 8 columns.
2026-05-20 15:39:30 | INFO     | src.events.aggregator | --------------------------------------------------------------------------------
2026-05-20 15:39:30 | INFO     | src.events.aggregator | Aggregating feature last_creatinine_12h using last over last 720.0 minutes for events in Creatinine
2026-05-20 15:39:31 | INFO     | src.events.aggregator | Joining aggregated feature last_creatinine_12h back to reference table
2026-05-20 15:39:31 | INFO     | src.events.aggregator | Feature last_creatinine_12h aggregated and joined. Current reference table now has 2536039 rows and 9 columns.
2026-05-20 15:39:31 | INFO     | src.events.aggregator | --------------------------------------------------------------------------------
2026-05-20 15:39:31 | INFO     | src.events.aggregator | Aggregating feature last_egfr_12h using last over last 720.0 minutes for events in eGFR
2026-05-20 15:39:31 | INFO     | src.events.aggregator | Joining aggregated feature last_egfr_12h back to reference table
2026-05-20 15:39:32 | INFO     | src.events.aggregator | Feature last_egfr_12h aggregated and joined. Current reference table now has 2536039 rows and 10 columns.
2026-05-20 15:39:32 | INFO     | src.events.aggregator | --------------------------------------------------------------------------------
2026-05-20 15:39:32 | INFO     | src.events.aggregator | Aggregating feature last_bilirubin_12h using last over last 720.0 minutes for events in Bilirubin
2026-05-20 15:39:32 | INFO     | src.events.aggregator | Joining aggregated feature last_bilirubin_12h back to reference table
2026-05-20 15:39:32 | INFO     | src.events.aggregator | Feature last_bilirubin_12h aggregated and joined. Current reference table now has 2536039 rows and 11 columns.
2026-05-20 15:39:32 | INFO     | src.events.aggregator | --------------------------------------------------------------------------------
2026-05-20 15:39:32 | INFO     | src.events.aggregator | Aggregating feature last_lactate_6h using last over last 360.0 minutes for events in Lactate
2026-05-20 15:39:33 | INFO     | src.events.aggregator | Joining aggregated feature last_lactate_6h back to reference table
2026-05-20 15:39:33 | INFO     | src.events.aggregator | Feature last_lactate_6h aggregated and joined. Current reference table now has 2536039 rows and 12 columns.
2026-05-20 15:39:33 | INFO     | src.events.aggregator | --------------------------------------------------------------------------------
2026-05-20 15:39:33 | INFO     | src.events.aggregator | Aggregating feature last_platelets_24h using last over last 1440.0 minutes for events in Platelets
2026-05-20 15:39:33 | INFO     | src.events.aggregator | Joining aggregated feature last_platelets_24h back to reference table
2026-05-20 15:39:34 | INFO     | src.events.aggregator | Feature last_platelets_24h aggregated and joined. Current reference table now has 2536039 rows and 13 columns.
2026-05-20 15:39:34 | INFO     | src.events.aggregator | --------------------------------------------------------------------------------
2026-05-20 15:39:34 | INFO     | src.events.aggregator | Aggregating feature last_inr_12h using last over last 720.0 minutes for events in INR
2026-05-20 15:39:34 | INFO     | src.events.aggregator | Joining aggregated feature last_inr_12h back to reference table
2026-05-20 15:39:34 | INFO     | src.events.aggregator | Feature last_inr_12h aggregated and joined. Current reference table now has 2536039 rows and 14 columns.
2026-05-20 15:39:34 | INFO     | src.events.aggregator | --------------------------------------------------------------------------------
2026-05-20 15:39:34 | INFO     | src.events.aggregator | Aggregating feature last_aptt_24h using last over last 1440.0 minutes for events in APTT
2026-05-20 15:39:35 | INFO     | src.events.aggregator | Joining aggregated feature last_aptt_24h back to reference table
2026-05-20 15:39:35 | INFO     | src.events.aggregator | Feature last_aptt_24h aggregated and joined. Current reference table now has 2536039 rows and 15 columns.
2026-05-20 15:39:35 | INFO     | src.events.aggregator | --------------------------------------------------------------------------------
2026-05-20 15:39:35 | INFO     | src.events.aggregator | Aggregating feature last_gcs_12h using last over last 720.0 minutes for events in Glasgow Coma Score
2026-05-20 15:39:35 | INFO     | src.events.aggregator | Joining aggregated feature last_gcs_12h back to reference table
2026-05-20 15:39:36 | INFO     | src.events.aggregator | Feature last_gcs_12h aggregated and joined. Current reference table now has 2536039 rows and 16 columns.
2026-05-20 15:39:36 | INFO     | src.events.aggregator | --------------------------------------------------------------------------------
2026-05-20 15:39:36 | INFO     | src.events.aggregator | Aggregating feature last_vasopressin_24h using last over last 1440.0 minutes for events in Vasopressin
2026-05-20 15:39:36 | INFO     | src.events.aggregator | Joining aggregated feature last_vasopressin_24h back to reference table
2026-05-20 15:39:36 | INFO     | src.events.aggregator | Feature last_vasopressin_24h aggregated and joined. Current reference table now has 2536039 rows and 17 columns.
2026-05-20 15:39:36 | INFO     | src.events.aggregator | --------------------------------------------------------------------------------
2026-05-20 15:39:36 | INFO     | src.events.aggregator | Aggregating feature last_phenylephrine_24h using last over last 1440.0 minutes for events in Phenylephrine
2026-05-20 15:39:37 | INFO     | src.events.aggregator | Joining aggregated feature last_phenylephrine_24h back to reference table
2026-05-20 15:39:37 | INFO     | src.events.aggregator | Feature last_phenylephrine_24h aggregated and joined. Current reference table now has 2536039 rows and 18 columns.
2026-05-20 15:39:37 | INFO     | src.events.aggregator | --------------------------------------------------------------------------------
2026-05-20 15:39:37 | INFO     | src.events.aggregator | Aggregating feature last_norepinephrine_24h using last over last 1440.0 minutes for events in Norepinephrine
2026-05-20 15:39:37 | INFO     | src.events.aggregator | Joining aggregated feature last_norepinephrine_24h back to reference table
2026-05-20 15:39:38 | INFO     | src.events.aggregator | Feature last_norepinephrine_24h aggregated and joined. Current reference table now has 2536039 rows and 19 columns.
2026-05-20 15:39:38 | INFO     | src.events.aggregator | --------------------------------------------------------------------------------
2026-05-20 15:39:38 | INFO     | src.events.aggregator | Aggregating feature last_epinephrine_24h using last over last 1440.0 minutes for events in Epinephrine
2026-05-20 15:39:38 | INFO     | src.events.aggregator | Joining aggregated feature last_epinephrine_24h back to reference table
2026-05-20 15:39:38 | INFO     | src.events.aggregator | Feature last_epinephrine_24h aggregated and joined. Current reference table now has 2536039 rows and 20 columns.
2026-05-20 15:39:38 | INFO     | src.events.aggregator | --------------------------------------------------------------------------------
2026-05-20 15:39:50 | INFO     | src.events.aggregator | All features aggregated and joined back to reference table.
2026-05-20 15:40:54 | INFO     | __main__ | Loading dataframe from /work/InternalMedicine/s223850/Sepsis-data/data/output/raw_data_phase2_v2/df_sirs_filled.parquet
2026-05-20 15:40:55 | INFO     | src.events.aggregator | Created reference table with 2536039 rows based on unique combinations of EncounterEpicCsn and Event_DateTime
2026-05-20 15:40:55 | INFO     | src.events.aggregator | Aggregating feature last_temp_8h using last over last 480.0 minutes for events in Temperature
2026-05-20 15:40:58 | INFO     | src.events.aggregator | Joining aggregated feature last_temp_8h back to reference table
2026-05-20 15:40:58 | INFO     | src.events.aggregator | Feature last_temp_8h aggregated and joined. Current reference table now has 2536039 rows and 3 columns.
2026-05-20 15:40:58 | INFO     | src.events.aggregator | --------------------------------------------------------------------------------
2026-05-20 15:40:58 | INFO     | src.events.aggregator | Aggregating feature last_pulse_8h using last over last 480.0 minutes for events in Pulse
2026-05-20 15:41:06 | INFO     | src.events.aggregator | Joining aggregated feature last_pulse_8h back to reference table
2026-05-20 15:41:06 | INFO     | src.events.aggregator | Feature last_pulse_8h aggregated and joined. Current reference table now has 2536039 rows and 4 columns.
2026-05-20 15:41:06 | INFO     | src.events.aggregator | --------------------------------------------------------------------------------
2026-05-20 15:41:06 | INFO     | src.events.aggregator | Aggregating feature last_resp_8h using last over last 480.0 minutes for events in Respirations
2026-05-20 15:41:12 | INFO     | src.events.aggregator | Joining aggregated feature last_resp_8h back to reference table
2026-05-20 15:41:12 | INFO     | src.events.aggregator | Feature last_resp_8h aggregated and joined. Current reference table now has 2536039 rows and 5 columns.
2026-05-20 15:41:12 | INFO     | src.events.aggregator | --------------------------------------------------------------------------------
2026-05-20 15:41:12 | INFO     | src.events.aggregator | Aggregating feature last_sbp_8h using last over last 480.0 minutes for events in Systolic Blood Pressure
2026-05-20 15:41:13 | INFO     | src.events.aggregator | Joining aggregated feature last_sbp_8h back to reference table
2026-05-20 15:41:13 | INFO     | src.events.aggregator | Feature last_sbp_8h aggregated and joined. Current reference table now has 2536039 rows and 6 columns.
2026-05-20 15:41:13 | INFO     | src.events.aggregator | --------------------------------------------------------------------------------
2026-05-20 15:41:13 | INFO     | src.events.aggregator | Aggregating feature last_map_8h using last over last 480.0 minutes for events in Arterial Blood Pressure Mean
2026-05-20 15:41:13 | INFO     | src.events.aggregator | Joining aggregated feature last_map_8h back to reference table
2026-05-20 15:41:13 | INFO     | src.events.aggregator | Feature last_map_8h aggregated and joined. Current reference table now has 2536039 rows and 7 columns.
2026-05-20 15:41:13 | INFO     | src.events.aggregator | --------------------------------------------------------------------------------
2026-05-20 15:41:13 | INFO     | src.events.aggregator | Aggregating feature last_wbc_12h using last over last 720.0 minutes for events in WBC
2026-05-20 15:41:15 | INFO     | src.events.aggregator | Joining aggregated feature last_wbc_12h back to reference table
2026-05-20 15:41:15 | INFO     | src.events.aggregator | Feature last_wbc_12h aggregated and joined. Current reference table now has 2536039 rows and 8 columns.
2026-05-20 15:41:15 | INFO     | src.events.aggregator | --------------------------------------------------------------------------------
2026-05-20 15:41:15 | INFO     | src.events.aggregator | Aggregating feature last_creatinine_12h using last over last 720.0 minutes for events in Creatinine
2026-05-20 15:41:15 | INFO     | src.events.aggregator | Joining aggregated feature last_creatinine_12h back to reference table
2026-05-20 15:41:16 | INFO     | src.events.aggregator | Feature last_creatinine_12h aggregated and joined. Current reference table now has 2536039 rows and 9 columns.
2026-05-20 15:41:16 | INFO     | src.events.aggregator | --------------------------------------------------------------------------------
2026-05-20 15:41:16 | INFO     | src.events.aggregator | Aggregating feature last_egfr_12h using last over last 720.0 minutes for events in eGFR
2026-05-20 15:41:16 | INFO     | src.events.aggregator | Joining aggregated feature last_egfr_12h back to reference table
2026-05-20 15:41:16 | INFO     | src.events.aggregator | Feature last_egfr_12h aggregated and joined. Current reference table now has 2536039 rows and 10 columns.
2026-05-20 15:41:16 | INFO     | src.events.aggregator | --------------------------------------------------------------------------------
2026-05-20 15:41:16 | INFO     | src.events.aggregator | Aggregating feature last_bilirubin_12h using last over last 720.0 minutes for events in Bilirubin
2026-05-20 15:41:17 | INFO     | src.events.aggregator | Joining aggregated feature last_bilirubin_12h back to reference table
2026-05-20 15:41:17 | INFO     | src.events.aggregator | Feature last_bilirubin_12h aggregated and joined. Current reference table now has 2536039 rows and 11 columns.
2026-05-20 15:41:17 | INFO     | src.events.aggregator | --------------------------------------------------------------------------------
2026-05-20 15:41:17 | INFO     | src.events.aggregator | Aggregating feature last_lactate_6h using last over last 360.0 minutes for events in Lactate
2026-05-20 15:41:18 | INFO     | src.events.aggregator | Joining aggregated feature last_lactate_6h back to reference table
2026-05-20 15:41:18 | INFO     | src.events.aggregator | Feature last_lactate_6h aggregated and joined. Current reference table now has 2536039 rows and 12 columns.
2026-05-20 15:41:18 | INFO     | src.events.aggregator | --------------------------------------------------------------------------------
2026-05-20 15:41:18 | INFO     | src.events.aggregator | Aggregating feature last_platelets_24h using last over last 1440.0 minutes for events in Platelets
2026-05-20 15:41:18 | INFO     | src.events.aggregator | Joining aggregated feature last_platelets_24h back to reference table
2026-05-20 15:41:18 | INFO     | src.events.aggregator | Feature last_platelets_24h aggregated and joined. Current reference table now has 2536039 rows and 13 columns.
2026-05-20 15:41:18 | INFO     | src.events.aggregator | --------------------------------------------------------------------------------
2026-05-20 15:41:18 | INFO     | src.events.aggregator | Aggregating feature last_inr_12h using last over last 720.0 minutes for events in INR
2026-05-20 15:41:19 | INFO     | src.events.aggregator | Joining aggregated feature last_inr_12h back to reference table
2026-05-20 15:41:19 | INFO     | src.events.aggregator | Feature last_inr_12h aggregated and joined. Current reference table now has 2536039 rows and 14 columns.
2026-05-20 15:41:19 | INFO     | src.events.aggregator | --------------------------------------------------------------------------------
2026-05-20 15:41:19 | INFO     | src.events.aggregator | Aggregating feature last_aptt_24h using last over last 1440.0 minutes for events in APTT
2026-05-20 15:41:20 | INFO     | src.events.aggregator | Joining aggregated feature last_aptt_24h back to reference table
2026-05-20 15:41:20 | INFO     | src.events.aggregator | Feature last_aptt_24h aggregated and joined. Current reference table now has 2536039 rows and 15 columns.
2026-05-20 15:41:20 | INFO     | src.events.aggregator | --------------------------------------------------------------------------------
2026-05-20 15:41:20 | INFO     | src.events.aggregator | Aggregating feature last_gcs_12h using last over last 720.0 minutes for events in Glasgow Coma Score
2026-05-20 15:41:20 | INFO     | src.events.aggregator | Joining aggregated feature last_gcs_12h back to reference table
2026-05-20 15:41:20 | INFO     | src.events.aggregator | Feature last_gcs_12h aggregated and joined. Current reference table now has 2536039 rows and 16 columns.
2026-05-20 15:41:20 | INFO     | src.events.aggregator | --------------------------------------------------------------------------------
2026-05-20 15:41:20 | INFO     | src.events.aggregator | Aggregating feature last_vasopressin_24h using last over last 1440.0 minutes for events in Vasopressin
2026-05-20 15:41:21 | INFO     | src.events.aggregator | Joining aggregated feature last_vasopressin_24h back to reference table
2026-05-20 15:41:21 | INFO     | src.events.aggregator | Feature last_vasopressin_24h aggregated and joined. Current reference table now has 2536039 rows and 17 columns.
2026-05-20 15:41:21 | INFO     | src.events.aggregator | --------------------------------------------------------------------------------
2026-05-20 15:41:21 | INFO     | src.events.aggregator | Aggregating feature last_phenylephrine_24h using last over last 1440.0 minutes for events in Phenylephrine
2026-05-20 15:41:22 | INFO     | src.events.aggregator | Joining aggregated feature last_phenylephrine_24h back to reference table
2026-05-20 15:41:22 | INFO     | src.events.aggregator | Feature last_phenylephrine_24h aggregated and joined. Current reference table now has 2536039 rows and 18 columns.
2026-05-20 15:41:22 | INFO     | src.events.aggregator | --------------------------------------------------------------------------------
2026-05-20 15:41:22 | INFO     | src.events.aggregator | Aggregating feature last_norepinephrine_24h using last over last 1440.0 minutes for events in Norepinephrine
2026-05-20 15:41:22 | INFO     | src.events.aggregator | Joining aggregated feature last_norepinephrine_24h back to reference table
2026-05-20 15:41:23 | INFO     | src.events.aggregator | Feature last_norepinephrine_24h aggregated and joined. Current reference table now has 2536039 rows and 19 columns.
2026-05-20 15:41:23 | INFO     | src.events.aggregator | --------------------------------------------------------------------------------
2026-05-20 15:41:23 | INFO     | src.events.aggregator | Aggregating feature last_epinephrine_24h using last over last 1440.0 minutes for events in Epinephrine
2026-05-20 15:41:23 | INFO     | src.events.aggregator | Joining aggregated feature last_epinephrine_24h back to reference table
2026-05-20 15:41:23 | INFO     | src.events.aggregator | Feature last_epinephrine_24h aggregated and joined. Current reference table now has 2536039 rows and 20 columns.
2026-05-20 15:41:23 | INFO     | src.events.aggregator | --------------------------------------------------------------------------------
2026-05-20 15:41:23 | INFO     | src.events.aggregator | All features aggregated and joined back to reference table.
2026-05-20 15:49:50 | INFO     | __main__ | Loading dataframe from /work/InternalMedicine/s223850/Sepsis-data/data/output/raw_data_phase2_v2/df_sirs_filled.parquet
2026-05-20 15:49:51 | INFO     | src.events.aggregator | Created reference table with 2536039 rows based on unique combinations of EncounterEpicCsn and Event_DateTime
2026-05-20 15:49:51 | INFO     | src.events.aggregator | Aggregating feature last_temp_8h using last over last 480.0 minutes for events in Temperature
2026-05-20 15:49:54 | INFO     | src.events.aggregator | Joining aggregated feature last_temp_8h back to reference table
2026-05-20 15:49:54 | INFO     | src.events.aggregator | Feature last_temp_8h aggregated and joined. Current reference table now has 2536039 rows and 3 columns.
2026-05-20 15:49:54 | INFO     | src.events.aggregator | --------------------------------------------------------------------------------
2026-05-20 15:49:54 | INFO     | src.events.aggregator | Aggregating feature last_pulse_8h using last over last 480.0 minutes for events in Pulse
2026-05-20 15:50:03 | INFO     | src.events.aggregator | Joining aggregated feature last_pulse_8h back to reference table
2026-05-20 15:50:03 | INFO     | src.events.aggregator | Feature last_pulse_8h aggregated and joined. Current reference table now has 2536039 rows and 4 columns.
2026-05-20 15:50:03 | INFO     | src.events.aggregator | --------------------------------------------------------------------------------
2026-05-20 15:50:03 | INFO     | src.events.aggregator | Aggregating feature last_resp_8h using last over last 480.0 minutes for events in Respirations
2026-05-20 15:50:11 | INFO     | src.events.aggregator | Joining aggregated feature last_resp_8h back to reference table
2026-05-20 15:50:11 | INFO     | src.events.aggregator | Feature last_resp_8h aggregated and joined. Current reference table now has 2536039 rows and 5 columns.
2026-05-20 15:50:11 | INFO     | src.events.aggregator | --------------------------------------------------------------------------------
2026-05-20 15:50:11 | INFO     | src.events.aggregator | Aggregating feature last_sbp_8h using last over last 480.0 minutes for events in Systolic Blood Pressure
2026-05-20 15:50:11 | INFO     | src.events.aggregator | Joining aggregated feature last_sbp_8h back to reference table
2026-05-20 15:50:11 | INFO     | src.events.aggregator | Feature last_sbp_8h aggregated and joined. Current reference table now has 2536039 rows and 6 columns.
2026-05-20 15:50:11 | INFO     | src.events.aggregator | --------------------------------------------------------------------------------
2026-05-20 15:50:11 | INFO     | src.events.aggregator | Aggregating feature last_map_8h using last over last 480.0 minutes for events in Arterial Blood Pressure Mean
2026-05-20 15:50:12 | INFO     | src.events.aggregator | Joining aggregated feature last_map_8h back to reference table
2026-05-20 15:50:12 | INFO     | src.events.aggregator | Feature last_map_8h aggregated and joined. Current reference table now has 2536039 rows and 7 columns.
2026-05-20 15:50:12 | INFO     | src.events.aggregator | --------------------------------------------------------------------------------
2026-05-20 15:50:12 | INFO     | src.events.aggregator | Aggregating feature last_wbc_12h using last over last 720.0 minutes for events in WBC
2026-05-20 15:50:13 | INFO     | src.events.aggregator | Joining aggregated feature last_wbc_12h back to reference table
2026-05-20 15:50:13 | INFO     | src.events.aggregator | Feature last_wbc_12h aggregated and joined. Current reference table now has 2536039 rows and 8 columns.
2026-05-20 15:50:13 | INFO     | src.events.aggregator | --------------------------------------------------------------------------------
2026-05-20 15:50:13 | INFO     | src.events.aggregator | Aggregating feature last_creatinine_12h using last over last 720.0 minutes for events in Creatinine
2026-05-20 15:50:14 | INFO     | src.events.aggregator | Joining aggregated feature last_creatinine_12h back to reference table
2026-05-20 15:50:14 | INFO     | src.events.aggregator | Feature last_creatinine_12h aggregated and joined. Current reference table now has 2536039 rows and 9 columns.
2026-05-20 15:50:14 | INFO     | src.events.aggregator | --------------------------------------------------------------------------------
2026-05-20 15:50:14 | INFO     | src.events.aggregator | Aggregating feature last_egfr_12h using last over last 720.0 minutes for events in eGFR
2026-05-20 15:50:15 | INFO     | src.events.aggregator | Joining aggregated feature last_egfr_12h back to reference table
2026-05-20 15:50:15 | INFO     | src.events.aggregator | Feature last_egfr_12h aggregated and joined. Current reference table now has 2536039 rows and 10 columns.
2026-05-20 15:50:15 | INFO     | src.events.aggregator | --------------------------------------------------------------------------------
2026-05-20 15:50:15 | INFO     | src.events.aggregator | Aggregating feature last_bilirubin_12h using last over last 720.0 minutes for events in Bilirubin
2026-05-20 15:50:15 | INFO     | src.events.aggregator | Joining aggregated feature last_bilirubin_12h back to reference table
2026-05-20 15:50:15 | INFO     | src.events.aggregator | Feature last_bilirubin_12h aggregated and joined. Current reference table now has 2536039 rows and 11 columns.
2026-05-20 15:50:15 | INFO     | src.events.aggregator | --------------------------------------------------------------------------------
2026-05-20 15:50:15 | INFO     | src.events.aggregator | Aggregating feature last_lactate_6h using last over last 360.0 minutes for events in Lactate
2026-05-20 15:50:16 | INFO     | src.events.aggregator | Joining aggregated feature last_lactate_6h back to reference table
2026-05-20 15:50:16 | INFO     | src.events.aggregator | Feature last_lactate_6h aggregated and joined. Current reference table now has 2536039 rows and 12 columns.
2026-05-20 15:50:16 | INFO     | src.events.aggregator | --------------------------------------------------------------------------------
2026-05-20 15:50:16 | INFO     | src.events.aggregator | Aggregating feature last_platelets_24h using last over last 1440.0 minutes for events in Platelets
2026-05-20 15:50:17 | INFO     | src.events.aggregator | Joining aggregated feature last_platelets_24h back to reference table
2026-05-20 15:50:17 | INFO     | src.events.aggregator | Feature last_platelets_24h aggregated and joined. Current reference table now has 2536039 rows and 13 columns.
2026-05-20 15:50:17 | INFO     | src.events.aggregator | --------------------------------------------------------------------------------
2026-05-20 15:50:17 | INFO     | src.events.aggregator | Aggregating feature last_inr_12h using last over last 720.0 minutes for events in INR
2026-05-20 15:50:17 | INFO     | src.events.aggregator | Joining aggregated feature last_inr_12h back to reference table
2026-05-20 15:50:18 | INFO     | src.events.aggregator | Feature last_inr_12h aggregated and joined. Current reference table now has 2536039 rows and 14 columns.
2026-05-20 15:50:18 | INFO     | src.events.aggregator | --------------------------------------------------------------------------------
2026-05-20 15:50:18 | INFO     | src.events.aggregator | Aggregating feature last_aptt_24h using last over last 1440.0 minutes for events in APTT
2026-05-20 15:50:18 | INFO     | src.events.aggregator | Joining aggregated feature last_aptt_24h back to reference table
2026-05-20 15:50:18 | INFO     | src.events.aggregator | Feature last_aptt_24h aggregated and joined. Current reference table now has 2536039 rows and 15 columns.
2026-05-20 15:50:18 | INFO     | src.events.aggregator | --------------------------------------------------------------------------------
2026-05-20 15:50:18 | INFO     | src.events.aggregator | Aggregating feature last_gcs_12h using last over last 720.0 minutes for events in Glasgow Coma Score
2026-05-20 15:50:19 | INFO     | src.events.aggregator | Joining aggregated feature last_gcs_12h back to reference table
2026-05-20 15:50:19 | INFO     | src.events.aggregator | Feature last_gcs_12h aggregated and joined. Current reference table now has 2536039 rows and 16 columns.
2026-05-20 15:50:19 | INFO     | src.events.aggregator | --------------------------------------------------------------------------------
2026-05-20 15:50:19 | INFO     | src.events.aggregator | Aggregating feature last_vasopressin_24h using last over last 1440.0 minutes for events in Vasopressin
2026-05-20 15:50:20 | INFO     | src.events.aggregator | Joining aggregated feature last_vasopressin_24h back to reference table
2026-05-20 15:50:20 | INFO     | src.events.aggregator | Feature last_vasopressin_24h aggregated and joined. Current reference table now has 2536039 rows and 17 columns.
2026-05-20 15:50:20 | INFO     | src.events.aggregator | --------------------------------------------------------------------------------
2026-05-20 15:50:20 | INFO     | src.events.aggregator | Aggregating feature last_phenylephrine_24h using last over last 1440.0 minutes for events in Phenylephrine
2026-05-20 15:50:20 | INFO     | src.events.aggregator | Joining aggregated feature last_phenylephrine_24h back to reference table
2026-05-20 15:50:20 | INFO     | src.events.aggregator | Feature last_phenylephrine_24h aggregated and joined. Current reference table now has 2536039 rows and 18 columns.
2026-05-20 15:50:20 | INFO     | src.events.aggregator | --------------------------------------------------------------------------------
2026-05-20 15:50:20 | INFO     | src.events.aggregator | Aggregating feature last_norepinephrine_24h using last over last 1440.0 minutes for events in Norepinephrine
2026-05-20 15:50:21 | INFO     | src.events.aggregator | Joining aggregated feature last_norepinephrine_24h back to reference table
2026-05-20 15:50:21 | INFO     | src.events.aggregator | Feature last_norepinephrine_24h aggregated and joined. Current reference table now has 2536039 rows and 19 columns.
2026-05-20 15:50:21 | INFO     | src.events.aggregator | --------------------------------------------------------------------------------
2026-05-20 15:50:21 | INFO     | src.events.aggregator | Aggregating feature last_epinephrine_24h using last over last 1440.0 minutes for events in Epinephrine
2026-05-20 15:50:22 | INFO     | src.events.aggregator | Joining aggregated feature last_epinephrine_24h back to reference table
2026-05-20 15:50:22 | INFO     | src.events.aggregator | Feature last_epinephrine_24h aggregated and joined. Current reference table now has 2536039 rows and 20 columns.
2026-05-20 15:50:22 | INFO     | src.events.aggregator | --------------------------------------------------------------------------------
2026-05-20 15:50:22 | INFO     | src.events.aggregator | All features aggregated and joined back to reference table.
2026-05-20 15:52:27 | INFO     | __main__ | Loading dataframe from /work/InternalMedicine/s223850/Sepsis-data/data/output/raw_data_phase2_v2/df_sirs_filled.parquet
2026-05-20 15:52:28 | INFO     | src.events.aggregator | Created reference table with 2536039 rows based on unique combinations of EncounterEpicCsn and Event_DateTime
2026-05-20 15:52:28 | INFO     | src.events.aggregator | Aggregating feature last_temp_8h using last over last 480.0 minutes for events in Temperature
2026-05-20 15:52:31 | INFO     | src.events.aggregator | Joining aggregated feature last_temp_8h back to reference table
2026-05-20 15:52:31 | INFO     | src.events.aggregator | Feature last_temp_8h aggregated and joined. Current reference table now has 2536039 rows and 3 columns.
2026-05-20 15:52:31 | INFO     | src.events.aggregator | --------------------------------------------------------------------------------
2026-05-20 15:52:31 | INFO     | src.events.aggregator | Aggregating feature last_pulse_8h using last over last 480.0 minutes for events in Pulse
2026-05-20 15:52:39 | INFO     | src.events.aggregator | Joining aggregated feature last_pulse_8h back to reference table
2026-05-20 15:52:39 | INFO     | src.events.aggregator | Feature last_pulse_8h aggregated and joined. Current reference table now has 2536039 rows and 4 columns.
2026-05-20 15:52:39 | INFO     | src.events.aggregator | --------------------------------------------------------------------------------
2026-05-20 15:52:39 | INFO     | src.events.aggregator | Aggregating feature last_resp_8h using last over last 480.0 minutes for events in Respirations
2026-05-20 15:52:46 | INFO     | src.events.aggregator | Joining aggregated feature last_resp_8h back to reference table
2026-05-20 15:52:46 | INFO     | src.events.aggregator | Feature last_resp_8h aggregated and joined. Current reference table now has 2536039 rows and 5 columns.
2026-05-20 15:52:46 | INFO     | src.events.aggregator | --------------------------------------------------------------------------------
2026-05-20 15:52:46 | INFO     | src.events.aggregator | Aggregating feature last_sbp_8h using last over last 480.0 minutes for events in Systolic Blood Pressure
2026-05-20 15:52:46 | INFO     | src.events.aggregator | Joining aggregated feature last_sbp_8h back to reference table
2026-05-20 15:52:46 | INFO     | src.events.aggregator | Feature last_sbp_8h aggregated and joined. Current reference table now has 2536039 rows and 6 columns.
2026-05-20 15:52:46 | INFO     | src.events.aggregator | --------------------------------------------------------------------------------
2026-05-20 15:52:46 | INFO     | src.events.aggregator | Aggregating feature last_map_8h using last over last 480.0 minutes for events in Arterial Blood Pressure Mean
2026-05-20 15:52:47 | INFO     | src.events.aggregator | Joining aggregated feature last_map_8h back to reference table
2026-05-20 15:52:47 | INFO     | src.events.aggregator | Feature last_map_8h aggregated and joined. Current reference table now has 2536039 rows and 7 columns.
2026-05-20 15:52:47 | INFO     | src.events.aggregator | --------------------------------------------------------------------------------
2026-05-20 15:52:47 | INFO     | src.events.aggregator | Aggregating feature last_wbc_12h using last over last 720.0 minutes for events in WBC
2026-05-20 15:52:48 | INFO     | src.events.aggregator | Joining aggregated feature last_wbc_12h back to reference table
2026-05-20 15:52:48 | INFO     | src.events.aggregator | Feature last_wbc_12h aggregated and joined. Current reference table now has 2536039 rows and 8 columns.
2026-05-20 15:52:48 | INFO     | src.events.aggregator | --------------------------------------------------------------------------------
2026-05-20 15:52:48 | INFO     | src.events.aggregator | Aggregating feature last_creatinine_12h using last over last 720.0 minutes for events in Creatinine
2026-05-20 15:52:49 | INFO     | src.events.aggregator | Joining aggregated feature last_creatinine_12h back to reference table
2026-05-20 15:52:49 | INFO     | src.events.aggregator | Feature last_creatinine_12h aggregated and joined. Current reference table now has 2536039 rows and 9 columns.
2026-05-20 15:52:49 | INFO     | src.events.aggregator | --------------------------------------------------------------------------------
2026-05-20 15:52:49 | INFO     | src.events.aggregator | Aggregating feature last_egfr_12h using last over last 720.0 minutes for events in eGFR
2026-05-20 15:52:50 | INFO     | src.events.aggregator | Joining aggregated feature last_egfr_12h back to reference table
2026-05-20 15:52:50 | INFO     | src.events.aggregator | Feature last_egfr_12h aggregated and joined. Current reference table now has 2536039 rows and 10 columns.
2026-05-20 15:52:50 | INFO     | src.events.aggregator | --------------------------------------------------------------------------------
2026-05-20 15:52:50 | INFO     | src.events.aggregator | Aggregating feature last_bilirubin_12h using last over last 720.0 minutes for events in Bilirubin
2026-05-20 15:52:50 | INFO     | src.events.aggregator | Joining aggregated feature last_bilirubin_12h back to reference table
2026-05-20 15:52:50 | INFO     | src.events.aggregator | Feature last_bilirubin_12h aggregated and joined. Current reference table now has 2536039 rows and 11 columns.
2026-05-20 15:52:50 | INFO     | src.events.aggregator | --------------------------------------------------------------------------------
2026-05-20 15:52:50 | INFO     | src.events.aggregator | Aggregating feature last_lactate_6h using last over last 360.0 minutes for events in Lactate
2026-05-20 15:52:51 | INFO     | src.events.aggregator | Joining aggregated feature last_lactate_6h back to reference table
2026-05-20 15:52:51 | INFO     | src.events.aggregator | Feature last_lactate_6h aggregated and joined. Current reference table now has 2536039 rows and 12 columns.
2026-05-20 15:52:51 | INFO     | src.events.aggregator | --------------------------------------------------------------------------------
2026-05-20 15:52:51 | INFO     | src.events.aggregator | Aggregating feature last_platelets_24h using last over last 1440.0 minutes for events in Platelets
2026-05-20 15:52:52 | INFO     | src.events.aggregator | Joining aggregated feature last_platelets_24h back to reference table
2026-05-20 15:52:52 | INFO     | src.events.aggregator | Feature last_platelets_24h aggregated and joined. Current reference table now has 2536039 rows and 13 columns.
2026-05-20 15:52:52 | INFO     | src.events.aggregator | --------------------------------------------------------------------------------
2026-05-20 15:52:52 | INFO     | src.events.aggregator | Aggregating feature last_inr_12h using last over last 720.0 minutes for events in INR
2026-05-20 15:52:52 | INFO     | src.events.aggregator | Joining aggregated feature last_inr_12h back to reference table
2026-05-20 15:52:52 | INFO     | src.events.aggregator | Feature last_inr_12h aggregated and joined. Current reference table now has 2536039 rows and 14 columns.
2026-05-20 15:52:52 | INFO     | src.events.aggregator | --------------------------------------------------------------------------------
2026-05-20 15:52:52 | INFO     | src.events.aggregator | Aggregating feature last_aptt_24h using last over last 1440.0 minutes for events in APTT
2026-05-20 15:52:53 | INFO     | src.events.aggregator | Joining aggregated feature last_aptt_24h back to reference table
2026-05-20 15:52:53 | INFO     | src.events.aggregator | Feature last_aptt_24h aggregated and joined. Current reference table now has 2536039 rows and 15 columns.
2026-05-20 15:52:53 | INFO     | src.events.aggregator | --------------------------------------------------------------------------------
2026-05-20 15:52:53 | INFO     | src.events.aggregator | Aggregating feature last_gcs_12h using last over last 720.0 minutes for events in Glasgow Coma Score
2026-05-20 15:52:54 | INFO     | src.events.aggregator | Joining aggregated feature last_gcs_12h back to reference table
2026-05-20 15:52:54 | INFO     | src.events.aggregator | Feature last_gcs_12h aggregated and joined. Current reference table now has 2536039 rows and 16 columns.
2026-05-20 15:52:54 | INFO     | src.events.aggregator | --------------------------------------------------------------------------------
2026-05-20 15:52:54 | INFO     | src.events.aggregator | Aggregating feature last_vasopressin_24h using last over last 1440.0 minutes for events in Vasopressin
2026-05-20 15:52:54 | INFO     | src.events.aggregator | Joining aggregated feature last_vasopressin_24h back to reference table
2026-05-20 15:52:54 | INFO     | src.events.aggregator | Feature last_vasopressin_24h aggregated and joined. Current reference table now has 2536039 rows and 17 columns.
2026-05-20 15:52:54 | INFO     | src.events.aggregator | --------------------------------------------------------------------------------
2026-05-20 15:52:54 | INFO     | src.events.aggregator | Aggregating feature last_phenylephrine_24h using last over last 1440.0 minutes for events in Phenylephrine
2026-05-20 15:52:55 | INFO     | src.events.aggregator | Joining aggregated feature last_phenylephrine_24h back to reference table
2026-05-20 15:52:55 | INFO     | src.events.aggregator | Feature last_phenylephrine_24h aggregated and joined. Current reference table now has 2536039 rows and 18 columns.
2026-05-20 15:52:55 | INFO     | src.events.aggregator | --------------------------------------------------------------------------------
2026-05-20 15:52:55 | INFO     | src.events.aggregator | Aggregating feature last_norepinephrine_24h using last over last 1440.0 minutes for events in Norepinephrine
2026-05-20 15:52:56 | INFO     | src.events.aggregator | Joining aggregated feature last_norepinephrine_24h back to reference table
2026-05-20 15:52:56 | INFO     | src.events.aggregator | Feature last_norepinephrine_24h aggregated and joined. Current reference table now has 2536039 rows and 19 columns.
2026-05-20 15:52:56 | INFO     | src.events.aggregator | --------------------------------------------------------------------------------
2026-05-20 15:52:56 | INFO     | src.events.aggregator | Aggregating feature last_epinephrine_24h using last over last 1440.0 minutes for events in Epinephrine
2026-05-20 15:52:56 | INFO     | src.events.aggregator | Joining aggregated feature last_epinephrine_24h back to reference table
2026-05-20 15:52:57 | INFO     | src.events.aggregator | Feature last_epinephrine_24h aggregated and joined. Current reference table now has 2536039 rows and 20 columns.
2026-05-20 15:52:57 | INFO     | src.events.aggregator | --------------------------------------------------------------------------------
2026-05-20 15:52:57 | INFO     | src.events.aggregator | All features aggregated and joined back to reference table.
2026-05-20 16:13:17 | INFO     | __main__ | Loading dataframe from /work/InternalMedicine/s223850/Sepsis-data/data/output/raw_data_phase2_v2/df_sirs_filled.parquet
2026-05-20 16:13:18 | INFO     | src.events.aggregator | Created reference table with 2536039 rows based on unique combinations of EncounterEpicCsn and Event_DateTime
2026-05-20 16:13:18 | INFO     | src.events.aggregator | Aggregating feature last_temp_8h using last over last 480.0 minutes for events in Temperature
2026-05-20 16:14:44 | INFO     | __main__ | Loading dataframe from /work/InternalMedicine/s223850/Sepsis-data/data/output/raw_data_phase2_v2/df_sirs_filled.parquet
2026-05-20 16:14:45 | INFO     | src.events.aggregator | Created reference table with 2536039 rows based on unique combinations of EncounterEpicCsn and Event_DateTime
2026-05-20 16:14:45 | INFO     | src.events.aggregator | Aggregating feature last_temp_8h using last over last 480.0 minutes for events in Temperature
2026-05-20 16:15:24 | INFO     | src.events.aggregator | Joining aggregated feature last_temp_8h back to reference table
2026-05-20 16:15:24 | INFO     | src.events.aggregator | Feature last_temp_8h aggregated and joined. Current reference table now has 2536039 rows and 3 columns.
2026-05-20 16:15:24 | INFO     | src.events.aggregator | --------------------------------------------------------------------------------
2026-05-20 16:15:24 | INFO     | src.events.aggregator | Aggregating feature last_pulse_8h using last over last 480.0 minutes for events in Pulse
2026-05-20 16:55:44 | INFO     | __main__ | Loading dataframe from /work/InternalMedicine/s223850/Sepsis-data/data/output/raw_data_phase2_v2/df_sirs_filled.parquet
2026-05-20 16:55:45 | INFO     | src.events.aggregator | Created reference table with 2536039 rows based on unique combinations of EncounterEpicCsn and Event_DateTime
2026-05-20 16:55:45 | INFO     | src.events.aggregator | Aggregating feature last_temp_8h using last over last 480.0 minutes for events in Temperature
2026-05-20 16:55:48 | INFO     | src.events.aggregator | Joining aggregated feature last_temp_8h back to reference table
2026-05-20 16:55:48 | INFO     | src.events.aggregator | Feature last_temp_8h aggregated and joined. Current reference table now has 2536039 rows and 3 columns.
2026-05-20 16:55:48 | INFO     | src.events.aggregator | --------------------------------------------------------------------------------
2026-05-20 16:55:48 | INFO     | src.events.aggregator | Aggregating feature last_pulse_8h using last over last 480.0 minutes for events in Pulse
2026-05-20 17:26:08 | INFO     | __main__ | Loading dataframe from /work/InternalMedicine/s223850/Sepsis-data/data/output/raw_data_phase2_v2/df_sirs_filled.parquet
2026-05-20 17:41:21 | INFO     | __main__ | Loading dataframe from /work/InternalMedicine/s223850/Sepsis-data/data/output/raw_data_phase2_v2/df_sirs_filled.parquet
2026-05-20 17:41:22 | INFO     | src.events.aggregator | Created reference table with 2536039 rows based on unique combinations of EncounterEpicCsn and Event_DateTime
2026-05-20 17:41:22 | INFO     | src.events.aggregator | Aggregating feature last_temp_8h using last over last 480.0 minutes for events in Temperature
2026-05-20 17:41:25 | INFO     | src.events.aggregator | Joining aggregated feature last_temp_8h back to reference table
2026-05-20 17:41:25 | INFO     | src.events.aggregator | Feature last_temp_8h aggregated and joined. Current reference table now has 2536039 rows and 3 columns.
2026-05-20 17:41:25 | INFO     | src.events.aggregator | --------------------------------------------------------------------------------
2026-05-20 17:41:25 | INFO     | src.events.aggregator | Aggregating feature last_pulse_8h using last over last 480.0 minutes for events in Pulse
2026-05-20 17:42:19 | INFO     | __main__ | Loading dataframe from /work/InternalMedicine/s223850/Sepsis-data/data/output/raw_data_phase2_v2/df_sirs_filled.parquet
2026-05-20 17:42:20 | INFO     | src.events.aggregator | Created reference table with 2536039 rows based on unique combinations of EncounterEpicCsn and Event_DateTime
2026-05-20 17:42:20 | INFO     | src.events.aggregator | Aggregating feature last_temp_8h using last over last 480.0 minutes for events in Temperature
2026-05-20 17:42:23 | INFO     | src.events.aggregator | Joining aggregated feature last_temp_8h back to reference table
2026-05-20 17:42:23 | INFO     | src.events.aggregator | Feature last_temp_8h aggregated and joined. Current reference table now has 2536039 rows and 3 columns.
2026-05-20 17:42:23 | INFO     | src.events.aggregator | --------------------------------------------------------------------------------
2026-05-20 17:42:23 | INFO     | src.events.aggregator | Aggregating feature last_pulse_8h using last over last 480.0 minutes for events in Pulse
2026-05-20 17:42:31 | INFO     | src.events.aggregator | Joining aggregated feature last_pulse_8h back to reference table
2026-05-20 17:42:31 | INFO     | src.events.aggregator | Feature last_pulse_8h aggregated and joined. Current reference table now has 2536039 rows and 4 columns.
2026-05-20 17:42:31 | INFO     | src.events.aggregator | --------------------------------------------------------------------------------
2026-05-20 17:42:31 | INFO     | src.events.aggregator | Aggregating feature last_resp_8h using last over last 480.0 minutes for events in Respirations
2026-05-20 17:42:37 | INFO     | src.events.aggregator | Joining aggregated feature last_resp_8h back to reference table
2026-05-20 17:42:38 | INFO     | src.events.aggregator | Feature last_resp_8h aggregated and joined. Current reference table now has 2536039 rows and 5 columns.
2026-05-20 17:42:38 | INFO     | src.events.aggregator | --------------------------------------------------------------------------------
2026-05-20 17:42:38 | INFO     | src.events.aggregator | Aggregating feature last_sbp_8h using last over last 480.0 minutes for events in Systolic Blood Pressure
2026-05-20 17:42:38 | INFO     | src.events.aggregator | Joining aggregated feature last_sbp_8h back to reference table
2026-05-20 17:42:38 | INFO     | src.events.aggregator | Feature last_sbp_8h aggregated and joined. Current reference table now has 2536039 rows and 6 columns.
2026-05-20 17:42:38 | INFO     | src.events.aggregator | --------------------------------------------------------------------------------
2026-05-20 17:42:38 | INFO     | src.events.aggregator | Aggregating feature last_map_8h using last over last 480.0 minutes for events in Arterial Blood Pressure Mean
2026-05-20 17:52:04 | INFO     | __main__ | Loading dataframe from /work/InternalMedicine/s223850/Sepsis-data/data/output/raw_data_phase2_v2/df_sirs_filled.parquet
2026-05-20 17:52:05 | INFO     | src.events.aggregator | Created reference table with 2536039 rows based on unique combinations of EncounterEpicCsn and Event_DateTime
2026-05-20 17:52:05 | INFO     | src.events.aggregator | Aggregating feature last_temp_8h using last over last 480.0 minutes for events in Temperature
2026-05-20 17:52:08 | INFO     | src.events.aggregator | Joining aggregated feature last_temp_8h back to reference table
2026-05-20 17:52:08 | INFO     | src.events.aggregator | Feature last_temp_8h aggregated and joined. Current reference table now has 2536039 rows and 3 columns.
2026-05-20 17:52:08 | INFO     | src.events.aggregator | --------------------------------------------------------------------------------
2026-05-20 17:52:08 | INFO     | src.events.aggregator | Aggregating feature last_pulse_8h using last over last 480.0 minutes for events in Pulse
2026-05-20 17:52:16 | INFO     | src.events.aggregator | Joining aggregated feature last_pulse_8h back to reference table
2026-05-20 17:52:16 | INFO     | src.events.aggregator | Feature last_pulse_8h aggregated and joined. Current reference table now has 2536039 rows and 4 columns.
2026-05-20 17:52:16 | INFO     | src.events.aggregator | --------------------------------------------------------------------------------
2026-05-20 17:52:16 | INFO     | src.events.aggregator | Aggregating feature last_resp_8h using last over last 480.0 minutes for events in Respirations
2026-05-20 17:52:23 | INFO     | src.events.aggregator | Joining aggregated feature last_resp_8h back to reference table
2026-05-20 17:52:23 | INFO     | src.events.aggregator | Feature last_resp_8h aggregated and joined. Current reference table now has 2536039 rows and 5 columns.
2026-05-20 17:52:23 | INFO     | src.events.aggregator | --------------------------------------------------------------------------------
2026-05-20 17:52:23 | INFO     | src.events.aggregator | Aggregating feature last_sbp_8h using last over last 480.0 minutes for events in Systolic Blood Pressure
2026-05-20 17:52:24 | INFO     | src.events.aggregator | Joining aggregated feature last_sbp_8h back to reference table
2026-05-20 17:52:24 | INFO     | src.events.aggregator | Feature last_sbp_8h aggregated and joined. Current reference table now has 2536039 rows and 6 columns.
2026-05-20 17:52:24 | INFO     | src.events.aggregator | --------------------------------------------------------------------------------
2026-05-20 17:52:24 | INFO     | src.events.aggregator | Aggregating feature last_map_8h using last over last 480.0 minutes for events in Arterial Blood Pressure Mean
2026-05-20 17:53:07 | INFO     | __main__ | Loading dataframe from /work/InternalMedicine/s223850/Sepsis-data/data/output/raw_data_phase2_v2/df_sirs_filled.parquet
2026-05-20 17:53:08 | INFO     | src.events.aggregator | Created reference table with 2536039 rows based on unique combinations of EncounterEpicCsn and Event_DateTime
2026-05-20 17:53:08 | INFO     | src.events.aggregator | Aggregating feature last_temp_8h using last over last 480.0 minutes for events in Temperature
2026-05-20 17:53:49 | INFO     | __main__ | Loading dataframe from /work/InternalMedicine/s223850/Sepsis-data/data/output/raw_data_phase2_v2/df_sirs_filled.parquet
2026-05-20 17:53:50 | INFO     | src.events.aggregator | Created reference table with 2536039 rows based on unique combinations of EncounterEpicCsn and Event_DateTime
2026-05-20 17:53:50 | INFO     | src.events.aggregator | Aggregating feature last_temp_8h using last over last 480.0 minutes for events in Temperature
2026-05-20 17:54:17 | INFO     | src.events.aggregator | Joining aggregated feature last_temp_8h back to reference table
2026-05-20 17:54:17 | INFO     | src.events.aggregator | Feature last_temp_8h aggregated and joined. Current reference table now has 2536039 rows and 3 columns.
2026-05-20 17:54:17 | INFO     | src.events.aggregator | --------------------------------------------------------------------------------
2026-05-20 17:54:17 | INFO     | src.events.aggregator | Aggregating feature last_pulse_8h using last over last 480.0 minutes for events in Pulse
2026-05-20 17:54:25 | INFO     | src.events.aggregator | Joining aggregated feature last_pulse_8h back to reference table
2026-05-20 17:54:25 | INFO     | src.events.aggregator | Feature last_pulse_8h aggregated and joined. Current reference table now has 2536039 rows and 4 columns.
2026-05-20 17:54:25 | INFO     | src.events.aggregator | --------------------------------------------------------------------------------
2026-05-20 17:54:25 | INFO     | src.events.aggregator | Aggregating feature last_resp_8h using last over last 480.0 minutes for events in Respirations
2026-05-20 17:54:34 | INFO     | src.events.aggregator | Joining aggregated feature last_resp_8h back to reference table
2026-05-20 17:54:34 | INFO     | src.events.aggregator | Feature last_resp_8h aggregated and joined. Current reference table now has 2536039 rows and 5 columns.
2026-05-20 17:54:34 | INFO     | src.events.aggregator | --------------------------------------------------------------------------------
2026-05-20 17:54:34 | INFO     | src.events.aggregator | Aggregating feature last_sbp_8h using last over last 480.0 minutes for events in Systolic Blood Pressure
2026-05-20 17:54:34 | INFO     | src.events.aggregator | Joining aggregated feature last_sbp_8h back to reference table
2026-05-20 17:54:34 | INFO     | src.events.aggregator | Feature last_sbp_8h aggregated and joined. Current reference table now has 2536039 rows and 6 columns.
2026-05-20 17:54:34 | INFO     | src.events.aggregator | --------------------------------------------------------------------------------
2026-05-20 17:54:34 | INFO     | src.events.aggregator | Aggregating feature last_map_8h using last over last 480.0 minutes for events in Arterial Blood Pressure Mean
2026-05-20 17:55:22 | INFO     | __main__ | Loading dataframe from /work/InternalMedicine/s223850/Sepsis-data/data/output/raw_data_phase2_v2/df_sirs_filled.parquet
2026-05-20 17:55:23 | INFO     | src.events.aggregator | Created reference table with 2536039 rows based on unique combinations of EncounterEpicCsn and Event_DateTime
2026-05-20 17:55:23 | INFO     | src.events.aggregator | Aggregating feature last_temp_8h using last over last 480.0 minutes for events in Temperature
2026-05-20 17:55:26 | INFO     | src.events.aggregator | Joining aggregated feature last_temp_8h back to reference table
2026-05-20 17:55:26 | INFO     | src.events.aggregator | Feature last_temp_8h aggregated and joined. Current reference table now has 2536039 rows and 3 columns.
2026-05-20 17:55:26 | INFO     | src.events.aggregator | --------------------------------------------------------------------------------
2026-05-20 17:55:26 | INFO     | src.events.aggregator | Aggregating feature last_pulse_8h using last over last 480.0 minutes for events in Pulse
2026-05-20 17:55:34 | INFO     | src.events.aggregator | Joining aggregated feature last_pulse_8h back to reference table
2026-05-20 17:55:34 | INFO     | src.events.aggregator | Feature last_pulse_8h aggregated and joined. Current reference table now has 2536039 rows and 4 columns.
2026-05-20 17:55:34 | INFO     | src.events.aggregator | --------------------------------------------------------------------------------
2026-05-20 17:55:34 | INFO     | src.events.aggregator | Aggregating feature last_resp_8h using last over last 480.0 minutes for events in Respirations
2026-05-20 17:55:41 | INFO     | src.events.aggregator | Joining aggregated feature last_resp_8h back to reference table
2026-05-20 17:55:41 | INFO     | src.events.aggregator | Feature last_resp_8h aggregated and joined. Current reference table now has 2536039 rows and 5 columns.
2026-05-20 17:55:41 | INFO     | src.events.aggregator | --------------------------------------------------------------------------------
2026-05-20 17:55:41 | INFO     | src.events.aggregator | Aggregating feature last_sbp_8h using last over last 480.0 minutes for events in Systolic Blood Pressure
2026-05-20 17:55:41 | WARNING  | src.events.aggregator | Only 0 events found for feature last_sbp_8h. Check if the event_grouper value is correct and if there are enough events in the data.
2026-05-20 17:55:41 | INFO     | src.events.aggregator | Joining aggregated feature last_sbp_8h back to reference table
2026-05-20 17:55:41 | INFO     | src.events.aggregator | Feature last_sbp_8h aggregated and joined. Current reference table now has 2536039 rows and 6 columns.
2026-05-20 17:55:41 | INFO     | src.events.aggregator | --------------------------------------------------------------------------------
2026-05-20 17:55:41 | INFO     | src.events.aggregator | Aggregating feature last_map_8h using last over last 480.0 minutes for events in Arterial Blood Pressure Mean
2026-05-20 17:56:26 | INFO     | __main__ | Loading dataframe from /work/InternalMedicine/s223850/Sepsis-data/data/output/raw_data_phase2_v2/df_sirs_filled.parquet
2026-05-20 17:56:27 | INFO     | src.events.aggregator | Created reference table with 2536039 rows based on unique combinations of EncounterEpicCsn and Event_DateTime
2026-05-20 17:56:27 | INFO     | src.events.aggregator | Aggregating feature last_temp_8h using last over last 480.0 minutes for events in Temperature
2026-05-20 17:56:30 | INFO     | src.events.aggregator | Joining aggregated feature last_temp_8h back to reference table
2026-05-20 17:56:30 | INFO     | src.events.aggregator | Feature last_temp_8h aggregated and joined. Current reference table now has 2536039 rows and 3 columns.
2026-05-20 17:56:30 | INFO     | src.events.aggregator | --------------------------------------------------------------------------------
2026-05-20 17:56:30 | INFO     | src.events.aggregator | Aggregating feature last_pulse_8h using last over last 480.0 minutes for events in Pulse
2026-05-20 17:56:38 | INFO     | src.events.aggregator | Joining aggregated feature last_pulse_8h back to reference table
2026-05-20 17:56:38 | INFO     | src.events.aggregator | Feature last_pulse_8h aggregated and joined. Current reference table now has 2536039 rows and 4 columns.
2026-05-20 17:56:38 | INFO     | src.events.aggregator | --------------------------------------------------------------------------------
2026-05-20 17:56:38 | INFO     | src.events.aggregator | Aggregating feature last_resp_8h using last over last 480.0 minutes for events in Respirations
2026-05-20 17:56:45 | INFO     | src.events.aggregator | Joining aggregated feature last_resp_8h back to reference table
2026-05-20 17:56:46 | INFO     | src.events.aggregator | Feature last_resp_8h aggregated and joined. Current reference table now has 2536039 rows and 5 columns.
2026-05-20 17:56:46 | INFO     | src.events.aggregator | --------------------------------------------------------------------------------
2026-05-20 17:56:46 | INFO     | src.events.aggregator | Aggregating feature last_sbp_8h using last over last 480.0 minutes for events in Systolic Blood Pressure
2026-05-20 17:56:46 | WARNING  | src.events.aggregator | Only 0 events found for feature last_sbp_8h. Check if the event_grouper value is correct and if there are enough events in the data.
2026-05-20 17:56:46 | INFO     | src.events.aggregator | Joining aggregated feature last_sbp_8h back to reference table
2026-05-20 17:56:46 | INFO     | src.events.aggregator | Feature last_sbp_8h aggregated and joined. Current reference table now has 2536039 rows and 6 columns.
2026-05-20 17:56:46 | INFO     | src.events.aggregator | --------------------------------------------------------------------------------
2026-05-20 17:56:46 | INFO     | src.events.aggregator | Aggregating feature last_map_8h using last over last 480.0 minutes for events in Arterial Blood Pressure Mean
2026-05-20 18:04:33 | INFO     | __main__ | Loading dataframe from /work/InternalMedicine/s223850/Sepsis-data/data/output/raw_data_phase2_v2/df_sirs_filled.parquet
2026-05-20 18:04:34 | INFO     | src.events.aggregator | Created reference table with 2536039 rows based on unique combinations of EncounterEpicCsn and Event_DateTime
2026-05-20 18:04:34 | INFO     | src.events.aggregator | Aggregating feature last_temp_8h using last over last 480.0 minutes for events in Temperature
2026-05-20 18:04:36 | INFO     | src.events.aggregator | Joining aggregated feature last_temp_8h back to reference table
2026-05-20 18:04:36 | INFO     | src.events.aggregator | Feature last_temp_8h aggregated and joined. Current reference table now has 2536039 rows and 3 columns.
2026-05-20 18:04:36 | INFO     | src.events.aggregator | --------------------------------------------------------------------------------
2026-05-20 18:04:36 | INFO     | src.events.aggregator | Aggregating feature last_pulse_8h using last over last 480.0 minutes for events in Pulse
2026-05-20 18:04:44 | INFO     | src.events.aggregator | Joining aggregated feature last_pulse_8h back to reference table
2026-05-20 18:04:44 | INFO     | src.events.aggregator | Feature last_pulse_8h aggregated and joined. Current reference table now has 2536039 rows and 4 columns.
2026-05-20 18:04:44 | INFO     | src.events.aggregator | --------------------------------------------------------------------------------
2026-05-20 18:04:44 | INFO     | src.events.aggregator | Aggregating feature last_resp_8h using last over last 480.0 minutes for events in Respirations
2026-05-20 18:04:52 | INFO     | src.events.aggregator | Joining aggregated feature last_resp_8h back to reference table
2026-05-20 18:04:52 | INFO     | src.events.aggregator | Feature last_resp_8h aggregated and joined. Current reference table now has 2536039 rows and 5 columns.
2026-05-20 18:04:52 | INFO     | src.events.aggregator | --------------------------------------------------------------------------------
2026-05-20 18:04:52 | INFO     | src.events.aggregator | Aggregating feature last_sbp_8h using last over last 480.0 minutes for events in Systolic Blood Pressure
2026-05-20 18:04:52 | WARNING  | src.events.aggregator | Only 0 events found for feature last_sbp_8h. Check if the event_grouper value is correct and if there are enough events in the data.
2026-05-20 18:04:53 | INFO     | src.events.aggregator | Joining aggregated feature last_sbp_8h back to reference table
2026-05-20 18:04:53 | INFO     | src.events.aggregator | Feature last_sbp_8h aggregated and joined. Current reference table now has 2536039 rows and 6 columns.
2026-05-20 18:04:53 | INFO     | src.events.aggregator | --------------------------------------------------------------------------------
2026-05-20 18:04:53 | INFO     | src.events.aggregator | Aggregating feature last_map_8h using last over last 480.0 minutes for events in Arterial Blood Pressure Mean
2026-05-20 18:07:23 | INFO     | __main__ | Loading dataframe from /work/InternalMedicine/s223850/Sepsis-data/data/output/raw_data_phase2_v2/df_sirs_filled.parquet
2026-05-20 18:07:24 | INFO     | src.events.aggregator | Created reference table with 2536039 rows based on unique combinations of EncounterEpicCsn and Event_DateTime
2026-05-20 18:07:24 | INFO     | src.events.aggregator | Aggregating feature last_temp_8h using last over last 480.0 minutes for events in Temperature
2026-05-20 18:07:27 | INFO     | src.events.aggregator | Joining aggregated feature last_temp_8h back to reference table
2026-05-20 18:07:27 | INFO     | src.events.aggregator | Feature last_temp_8h aggregated and joined. Current reference table now has 2536039 rows and 3 columns.
2026-05-20 18:07:27 | INFO     | src.events.aggregator | --------------------------------------------------------------------------------
2026-05-20 18:07:27 | INFO     | src.events.aggregator | Aggregating feature last_pulse_8h using last over last 480.0 minutes for events in Pulse
2026-05-20 18:07:34 | INFO     | src.events.aggregator | Joining aggregated feature last_pulse_8h back to reference table
2026-05-20 18:07:34 | INFO     | src.events.aggregator | Feature last_pulse_8h aggregated and joined. Current reference table now has 2536039 rows and 4 columns.
2026-05-20 18:07:34 | INFO     | src.events.aggregator | --------------------------------------------------------------------------------
2026-05-20 18:07:34 | INFO     | src.events.aggregator | Aggregating feature last_resp_8h using last over last 480.0 minutes for events in Respirations
2026-05-20 18:07:40 | INFO     | src.events.aggregator | Joining aggregated feature last_resp_8h back to reference table
2026-05-20 18:07:40 | INFO     | src.events.aggregator | Feature last_resp_8h aggregated and joined. Current reference table now has 2536039 rows and 5 columns.
2026-05-20 18:07:40 | INFO     | src.events.aggregator | --------------------------------------------------------------------------------
2026-05-20 18:07:40 | INFO     | src.events.aggregator | Aggregating feature last_sbp_8h using last over last 480.0 minutes for events in Systolic Blood Pressure
2026-05-20 18:19:16 | INFO     | __main__ | Loading dataframe from /work/InternalMedicine/s223850/Sepsis-data/data/output/raw_data_phase2_v2/df_sirs_filled.parquet
2026-05-20 18:19:17 | INFO     | src.events.aggregator | Created reference table with 2536039 rows based on unique combinations of EncounterEpicCsn and Event_DateTime
2026-05-20 18:19:17 | INFO     | src.events.aggregator | Aggregating feature last_temp_8h using last over last 480.0 minutes for events in Temperature
2026-05-20 18:19:20 | INFO     | src.events.aggregator | Joining aggregated feature last_temp_8h back to reference table
2026-05-20 18:19:20 | INFO     | src.events.aggregator | Feature last_temp_8h aggregated and joined. Current reference table now has 2536039 rows and 3 columns.
2026-05-20 18:19:20 | INFO     | src.events.aggregator | --------------------------------------------------------------------------------
2026-05-20 18:19:20 | INFO     | src.events.aggregator | Aggregating feature last_pulse_8h using last over last 480.0 minutes for events in Pulse
2026-05-20 18:19:29 | INFO     | src.events.aggregator | Joining aggregated feature last_pulse_8h back to reference table
2026-05-20 18:19:29 | INFO     | src.events.aggregator | Feature last_pulse_8h aggregated and joined. Current reference table now has 2536039 rows and 4 columns.
2026-05-20 18:19:29 | INFO     | src.events.aggregator | --------------------------------------------------------------------------------
2026-05-20 18:19:29 | INFO     | src.events.aggregator | Aggregating feature last_resp_8h using last over last 480.0 minutes for events in Respirations
2026-05-20 18:19:36 | INFO     | src.events.aggregator | Joining aggregated feature last_resp_8h back to reference table
2026-05-20 18:19:36 | INFO     | src.events.aggregator | Feature last_resp_8h aggregated and joined. Current reference table now has 2536039 rows and 5 columns.
2026-05-20 18:19:36 | INFO     | src.events.aggregator | --------------------------------------------------------------------------------
2026-05-20 18:19:36 | INFO     | src.events.aggregator | Aggregating feature last_sbp_8h using last over last 480.0 minutes for events in Systolic Blood Pressure
2026-05-20 18:20:18 | INFO     | src.events.aggregator | Joining aggregated feature last_sbp_8h back to reference table
2026-05-20 18:20:18 | INFO     | src.events.aggregator | Feature last_sbp_8h aggregated and joined. Current reference table now has 2536039 rows and 6 columns.
2026-05-20 18:20:18 | INFO     | src.events.aggregator | --------------------------------------------------------------------------------
2026-05-20 18:20:18 | INFO     | src.events.aggregator | Aggregating feature last_map_8h using last over last 480.0 minutes for events in Arterial Blood Pressure Mean
2026-05-20 18:21:40 | INFO     | __main__ | Loading dataframe from /work/InternalMedicine/s223850/Sepsis-data/data/output/raw_data_phase2_v2/df_sirs_filled.parquet
2026-05-20 18:21:41 | INFO     | src.events.aggregator | Created reference table with 2536039 rows based on unique combinations of EncounterEpicCsn and Event_DateTime
2026-05-20 18:21:41 | INFO     | src.events.aggregator | Aggregating feature last_temp_8h using last over last 480.0 minutes for events in Temperature
2026-05-20 18:21:44 | INFO     | src.events.aggregator | Joining aggregated feature last_temp_8h back to reference table
2026-05-20 18:21:44 | INFO     | src.events.aggregator | Feature last_temp_8h aggregated and joined. Current reference table now has 2536039 rows and 3 columns.
2026-05-20 18:21:44 | INFO     | src.events.aggregator | --------------------------------------------------------------------------------
2026-05-20 18:21:44 | INFO     | src.events.aggregator | Aggregating feature last_pulse_8h using last over last 480.0 minutes for events in Pulse
2026-05-20 18:21:52 | INFO     | src.events.aggregator | Joining aggregated feature last_pulse_8h back to reference table
2026-05-20 18:21:52 | INFO     | src.events.aggregator | Feature last_pulse_8h aggregated and joined. Current reference table now has 2536039 rows and 4 columns.
2026-05-20 18:21:52 | INFO     | src.events.aggregator | --------------------------------------------------------------------------------
2026-05-20 18:21:52 | INFO     | src.events.aggregator | Aggregating feature last_resp_8h using last over last 480.0 minutes for events in Respirations
2026-05-20 18:21:59 | INFO     | src.events.aggregator | Joining aggregated feature last_resp_8h back to reference table
2026-05-20 18:21:59 | INFO     | src.events.aggregator | Feature last_resp_8h aggregated and joined. Current reference table now has 2536039 rows and 5 columns.
2026-05-20 18:21:59 | INFO     | src.events.aggregator | --------------------------------------------------------------------------------
2026-05-20 18:21:59 | INFO     | src.events.aggregator | Aggregating feature last_sbp_8h using last over last 480.0 minutes for events in Systolic Blood Pressure
2026-05-20 18:22:23 | INFO     | src.events.aggregator | Joining aggregated feature last_sbp_8h back to reference table
2026-05-20 18:22:23 | INFO     | src.events.aggregator | Feature last_sbp_8h aggregated and joined. Current reference table now has 2536039 rows and 6 columns.
2026-05-20 18:22:23 | INFO     | src.events.aggregator | --------------------------------------------------------------------------------
2026-05-20 18:22:23 | INFO     | src.events.aggregator | Aggregating feature last_map_8h using last over last 480.0 minutes for events in Arterial Blood Pressure Mean
2026-05-20 20:13:26 | INFO     | __main__ | Loading dataframe from /work/InternalMedicine/s223850/Sepsis-data/data/output/raw_data_phase2_v2/df_sirs_filled.parquet
2026-05-20 20:18:26 | INFO     | src.events.aggregator | Created reference table with 2536039 rows based on unique combinations of EncounterEpicCsn and Event_DateTime
2026-05-20 20:18:26 | INFO     | src.events.aggregator | Aggregating feature last_temp_8h using last over last 480.0 minutes for events in Temperature
2026-05-20 20:18:28 | INFO     | src.events.aggregator | Joining aggregated feature last_temp_8h back to reference table
2026-05-20 20:18:28 | INFO     | src.events.aggregator | Feature last_temp_8h aggregated and joined. Current reference table now has 2536039 rows and 3 columns.
2026-05-20 20:18:28 | INFO     | src.events.aggregator | --------------------------------------------------------------------------------
2026-05-20 20:18:28 | INFO     | src.events.aggregator | Aggregating feature last_pulse_8h using last over last 480.0 minutes for events in Pulse
2026-05-20 20:18:34 | INFO     | src.events.aggregator | Joining aggregated feature last_pulse_8h back to reference table
2026-05-20 20:18:35 | INFO     | src.events.aggregator | Feature last_pulse_8h aggregated and joined. Current reference table now has 2536039 rows and 4 columns.
2026-05-20 20:18:35 | INFO     | src.events.aggregator | --------------------------------------------------------------------------------
2026-05-20 20:18:35 | INFO     | src.events.aggregator | Aggregating feature last_resp_8h using last over last 480.0 minutes for events in Respirations
2026-05-20 20:18:40 | INFO     | src.events.aggregator | Joining aggregated feature last_resp_8h back to reference table
2026-05-20 20:18:40 | INFO     | src.events.aggregator | Feature last_resp_8h aggregated and joined. Current reference table now has 2536039 rows and 5 columns.
2026-05-20 20:18:40 | INFO     | src.events.aggregator | --------------------------------------------------------------------------------
2026-05-20 20:18:40 | INFO     | src.events.aggregator | Aggregating feature last_sbp_8h using last over last 480.0 minutes for events in Systolic Blood Pressure
2026-05-20 20:18:43 | INFO     | src.events.aggregator | Joining aggregated feature last_sbp_8h back to reference table
2026-05-20 20:18:43 | INFO     | src.events.aggregator | Feature last_sbp_8h aggregated and joined. Current reference table now has 2536039 rows and 6 columns.
2026-05-20 20:18:43 | INFO     | src.events.aggregator | --------------------------------------------------------------------------------
2026-05-20 20:18:43 | INFO     | src.events.aggregator | Aggregating feature last_map_8h using last over last 480.0 minutes for events in Arterial Blood Pressure Mean
2026-05-20 20:18:46 | INFO     | src.events.aggregator | Joining aggregated feature last_map_8h back to reference table
2026-05-20 20:18:46 | INFO     | src.events.aggregator | Feature last_map_8h aggregated and joined. Current reference table now has 2536039 rows and 7 columns.
2026-05-20 20:18:46 | INFO     | src.events.aggregator | --------------------------------------------------------------------------------
2026-05-20 20:18:46 | INFO     | src.events.aggregator | Aggregating feature last_wbc_12h using last over last 720.0 minutes for events in WBC
2026-05-20 20:18:46 | INFO     | src.events.aggregator | Joining aggregated feature last_wbc_12h back to reference table
2026-05-20 20:18:46 | INFO     | src.events.aggregator | Feature last_wbc_12h aggregated and joined. Current reference table now has 2536039 rows and 8 columns.
2026-05-20 20:18:46 | INFO     | src.events.aggregator | --------------------------------------------------------------------------------
2026-05-20 20:18:46 | INFO     | src.events.aggregator | Aggregating feature last_creatinine_12h using last over last 720.0 minutes for events in Creatinine
2026-05-20 20:18:46 | WARNING  | src.events.aggregator | Only 0 events found for feature last_creatinine_12h. Check if the event_grouper value is correct and if there are enough events in the data.
2026-05-20 20:18:46 | INFO     | src.events.aggregator | Joining aggregated feature last_creatinine_12h back to reference table
2026-05-20 20:18:47 | INFO     | src.events.aggregator | Feature last_creatinine_12h aggregated and joined. Current reference table now has 2536039 rows and 9 columns.
2026-05-20 20:18:47 | INFO     | src.events.aggregator | --------------------------------------------------------------------------------
2026-05-20 20:18:47 | INFO     | src.events.aggregator | Aggregating feature last_egfr_12h using last over last 720.0 minutes for events in eGFR
2026-05-20 20:18:47 | WARNING  | src.events.aggregator | Only 0 events found for feature last_egfr_12h. Check if the event_grouper value is correct and if there are enough events in the data.
2026-05-20 20:18:47 | INFO     | src.events.aggregator | Joining aggregated feature last_egfr_12h back to reference table
2026-05-20 20:18:47 | INFO     | src.events.aggregator | Feature last_egfr_12h aggregated and joined. Current reference table now has 2536039 rows and 10 columns.
2026-05-20 20:18:47 | INFO     | src.events.aggregator | --------------------------------------------------------------------------------
2026-05-20 20:18:47 | INFO     | src.events.aggregator | Aggregating feature last_bilirubin_12h using last over last 720.0 minutes for events in Bilirubin
2026-05-20 20:18:47 | WARNING  | src.events.aggregator | Only 0 events found for feature last_bilirubin_12h. Check if the event_grouper value is correct and if there are enough events in the data.
2026-05-20 20:18:47 | INFO     | src.events.aggregator | Joining aggregated feature last_bilirubin_12h back to reference table
2026-05-20 20:18:47 | INFO     | src.events.aggregator | Feature last_bilirubin_12h aggregated and joined. Current reference table now has 2536039 rows and 11 columns.
2026-05-20 20:18:47 | INFO     | src.events.aggregator | --------------------------------------------------------------------------------
2026-05-20 20:18:47 | INFO     | src.events.aggregator | Aggregating feature last_lactate_6h using last over last 360.0 minutes for events in Lactate
2026-05-20 20:18:47 | WARNING  | src.events.aggregator | Only 0 events found for feature last_lactate_6h. Check if the event_grouper value is correct and if there are enough events in the data.
2026-05-20 20:18:48 | INFO     | src.events.aggregator | Joining aggregated feature last_lactate_6h back to reference table
2026-05-20 20:18:48 | INFO     | src.events.aggregator | Feature last_lactate_6h aggregated and joined. Current reference table now has 2536039 rows and 12 columns.
2026-05-20 20:18:48 | INFO     | src.events.aggregator | --------------------------------------------------------------------------------
2026-05-20 20:18:48 | INFO     | src.events.aggregator | Aggregating feature last_platelets_24h using last over last 1440.0 minutes for events in Platelets
2026-05-20 20:18:48 | WARNING  | src.events.aggregator | Only 0 events found for feature last_platelets_24h. Check if the event_grouper value is correct and if there are enough events in the data.
2026-05-20 20:18:48 | INFO     | src.events.aggregator | Joining aggregated feature last_platelets_24h back to reference table
2026-05-20 20:18:48 | INFO     | src.events.aggregator | Feature last_platelets_24h aggregated and joined. Current reference table now has 2536039 rows and 13 columns.
2026-05-20 20:18:48 | INFO     | src.events.aggregator | --------------------------------------------------------------------------------
2026-05-20 20:18:48 | INFO     | src.events.aggregator | Aggregating feature last_inr_12h using last over last 720.0 minutes for events in INR
2026-05-20 20:18:48 | WARNING  | src.events.aggregator | Only 0 events found for feature last_inr_12h. Check if the event_grouper value is correct and if there are enough events in the data.
2026-05-20 20:18:48 | INFO     | src.events.aggregator | Joining aggregated feature last_inr_12h back to reference table
2026-05-20 20:18:48 | INFO     | src.events.aggregator | Feature last_inr_12h aggregated and joined. Current reference table now has 2536039 rows and 14 columns.
2026-05-20 20:18:48 | INFO     | src.events.aggregator | --------------------------------------------------------------------------------
2026-05-20 20:18:48 | INFO     | src.events.aggregator | Aggregating feature last_aptt_24h using last over last 1440.0 minutes for events in APTT
2026-05-20 20:18:48 | WARNING  | src.events.aggregator | Only 0 events found for feature last_aptt_24h. Check if the event_grouper value is correct and if there are enough events in the data.
2026-05-20 20:18:49 | INFO     | src.events.aggregator | Joining aggregated feature last_aptt_24h back to reference table
2026-05-20 20:18:49 | INFO     | src.events.aggregator | Feature last_aptt_24h aggregated and joined. Current reference table now has 2536039 rows and 15 columns.
2026-05-20 20:18:49 | INFO     | src.events.aggregator | --------------------------------------------------------------------------------
2026-05-20 20:18:49 | INFO     | src.events.aggregator | Aggregating feature last_gcs_12h using last over last 720.0 minutes for events in Glasgow Coma Score
2026-05-20 20:18:49 | WARNING  | src.events.aggregator | Only 0 events found for feature last_gcs_12h. Check if the event_grouper value is correct and if there are enough events in the data.
2026-05-20 20:18:49 | INFO     | src.events.aggregator | Joining aggregated feature last_gcs_12h back to reference table
2026-05-20 20:18:49 | INFO     | src.events.aggregator | Feature last_gcs_12h aggregated and joined. Current reference table now has 2536039 rows and 16 columns.
2026-05-20 20:18:49 | INFO     | src.events.aggregator | --------------------------------------------------------------------------------
2026-05-20 20:18:49 | INFO     | src.events.aggregator | Aggregating feature last_vasopressin_24h using last over last 1440.0 minutes for events in Vasopressin
2026-05-20 20:18:49 | WARNING  | src.events.aggregator | Only 0 events found for feature last_vasopressin_24h. Check if the event_grouper value is correct and if there are enough events in the data.
2026-05-20 20:18:49 | INFO     | src.events.aggregator | Joining aggregated feature last_vasopressin_24h back to reference table
2026-05-20 20:18:49 | INFO     | src.events.aggregator | Feature last_vasopressin_24h aggregated and joined. Current reference table now has 2536039 rows and 17 columns.
2026-05-20 20:18:49 | INFO     | src.events.aggregator | --------------------------------------------------------------------------------
2026-05-20 20:18:49 | INFO     | src.events.aggregator | Aggregating feature last_phenylephrine_24h using last over last 1440.0 minutes for events in Phenylephrine
2026-05-20 20:18:49 | WARNING  | src.events.aggregator | Only 0 events found for feature last_phenylephrine_24h. Check if the event_grouper value is correct and if there are enough events in the data.
2026-05-20 20:18:50 | INFO     | src.events.aggregator | Joining aggregated feature last_phenylephrine_24h back to reference table
2026-05-20 20:18:50 | INFO     | src.events.aggregator | Feature last_phenylephrine_24h aggregated and joined. Current reference table now has 2536039 rows and 18 columns.
2026-05-20 20:18:50 | INFO     | src.events.aggregator | --------------------------------------------------------------------------------
2026-05-20 20:18:50 | INFO     | src.events.aggregator | Aggregating feature last_norepinephrine_24h using last over last 1440.0 minutes for events in Norepinephrine
2026-05-20 20:18:50 | WARNING  | src.events.aggregator | Only 0 events found for feature last_norepinephrine_24h. Check if the event_grouper value is correct and if there are enough events in the data.
2026-05-20 20:18:50 | INFO     | src.events.aggregator | Joining aggregated feature last_norepinephrine_24h back to reference table
2026-05-20 20:18:50 | INFO     | src.events.aggregator | Feature last_norepinephrine_24h aggregated and joined. Current reference table now has 2536039 rows and 19 columns.
2026-05-20 20:18:50 | INFO     | src.events.aggregator | --------------------------------------------------------------------------------
2026-05-20 20:18:50 | INFO     | src.events.aggregator | Aggregating feature last_epinephrine_24h using last over last 1440.0 minutes for events in Epinephrine
2026-05-20 20:18:50 | WARNING  | src.events.aggregator | Only 0 events found for feature last_epinephrine_24h. Check if the event_grouper value is correct and if there are enough events in the data.
2026-05-20 20:18:50 | INFO     | src.events.aggregator | Joining aggregated feature last_epinephrine_24h back to reference table
2026-05-20 20:18:50 | INFO     | src.events.aggregator | Feature last_epinephrine_24h aggregated and joined. Current reference table now has 2536039 rows and 20 columns.
2026-05-20 20:18:50 | INFO     | src.events.aggregator | --------------------------------------------------------------------------------
2026-05-20 20:18:50 | INFO     | src.events.aggregator | All features aggregated and joined back to reference table.
2026-05-20 20:44:03 | INFO     | __main__ | Loading dataframe from /work/InternalMedicine/s223850/Sepsis-data/data/output/raw_data_phase2_v2/df_sirs_filled.parquet
2026-05-20 21:21:44 | INFO     | src.dataloader | Loading data from /work/InternalMedicine/s223850/Sepsis-data/data/raw_data_phase2_v2
2026-05-20 21:21:46 | INFO     | src.dataloader | Data loaded. Shapes: lab_res=(1356486, 8), flowsheets=(6646460, 8), med_admin=(270921, 8), procedures=(118629, 8), baseline=(3982, 38), diagnosis=(441520, 8)
2026-05-20 21:21:46 | INFO     | src.dataloader | --------------------------------------------------------------------------------
2026-05-20 21:21:46 | INFO     | src.dataloader | Converting blood pressure values to systolic blood pressure in flowsheets data.
2026-05-20 21:21:46 | INFO     | src.dataloader | Data type casting completed.
2026-05-20 21:21:47 | INFO     | src.dataloader | Concatenated all data into a single DataFrame with shape (8834016, 46) and columns ['EncounterEpicCsn', 'Event_DateTime', 'Type', 'Event_Grouper', 'Event_Name', 'NumericValue', 'Value', 'Flag', 'PrimaryMrn', 'EncounterEpicCsn_right', 'AdmissionDateValue', 'DischargeDateValue', 'Arrival_Instant', 'InpatientAdmissionInstant', 'Admitted_from_ED', 'PatientClass', 'InpatientAdmissionPatientClass', 'HospitalService', 'LengthOfStayInDays', 'AdmittingDepartment', 'DischargeDepartment', 'AdmissionType', 'AdmissionSource', 'AdmissionOrigin', 'PrincipalProblem', 'PrimaryCodedDiagnosis', 'PrimaryCodedProcedureKey', 'Death_Flag', 'Original_POA_Condition', 'Sepsis_Category', 'Baseline_SBP', 'Baseline_RespiratoryRate', 'Baseline_PulseRate', 'Baseline_Creatinine', 'Baseline_Platelets', 'Baseline_Bilirubin', 'Baseline_eGFR', 'Baseline_WBC', 'First_Suspected_Infection_Time', 'Suspected_Infection_Criteria_Met', 'Cancer_Registry_YN', 'HIV_Registry_YN', 'Immunocrompromised_Registry_YN', 'CKD_Dialysis_Registry_YN', 'Solid_Organ_Transplant_Registry_YN', 'Pregnancy_Registry_YN']
2026-05-20 21:21:49 | INFO     | src.dataloader | Dropped duplicate rows. Before: 8834016, After: 8814652, Dropped: 19364
2026-05-20 21:21:49 | INFO     | src.dataloader | Filtering out rows with null EncounterEpicCsn or Event_DateTime
2026-05-20 21:21:49 | INFO     | src.dataloader | After filtering, df_all has shape (8814652, 46)
2026-05-20 21:21:49 | INFO     | __main__ | Loading dataframe from /work/InternalMedicine/s223850/Sepsis-data/data/output/raw_data_phase2_v2/df_all_layer1.parquet
2026-05-20 21:21:50 | INFO     | __main__ | Loading dataframe from /work/InternalMedicine/s223850/Sepsis-data/data/output/raw_data_phase2_v2/df_sirs_filled.parquet
2026-05-20 23:23:43 | INFO     | src.dataloader | Loading data from /work/InternalMedicine/s223850/Sepsis-data/data/raw_data_phase2_v2
2026-05-20 23:23:45 | INFO     | src.dataloader | Data loaded. Shapes: lab_res=(1356486, 8), flowsheets=(6646460, 8), med_admin=(270921, 8), procedures=(118629, 8), baseline=(3982, 38), diagnosis=(441520, 8)
2026-05-20 23:23:45 | INFO     | src.dataloader | --------------------------------------------------------------------------------
2026-05-20 23:23:45 | INFO     | src.dataloader | Converting blood pressure values to systolic blood pressure in flowsheets data.
2026-05-20 23:23:46 | INFO     | src.dataloader | Data type casting completed.
2026-05-20 23:23:47 | INFO     | src.dataloader | Concatenated all data into a single DataFrame with shape (8834016, 46) and columns ['EncounterEpicCsn', 'Event_DateTime', 'Type', 'Event_Grouper', 'Event_Name', 'NumericValue', 'Value', 'Flag', 'PrimaryMrn', 'EncounterEpicCsn_right', 'AdmissionDateValue', 'DischargeDateValue', 'Arrival_Instant', 'InpatientAdmissionInstant', 'Admitted_from_ED', 'PatientClass', 'InpatientAdmissionPatientClass', 'HospitalService', 'LengthOfStayInDays', 'AdmittingDepartment', 'DischargeDepartment', 'AdmissionType', 'AdmissionSource', 'AdmissionOrigin', 'PrincipalProblem', 'PrimaryCodedDiagnosis', 'PrimaryCodedProcedureKey', 'Death_Flag', 'Original_POA_Condition', 'Sepsis_Category', 'Baseline_SBP', 'Baseline_RespiratoryRate', 'Baseline_PulseRate', 'Baseline_Creatinine', 'Baseline_Platelets', 'Baseline_Bilirubin', 'Baseline_eGFR', 'Baseline_WBC', 'First_Suspected_Infection_Time', 'Suspected_Infection_Criteria_Met', 'Cancer_Registry_YN', 'HIV_Registry_YN', 'Immunocrompromised_Registry_YN', 'CKD_Dialysis_Registry_YN', 'Solid_Organ_Transplant_Registry_YN', 'Pregnancy_Registry_YN']
2026-05-20 23:23:49 | INFO     | src.dataloader | Dropped duplicate rows. Before: 8834016, After: 8814652, Dropped: 19364
2026-05-20 23:23:49 | INFO     | src.dataloader | Filtering out rows with null EncounterEpicCsn or Event_DateTime
2026-05-20 23:23:49 | INFO     | src.dataloader | After filtering, df_all has shape (8814652, 46)
2026-05-20 23:26:48 | INFO     | src.dataloader | Loading data from /work/InternalMedicine/s223850/Sepsis-data/data/raw_data_phase2_v2
2026-05-20 23:26:49 | INFO     | src.dataloader | Data loaded. Shapes: lab_res=(1356486, 8), flowsheets=(6646460, 8), med_admin=(270921, 8), procedures=(118629, 8), baseline=(3982, 38), diagnosis=(441520, 8)
2026-05-20 23:26:49 | INFO     | src.dataloader | --------------------------------------------------------------------------------
2026-05-20 23:26:49 | INFO     | src.dataloader | Converting blood pressure values to systolic blood pressure in flowsheets data.
2026-05-20 23:26:49 | INFO     | src.dataloader | Data type casting completed.
2026-05-20 23:26:50 | INFO     | src.dataloader | Concatenated all data into a single DataFrame with shape (8834016, 46) and columns ['EncounterEpicCsn', 'Event_DateTime', 'Type', 'Event_Grouper', 'Event_Name', 'NumericValue', 'Value', 'Flag', 'PrimaryMrn', 'EncounterEpicCsn_right', 'AdmissionDateValue', 'DischargeDateValue', 'Arrival_Instant', 'InpatientAdmissionInstant', 'Admitted_from_ED', 'PatientClass', 'InpatientAdmissionPatientClass', 'HospitalService', 'LengthOfStayInDays', 'AdmittingDepartment', 'DischargeDepartment', 'AdmissionType', 'AdmissionSource', 'AdmissionOrigin', 'PrincipalProblem', 'PrimaryCodedDiagnosis', 'PrimaryCodedProcedureKey', 'Death_Flag', 'Original_POA_Condition', 'Sepsis_Category', 'Baseline_SBP', 'Baseline_RespiratoryRate', 'Baseline_PulseRate', 'Baseline_Creatinine', 'Baseline_Platelets', 'Baseline_Bilirubin', 'Baseline_eGFR', 'Baseline_WBC', 'First_Suspected_Infection_Time', 'Suspected_Infection_Criteria_Met', 'Cancer_Registry_YN', 'HIV_Registry_YN', 'Immunocrompromised_Registry_YN', 'CKD_Dialysis_Registry_YN', 'Solid_Organ_Transplant_Registry_YN', 'Pregnancy_Registry_YN']
2026-05-20 23:26:53 | INFO     | src.dataloader | Dropped duplicate rows. Before: 8834016, After: 8814652, Dropped: 19364
2026-05-20 23:26:53 | INFO     | src.dataloader | Filtering out rows with null EncounterEpicCsn or Event_DateTime
2026-05-20 23:26:53 | INFO     | src.dataloader | After filtering, df_all has shape (8814652, 46)
2026-05-20 23:27:59 | INFO     | src.dataloader | Loading data from /work/InternalMedicine/s223850/Sepsis-data/data/raw_data_phase2_v2
2026-05-20 23:27:59 | INFO     | src.dataloader | Data loaded. Shapes: lab_res=(1356486, 8), flowsheets=(6646460, 8), med_admin=(270921, 8), procedures=(118629, 8), baseline=(3982, 38), diagnosis=(441520, 8)
2026-05-20 23:27:59 | INFO     | src.dataloader | --------------------------------------------------------------------------------
2026-05-20 23:27:59 | INFO     | src.dataloader | Converting blood pressure values to systolic blood pressure in flowsheets data.
2026-05-20 23:27:59 | INFO     | src.dataloader | Data type casting completed.
2026-05-20 23:28:01 | INFO     | src.dataloader | Concatenated all data into a single DataFrame with shape (8834016, 46) and columns ['EncounterEpicCsn', 'Event_DateTime', 'Type', 'Event_Grouper', 'Event_Name', 'NumericValue', 'Value', 'Flag', 'PrimaryMrn', 'EncounterEpicCsn_right', 'AdmissionDateValue', 'DischargeDateValue', 'Arrival_Instant', 'InpatientAdmissionInstant', 'Admitted_from_ED', 'PatientClass', 'InpatientAdmissionPatientClass', 'HospitalService', 'LengthOfStayInDays', 'AdmittingDepartment', 'DischargeDepartment', 'AdmissionType', 'AdmissionSource', 'AdmissionOrigin', 'PrincipalProblem', 'PrimaryCodedDiagnosis', 'PrimaryCodedProcedureKey', 'Death_Flag', 'Original_POA_Condition', 'Sepsis_Category', 'Baseline_SBP', 'Baseline_RespiratoryRate', 'Baseline_PulseRate', 'Baseline_Creatinine', 'Baseline_Platelets', 'Baseline_Bilirubin', 'Baseline_eGFR', 'Baseline_WBC', 'First_Suspected_Infection_Time', 'Suspected_Infection_Criteria_Met', 'Cancer_Registry_YN', 'HIV_Registry_YN', 'Immunocrompromised_Registry_YN', 'CKD_Dialysis_Registry_YN', 'Solid_Organ_Transplant_Registry_YN', 'Pregnancy_Registry_YN']
2026-05-20 23:28:03 | INFO     | src.dataloader | Dropped duplicate rows. Before: 8834016, After: 8814652, Dropped: 19364
2026-05-20 23:28:03 | INFO     | src.dataloader | Filtering out rows with null EncounterEpicCsn or Event_DateTime
2026-05-20 23:28:03 | INFO     | src.dataloader | After filtering, df_all has shape (8814652, 46)
2026-05-20 23:46:04 | INFO     | __main__ | Loading dataframe from /work/InternalMedicine/s223850/Sepsis-data/data/output/raw_data_phase2_v2/df_sirs_filled.parquet
2026-05-20 23:47:03 | INFO     | __main__ | Loading dataframe from /work/InternalMedicine/s223850/Sepsis-data/data/output/raw_data_phase2_v2/df_all_layer1.parquet
2026-05-20 23:47:04 | INFO     | __main__ | Loading dataframe from /work/InternalMedicine/s223850/Sepsis-data/data/output/raw_data_phase2_v2/df_all.parquet
2026-05-20 23:47:06 | INFO     | __main__ | Loading dataframe from /work/InternalMedicine/s223850/Sepsis-data/data/output/raw_data_phase2_v2/df_sirs_filled.parquet
2026-05-20 23:50:39 | INFO     | __main__ | Loading dataframe from /work/InternalMedicine/s223850/Sepsis-data/data/output/raw_data_phase2_v2/df_all_layer1.parquet
2026-05-20 23:50:41 | INFO     | __main__ | SIRS flags calculated. Saving dataframe to /work/InternalMedicine/s223850/Sepsis-data/data/output/raw_data_phase2_v2/df_sirs.parquet
2026-05-20 23:55:00 | INFO     | __main__ | Loading dataframe from /work/InternalMedicine/s223850/Sepsis-data/data/output/raw_data_phase2_v2/df_all_layer1.parquet
2026-05-20 23:55:02 | INFO     | __main__ | SIRS flags calculated. Saving dataframe to /work/InternalMedicine/s223850/Sepsis-data/data/output/raw_data_phase2_v2/df_sirs.parquet
2026-05-20 23:55:05 | INFO     | __main__ | SIRS flags after filling nulls calculated. Saving dataframe to /work/InternalMedicine/s223850/Sepsis-data/data/output/raw_data_phase2_v2/df_sirs_filled.parquet
2026-05-20 23:59:21 | INFO     | __main__ | Loading dataframe from /work/InternalMedicine/s223850/Sepsis-data/data/output/raw_data_phase2_v2/df_all_layer1.parquet
2026-05-20 23:59:23 | INFO     | __main__ | SIRS flags calculated. Saving dataframe to /work/InternalMedicine/s223850/Sepsis-data/data/output/raw_data_phase2_v2/df_sirs.parquet
2026-05-21 00:01:47 | INFO     | __main__ | Loading dataframe from /work/InternalMedicine/s223850/Sepsis-data/data/output/raw_data_phase2_v2/df_all_layer1.parquet
2026-05-21 00:01:49 | INFO     | __main__ | SIRS flags calculated. Saving dataframe to /work/InternalMedicine/s223850/Sepsis-data/data/output/raw_data_phase2_v2/df_sirs.parquet
2026-05-21 00:01:51 | INFO     | __main__ | SIRS flags after filling nulls calculated. Saving dataframe to /work/InternalMedicine/s223850/Sepsis-data/data/output/raw_data_phase2_v2/df_sirs_filled.parquet
2026-05-21 00:05:15 | INFO     | src.events.aggregator | Created reference table with 2536039 rows based on unique combinations of EncounterEpicCsn and Event_DateTime
2026-05-21 00:05:15 | INFO     | src.events.aggregator | Aggregating feature last_temp_8h using last over last 480.0 minutes for events in Temperature
2026-05-21 00:05:17 | INFO     | src.events.aggregator | Joining aggregated feature last_temp_8h back to reference table
2026-05-21 00:05:17 | INFO     | src.events.aggregator | Feature last_temp_8h aggregated and joined. Current reference table now has 2536039 rows and 3 columns.
2026-05-21 00:05:17 | INFO     | src.events.aggregator | --------------------------------------------------------------------------------
2026-05-21 00:05:17 | INFO     | src.events.aggregator | Aggregating feature last_pulse_8h using last over last 480.0 minutes for events in Pulse
2026-05-21 00:05:23 | INFO     | src.events.aggregator | Joining aggregated feature last_pulse_8h back to reference table
2026-05-21 00:05:23 | INFO     | src.events.aggregator | Feature last_pulse_8h aggregated and joined. Current reference table now has 2536039 rows and 4 columns.
2026-05-21 00:05:23 | INFO     | src.events.aggregator | --------------------------------------------------------------------------------
2026-05-21 00:05:23 | INFO     | src.events.aggregator | Aggregating feature last_resp_8h using last over last 480.0 minutes for events in Respirations
2026-05-21 00:05:29 | INFO     | src.events.aggregator | Joining aggregated feature last_resp_8h back to reference table
2026-05-21 00:05:29 | INFO     | src.events.aggregator | Feature last_resp_8h aggregated and joined. Current reference table now has 2536039 rows and 5 columns.
2026-05-21 00:05:29 | INFO     | src.events.aggregator | --------------------------------------------------------------------------------
2026-05-21 00:05:29 | INFO     | src.events.aggregator | Aggregating feature last_sbp_8h using last over last 480.0 minutes for events in Systolic Blood Pressure
2026-05-21 00:05:32 | INFO     | src.events.aggregator | Joining aggregated feature last_sbp_8h back to reference table
2026-05-21 00:05:32 | INFO     | src.events.aggregator | Feature last_sbp_8h aggregated and joined. Current reference table now has 2536039 rows and 6 columns.
2026-05-21 00:05:32 | INFO     | src.events.aggregator | --------------------------------------------------------------------------------
2026-05-21 00:05:32 | INFO     | src.events.aggregator | Aggregating feature last_map_8h using last over last 480.0 minutes for events in Arterial Blood Pressure Mean
2026-05-21 00:05:35 | INFO     | src.events.aggregator | Joining aggregated feature last_map_8h back to reference table
2026-05-21 00:05:35 | INFO     | src.events.aggregator | Feature last_map_8h aggregated and joined. Current reference table now has 2536039 rows and 7 columns.
2026-05-21 00:05:35 | INFO     | src.events.aggregator | --------------------------------------------------------------------------------
2026-05-21 00:05:35 | INFO     | src.events.aggregator | Aggregating feature last_wbc_12h using last over last 720.0 minutes for events in WBC
2026-05-21 00:05:36 | INFO     | src.events.aggregator | Joining aggregated feature last_wbc_12h back to reference table
2026-05-21 00:05:36 | INFO     | src.events.aggregator | Feature last_wbc_12h aggregated and joined. Current reference table now has 2536039 rows and 8 columns.
2026-05-21 00:05:36 | INFO     | src.events.aggregator | --------------------------------------------------------------------------------
2026-05-21 00:05:36 | INFO     | src.events.aggregator | Aggregating feature last_creatinine_12h using last over last 720.0 minutes for events in Creatinine
2026-05-21 00:05:37 | INFO     | src.events.aggregator | Joining aggregated feature last_creatinine_12h back to reference table
2026-05-21 00:05:37 | INFO     | src.events.aggregator | Feature last_creatinine_12h aggregated and joined. Current reference table now has 2536039 rows and 9 columns.
2026-05-21 00:05:37 | INFO     | src.events.aggregator | --------------------------------------------------------------------------------
2026-05-21 00:05:37 | INFO     | src.events.aggregator | Aggregating feature last_egfr_12h using last over last 720.0 minutes for events in eGFR
2026-05-21 00:05:38 | INFO     | src.events.aggregator | Joining aggregated feature last_egfr_12h back to reference table
2026-05-21 00:05:38 | INFO     | src.events.aggregator | Feature last_egfr_12h aggregated and joined. Current reference table now has 2536039 rows and 10 columns.
2026-05-21 00:05:38 | INFO     | src.events.aggregator | --------------------------------------------------------------------------------
2026-05-21 00:05:38 | INFO     | src.events.aggregator | Aggregating feature last_bilirubin_12h using last over last 720.0 minutes for events in Bilirubin
2026-05-21 00:05:38 | INFO     | src.events.aggregator | Joining aggregated feature last_bilirubin_12h back to reference table
2026-05-21 00:05:38 | INFO     | src.events.aggregator | Feature last_bilirubin_12h aggregated and joined. Current reference table now has 2536039 rows and 11 columns.
2026-05-21 00:05:38 | INFO     | src.events.aggregator | --------------------------------------------------------------------------------
2026-05-21 00:05:38 | INFO     | src.events.aggregator | Aggregating feature last_lactate_6h using last over last 360.0 minutes for events in Lactate
2026-05-21 00:05:39 | INFO     | src.events.aggregator | Joining aggregated feature last_lactate_6h back to reference table
2026-05-21 00:05:39 | INFO     | src.events.aggregator | Feature last_lactate_6h aggregated and joined. Current reference table now has 2536039 rows and 12 columns.
2026-05-21 00:05:39 | INFO     | src.events.aggregator | --------------------------------------------------------------------------------
2026-05-21 00:05:39 | INFO     | src.events.aggregator | Aggregating feature last_platelets_24h using last over last 1440.0 minutes for events in Platelets
2026-05-21 00:05:39 | INFO     | src.events.aggregator | Joining aggregated feature last_platelets_24h back to reference table
2026-05-21 00:05:39 | INFO     | src.events.aggregator | Feature last_platelets_24h aggregated and joined. Current reference table now has 2536039 rows and 13 columns.
2026-05-21 00:05:39 | INFO     | src.events.aggregator | --------------------------------------------------------------------------------
2026-05-21 00:05:39 | INFO     | src.events.aggregator | Aggregating feature last_inr_12h using last over last 720.0 minutes for events in INR
2026-05-21 00:05:40 | INFO     | src.events.aggregator | Joining aggregated feature last_inr_12h back to reference table
2026-05-21 00:05:40 | INFO     | src.events.aggregator | Feature last_inr_12h aggregated and joined. Current reference table now has 2536039 rows and 14 columns.
2026-05-21 00:05:40 | INFO     | src.events.aggregator | --------------------------------------------------------------------------------
2026-05-21 00:05:40 | INFO     | src.events.aggregator | Aggregating feature last_aptt_24h using last over last 1440.0 minutes for events in APTT
2026-05-21 00:05:40 | WARNING  | src.events.aggregator | Only 0 events found for feature last_aptt_24h. Check if the event_grouper value is correct and if there are enough events in the data.
2026-05-21 00:05:40 | INFO     | src.events.aggregator | Joining aggregated feature last_aptt_24h back to reference table
2026-05-21 00:05:40 | INFO     | src.events.aggregator | Feature last_aptt_24h aggregated and joined. Current reference table now has 2536039 rows and 15 columns.
2026-05-21 00:05:40 | INFO     | src.events.aggregator | --------------------------------------------------------------------------------
2026-05-21 00:05:40 | INFO     | src.events.aggregator | Aggregating feature last_gcs_12h using last over last 720.0 minutes for events in Glasgow Coma Score
2026-05-21 00:05:41 | INFO     | src.events.aggregator | Joining aggregated feature last_gcs_12h back to reference table
2026-05-21 00:05:41 | INFO     | src.events.aggregator | Feature last_gcs_12h aggregated and joined. Current reference table now has 2536039 rows and 16 columns.
2026-05-21 00:05:41 | INFO     | src.events.aggregator | --------------------------------------------------------------------------------
2026-05-21 00:05:41 | INFO     | src.events.aggregator | Aggregating feature last_vasopressin_24h using last over last 1440.0 minutes for events in Vasopressin
2026-05-21 00:05:42 | INFO     | src.events.aggregator | Joining aggregated feature last_vasopressin_24h back to reference table
2026-05-21 00:05:42 | INFO     | src.events.aggregator | Feature last_vasopressin_24h aggregated and joined. Current reference table now has 2536039 rows and 17 columns.
2026-05-21 00:05:42 | INFO     | src.events.aggregator | --------------------------------------------------------------------------------
2026-05-21 00:05:42 | INFO     | src.events.aggregator | Aggregating feature last_phenylephrine_24h using last over last 1440.0 minutes for events in Phenylephrine
2026-05-21 00:05:42 | WARNING  | src.events.aggregator | Only 522 events found for feature last_phenylephrine_24h. Check if the event_grouper value is correct and if there are enough events in the data.
2026-05-21 00:05:42 | INFO     | src.events.aggregator | Joining aggregated feature last_phenylephrine_24h back to reference table
2026-05-21 00:05:42 | INFO     | src.events.aggregator | Feature last_phenylephrine_24h aggregated and joined. Current reference table now has 2536039 rows and 18 columns.
2026-05-21 00:05:42 | INFO     | src.events.aggregator | --------------------------------------------------------------------------------
2026-05-21 00:05:42 | INFO     | src.events.aggregator | Aggregating feature last_norepinephrine_24h using last over last 1440.0 minutes for events in Norepinephrine
2026-05-21 00:05:43 | INFO     | src.events.aggregator | Joining aggregated feature last_norepinephrine_24h back to reference table
2026-05-21 00:05:43 | INFO     | src.events.aggregator | Feature last_norepinephrine_24h aggregated and joined. Current reference table now has 2536039 rows and 19 columns.
2026-05-21 00:05:43 | INFO     | src.events.aggregator | --------------------------------------------------------------------------------
2026-05-21 00:05:43 | INFO     | src.events.aggregator | Aggregating feature last_epinephrine_24h using last over last 1440.0 minutes for events in Epinephrine
2026-05-21 00:05:43 | INFO     | src.events.aggregator | Joining aggregated feature last_epinephrine_24h back to reference table
2026-05-21 00:05:43 | INFO     | src.events.aggregator | Feature last_epinephrine_24h aggregated and joined. Current reference table now has 2536039 rows and 20 columns.
2026-05-21 00:05:43 | INFO     | src.events.aggregator | --------------------------------------------------------------------------------
2026-05-21 00:05:43 | INFO     | src.events.aggregator | All features aggregated and joined back to reference table.
2026-05-21 00:06:51 | INFO     | __main__ | Aggregated features saved. Saving dataframe to /work/InternalMedicine/s223850/Sepsis-data/data/output/raw_data_phase2_v2/df_agg.parquet
2026-05-21 00:06:52 | INFO     | __main__ | =================================================================================
2026-05-21 00:06:56 | INFO     | src.events.ventprocessor | Computing Vent Status
2026-05-21 00:06:56 | INFO     | src.events.ventprocessor | Joining vent events to the aggregated table from EventAggregator
2026-05-21 00:11:41 | INFO     | __main__ | Loading dataframe from /work/InternalMedicine/s223850/Sepsis-data/data/output/raw_data_phase2_v2/df_all_layer1.parquet
2026-05-21 00:11:41 | INFO     | __main__ | Loading dataframe from /work/InternalMedicine/s223850/Sepsis-data/data/output/raw_data_phase2_v2/df_agg_vent.parquet
2026-05-21 00:16:42 | INFO     | __main__ | Loading dataframe from /work/InternalMedicine/s223850/Sepsis-data/data/output/raw_data_phase2_v2/df_all_layer1.parquet
2026-05-21 00:16:43 | INFO     | __main__ | Loading dataframe from /work/InternalMedicine/s223850/Sepsis-data/data/output/raw_data_phase2_v2/df_all.parquet
2026-05-21 00:16:43 | INFO     | __main__ | Loading dataframe from /work/InternalMedicine/s223850/Sepsis-data/data/output/raw_data_phase2_v2/df_agg_vent.parquet
2026-05-21 00:20:24 | INFO     | __main__ | Loading dataframe from /work/InternalMedicine/s223850/Sepsis-data/data/output/raw_data_phase2_v2/df_all_layer1.parquet
2026-05-21 00:20:24 | INFO     | __main__ | Loading dataframe from /work/InternalMedicine/s223850/Sepsis-data/data/output/raw_data_phase2_v2/df_all.parquet
2026-05-21 00:20:25 | INFO     | __main__ | Loading dataframe from /work/InternalMedicine/s223850/Sepsis-data/data/output/raw_data_phase2_v2/df_sirs_filled.parquet
2026-05-21 00:20:25 | INFO     | __main__ | Loading dataframe from /work/InternalMedicine/s223850/Sepsis-data/data/output/raw_data_phase2_v2/df_agg.parquet
2026-05-21 00:20:33 | INFO     | src.events.ventprocessor | Computing Vent Status
2026-05-21 00:20:34 | INFO     | src.events.ventprocessor | Joining vent events to the aggregated table from EventAggregator
2026-05-21 00:33:32 | INFO     | __main__ | Loading dataframe from /work/InternalMedicine/s223850/Sepsis-data/data/output/raw_data_phase2_v2/df_all_layer1.parquet
2026-05-21 00:33:32 | INFO     | __main__ | Loading dataframe from /work/InternalMedicine/s223850/Sepsis-data/data/output/raw_data_phase2_v2/df_all.parquet
2026-05-21 00:33:33 | INFO     | __main__ | Loading dataframe from /work/InternalMedicine/s223850/Sepsis-data/data/output/raw_data_phase2_v2/df_sirs_filled.parquet
2026-05-21 00:33:33 | INFO     | __main__ | Loading dataframe from /work/InternalMedicine/s223850/Sepsis-data/data/output/raw_data_phase2_v2/df_agg.parquet
2026-05-21 00:46:55 | INFO     | __main__ | Loading dataframe from /work/InternalMedicine/s223850/Sepsis-data/data/output/raw_data_phase2_v2/df_all_layer1.parquet
2026-05-21 00:46:55 | INFO     | __main__ | Loading dataframe from /work/InternalMedicine/s223850/Sepsis-data/data/output/raw_data_phase2_v2/df_all.parquet
2026-05-21 00:46:56 | INFO     | __main__ | Loading dataframe from /work/InternalMedicine/s223850/Sepsis-data/data/output/raw_data_phase2_v2/df_sirs_filled.parquet
2026-05-21 00:46:56 | INFO     | __main__ | Loading dataframe from /work/InternalMedicine/s223850/Sepsis-data/data/output/raw_data_phase2_v2/df_agg.parquet
2026-05-21 00:48:06 | INFO     | __main__ | Loading dataframe from /work/InternalMedicine/s223850/Sepsis-data/data/output/raw_data_phase2_v2/df_all_layer1.parquet
2026-05-21 00:48:06 | INFO     | __main__ | Loading dataframe from /work/InternalMedicine/s223850/Sepsis-data/data/output/raw_data_phase2_v2/df_all.parquet
2026-05-21 00:48:09 | INFO     | __main__ | Loading dataframe from /work/InternalMedicine/s223850/Sepsis-data/data/output/raw_data_phase2_v2/df_sirs_filled.parquet
2026-05-21 00:48:09 | INFO     | __main__ | Loading dataframe from /work/InternalMedicine/s223850/Sepsis-data/data/output/raw_data_phase2_v2/df_agg.parquet
2026-05-21 00:48:47 | INFO     | __main__ | Loading dataframe from /work/InternalMedicine/s223850/Sepsis-data/data/output/raw_data_phase2_v2/df_all_layer1.parquet
2026-05-21 00:48:48 | INFO     | __main__ | Loading dataframe from /work/InternalMedicine/s223850/Sepsis-data/data/output/raw_data_phase2_v2/df_all.parquet
2026-05-21 00:48:50 | INFO     | __main__ | Loading dataframe from /work/InternalMedicine/s223850/Sepsis-data/data/output/raw_data_phase2_v2/df_sirs_filled.parquet
2026-05-21 00:48:50 | INFO     | __main__ | Loading dataframe from /work/InternalMedicine/s223850/Sepsis-data/data/output/raw_data_phase2_v2/df_agg.parquet
2026-05-21 00:50:56 | INFO     | __main__ | Loading dataframe from /work/InternalMedicine/s223850/Sepsis-data/data/output/raw_data_phase2_v2/df_all_layer1.parquet
2026-05-21 00:50:56 | INFO     | __main__ | Loading dataframe from /work/InternalMedicine/s223850/Sepsis-data/data/output/raw_data_phase2_v2/df_all.parquet
2026-05-21 00:50:58 | INFO     | __main__ | Loading dataframe from /work/InternalMedicine/s223850/Sepsis-data/data/output/raw_data_phase2_v2/df_sirs_filled.parquet
2026-05-21 00:50:59 | INFO     | __main__ | Loading dataframe from /work/InternalMedicine/s223850/Sepsis-data/data/output/raw_data_phase2_v2/df_agg.parquet
2026-05-21 00:59:54 | INFO     | __main__ | Loading dataframe from /work/InternalMedicine/s223850/Sepsis-data/data/output/raw_data_phase2_v2/df_all_layer1.parquet
2026-05-21 00:59:55 | INFO     | __main__ | Loading dataframe from /work/InternalMedicine/s223850/Sepsis-data/data/output/raw_data_phase2_v2/df_all.parquet
2026-05-21 00:59:55 | INFO     | __main__ | Loading dataframe from /work/InternalMedicine/s223850/Sepsis-data/data/output/raw_data_phase2_v2/df_sirs_filled.parquet
2026-05-21 00:59:55 | INFO     | __main__ | Loading dataframe from /work/InternalMedicine/s223850/Sepsis-data/data/output/raw_data_phase2_v2/df_agg.parquet
2026-05-21 00:59:55 | INFO     | src.events.ventprocessor | Computing Vent Status
2026-05-21 00:59:55 | INFO     | src.events.ventprocessor | Joining vent events to the aggregated table from EventAggregator
2026-05-21 01:00:04 | INFO     | __main__ | Loading dataframe from /work/InternalMedicine/s223850/Sepsis-data/data/output/raw_data_phase2_v2/df_agg_vent.parquet
2026-05-21 01:00:04 | INFO     | __main__ | Joining baseline values to aggregated dataframe. Baseline columns: ['Baseline_Creatinine', 'Baseline_eGFR', 'Baseline_Bilirubin', 'Baseline_Platelets', 'Baseline_SBP', 'Baseline_RespiratoryRate', 'Baseline_PulseRate', 'Baseline_WBC']
2026-05-21 01:00:07 | INFO     | src.events.organdysfunction.organdysfunction | (IF needed) Joining baseline values to aggregated dataframe for organ dysfunction calculation.
2026-05-21 01:00:07 | INFO     | src.events.organdysfunction.organdysfunction | Calculating pulmonary dysfunction flag.
2026-05-21 01:00:07 | INFO     | src.events.organdysfunction.organdysfunction | ----------------------------------------------------------------------------------
2026-05-21 01:00:07 | INFO     | src.events.organdysfunction.organdysfunction | Calculating coagulation dysfunction flag.
2026-05-21 01:00:07 | INFO     | src.events.organdysfunction.organdysfunction | ----------------------------------------------------------------------------------
2026-05-21 01:00:07 | INFO     | src.events.organdysfunction.organdysfunction | Calculating cardiovascular dysfunction flag.
2026-05-21 01:00:07 | INFO     | src.events.organdysfunction.organdysfunction | ----------------------------------------------------------------------------------
2026-05-21 01:00:07 | INFO     | src.events.organdysfunction.organdysfunction | Calculating renal dysfunction flag.
2026-05-21 01:00:07 | INFO     | src.events.organdysfunction.organdysfunction | ----------------------------------------------------------------------------------
2026-05-21 01:00:07 | INFO     | src.events.organdysfunction.organdysfunction | Calculating hepatic dysfunction flag.
2026-05-21 01:00:07 | INFO     | src.events.organdysfunction.organdysfunction | ----------------------------------------------------------------------------------
2026-05-21 01:00:07 | INFO     | src.events.organdysfunction.organdysfunction | Calculating neurological dysfunction flag.
2026-05-21 01:00:07 | INFO     | src.events.organdysfunction.organdysfunction | ----------------------------------------------------------------------------------
2026-05-21 01:00:07 | INFO     | src.events.organdysfunction.organdysfunction | Joining organ dysfunction flag dataframes to create final organ dysfunction dataframe.
2026-05-21 01:00:08 | INFO     | src.events.organdysfunction.organdysfunction | All flag frames are the same length and have the same indices.
2026-05-21 01:00:08 | INFO     | src.events.organdysfunction.organdysfunction | ----------------------------------------------------------------------------------
2026-05-21 01:00:08 | INFO     | src.events.organdysfunction.organdysfunction | Calculating total organ dysfunction flag by summing individual organ dysfunction flags.
2026-05-21 01:00:08 | INFO     | __main__ | Organ dysfunction labels saved. Saving dataframe to /work/InternalMedicine/s223850/Sepsis-data/data/output/raw_data_phase2_v2/df_organdysfunction.parquet
2026-05-21 01:00:09 | INFO     | __main__ | =================================================================================
2026-05-21 01:00:09 | INFO     | src.events.septicshock | Calculating septic shock criteria.
2026-05-21 01:00:09 | INFO     | src.events.septicshock | Calculating SBP<90 flag for septic shock criteria.
2026-05-21 01:00:09 | INFO     | src.events.septicshock | Calculating SBP delta>40 flag for septic shock criteria.
2026-05-21 01:00:09 | INFO     | src.events.septicshock | -----------------------------------------------------------------------------------
2026-05-21 01:00:09 | INFO     | src.events.septicshock | Calculating MAP<65 flag for septic shock criteria.
2026-05-21 01:00:09 | INFO     | src.events.septicshock | -----------------------------------------------------------------------------------
2026-05-21 01:00:09 | INFO     | src.events.septicshock | Calculating lactate>4 flag for septic shock criteria.
2026-05-21 01:00:09 | INFO     | src.events.septicshock | -----------------------------------------------------------------------------------
2026-05-21 01:00:09 | INFO     | src.events.septicshock | Calculating vasopressor flag for septic shock criteria.
2026-05-21 01:00:09 | INFO     | src.events.septicshock | -----------------------------------------------------------------------------------
2026-05-21 01:00:09 | INFO     | __main__ | Septic shock labels saved. Saving dataframe to /work/InternalMedicine/s223850/Sepsis-data/data/output/raw_data_phase2_v2/df_septicshock.parquet
2026-05-21 01:00:09 | INFO     | __main__ | Loading dataframes from /work/InternalMedicine/s223850/Sepsis-data/data/output/raw_data_phase2_v2
2026-05-21 01:00:44 | INFO     | __main__ | Sepsis 1 labels saved. Saving dataframe to /work/InternalMedicine/s223850/Sepsis-data/data/output/raw_data_phase2_v2/df_sepsis1.parquet
2026-05-21 01:00:44 | INFO     | __main__ | Sepsis 2 labels saved. Saving dataframe to /work/InternalMedicine/s223850/Sepsis-data/data/output/raw_data_phase2_v2/df_sepsis2.parquet
2026-05-21 01:00:44 | INFO     | __main__ | Sepsis 3 labels saved. Saving dataframe to /work/InternalMedicine/s223850/Sepsis-data/data/output/raw_data_phase2_v2/df_sepsis3.parquet
